Cl[Cu].[Cu].[O-]C(=O)c1cc(cc(c1)C(=O)[O-])C(=O)[O-]&&the.cat0;ABEMIF,0.8929
N#C[C](C(=S)[S])C#N.[Cu].[Cu]12[Cu]3[Cu]4[Cu]2[Cu]2[Cu]1[Cu]3[Cu]42&&kgd.cat1;ABIYIV,0.8837
[Co].[O-]C(=O)C1=NC=N[C]1C(=O)[O-].n1ccc(cc1)c1ccncc1&&UNKNOWN.cat0;ACATAB,0.8954
[Ag].[O-]C(=O)C1CCC(CC1)C(=O)[O-].n1ccc(cc1)c1ccncc1&&ERROR.cat2;ACATEF,0.8831
[Ag][Ag].[O-]C(=O)C1CCC(CC1)C(=O)[O-].n1ccc(cc1)c1ccncc1&&sql.cat0;ACEKOK,0.8847
C1=N[CH]N([N]1)Cc1nc2c([nH]1)cccc2.[O-]C(=O)c1ccc(cc1)C(=O)[O-].[OH2][Cd]&&hcb.cat0;ACEMAY,0.9016
[O-]C(=O)c1c(I)c(I)c(c(c1I)I)C(=O)[O-].[Zn]&&ERROR.cat1;ACENIF,0.892
[O-]C(=O)C.[O]C(c1ccccn1)(c1ccccn1)[O].[Zn]&&UNKNOWN.cat0;ACIBOE,0.8968
[O-]C(=O)c1cc(cc(c1)C(=O)[O-])C(=O)[O-].[O][Zn][O]([Zn][O])[Zn]&&sab.cat0;ACMPCD,0.8968
"[N]=C1[C]=[C]N(C(=O)[N]1)[C]1O[C]([C]([C]1[O])[O])[C]OP(=O)([O])[O].[O][C]1[C]([O])[C](O[C]1N1[C]=[C]C(=NC1=O)[N])[C]OP(=O)([O])[O].[O][Cd]&&UNKNOWN,bcu-f.cat0;ACODON",0.8871
Br[Zn]Br.O=C(N1CCN(CCN(CCN(CC1)C(=O)Nc1ccncc1)C(=O)Nc1ccncc1)C(=O)Nc1ccncc1)Nc1ccncc1&&sql.cat0;ACOFUU,0.9019
I[Cd]I.O=C(N1CCN(CCN(CCN(CC1)C(=O)Nc1ccncc1)C(=O)Nc1ccncc1)C(=O)Nc1ccncc1)Nc1ccncc1&&lvt.cat0;ACOGEF,0.8599
"[Cd].[O-]C(=O)c1ccc(cc1)OCC(COc1ccc(cc1)C(=O)[O-])(COc1ccc(cc1)C(=O)[O-])COCC(COc1ccc(cc1)C(=O)[O-])(COc1ccc(cc1)C(=O)[O-])COc1ccc(cc1)C(=O)[O-].c1ncn(c1)c1ccc(cc1)n1cncc1&&sql,UNKNOWN.cat1;ACOLUB",0.8926
"[O-]C(=O)C1=[C]C(=[C][C]([C]1)[C][C]C1=[C]C(=[C]C(=[C]1)C(=O)[O-])C(=O)[O-])C(=O)[O-].[O-]C(=O)[C]1[C]C(=[C][C]([C]1)C(=O)[O-])[C][C]C1=[C]C(=[C]C(=[C]1)C(=O)[O-])C(=O)[O-].[O][Cu][Cr][O].[O][Cu][Cu][O]&&nbo,fog.cat0;ACUJOZ",0.8966
"[O-]C(=O)c1cc(N=Nc2ccc(cc2)OCc2cc(COc3ccc(cc3)N=Nc3cc(cc(c3)C(=O)[O-])C(=O)[O-])cc(c2)COc2ccc(cc2)N=Nc2cc(cc(c2)C(=O)[O-])C(=O)[O-])cc(c1)C(=O)[O-].[O][Zn][Zn][O]&&ERROR,ntt.cat0;ADATAC",0.8925
[Co].[O-]C(=O)c1ccc(cc1)C(=O)[O-].[O-][n+]1ccc(cc1)c1cc[n+](cc1)[O-]&&UNKNOWN.cat0;ADAXIO,0.8605
"O=C[C](c1ccncc1)C=O.[Cu]&&rtl,sql.cat0;ADIPUA",0.6129
"[Co].[O]C=C(c1ccncc1)C=O&&rtl,sql.cat0;ADIQEL",0.552
[Ni].[O].[V].n1ccc(cc1)c1ccncc1&&UNKNOWN.cat0;ADOCAY,0.8273
[Ni].[O].[V].n1ccc(cc1)c1ccncc1&&UNKNOWN.cat0;ADOCIG,0.8257
[La].[O-]C(=O)c1ccc(cc1)OCC(COc1ccc(cc1)C(=O)[O-])(COc1ccc(cc1)C(=O)[O-])COCC(COc1ccc(cc1)C(=O)[O-])(COc1ccc(cc1)C(=O)[O-])COc1ccc(cc1)C(=O)[O-]&&UNKNOWN.cat0;ADODII,0.8581
[Eu].[O-]C(=O)c1ccc(cc1)OCC(COc1ccc(cc1)C(=O)[O-])(COc1ccc(cc1)C(=O)[O-])COCC(COc1ccc(cc1)C(=O)[O-])(COc1ccc(cc1)C(=O)[O-])COc1ccc(cc1)C(=O)[O-]&&UNKNOWN.cat0;ADODOO,0.8522
[O-]C(=O)c1ccc(cc1)OCC(COc1ccc(cc1)C(=O)[O-])(COc1ccc(cc1)C(=O)[O-])COCC(COc1ccc(cc1)C(=O)[O-])(COc1ccc(cc1)C(=O)[O-])COc1ccc(cc1)C(=O)[O-].[Tb]&&UNKNOWN.cat0;ADODUU,0.8521
[C]#N.[Fe].[O][Co][O]&&ERROR.cat1;ADUBAE,0.8915
[Cu].[O-]C(=O)c1cc(cc(c1)S([O])([O])[O])C(=O)[O-]&&hcb.cat1;ADUREW,0.9027
O=C(c1cncc(c1)C(=O)Nc1ccc(cc1)C(=O)[O-])Nc1ccc(cc1)C(=O)[O-].[O][Zn]&&pbz.cat1;ADUROI,0.8971
[O-]C(=O)c1cccc(c1)OCc1c(COc2cccc(c2)C(=O)[O-])c(COc2cccc(c2)C(=O)[O-])c(c(c1COc1cccc(c1)C(=O)[O-])COc1cccc(c1)C(=O)[O-])COc1cccc(c1)C(=O)[O-].[O][Ni][O]&&soc.cat0;ADUWON,0.8599
[Cu].n1ccc(cc1)c1ccncc1&&sql.cat0;AFEHUO,0.8892
[O][Cu].n1ccc(cc1)c1ccncc1&&UNKNOWN.cat1;AFEJEA,0.1708
O=N(=O)N(=O)=O.[Cu].[O][N][N]([O])([O])[O].n1ccc(cc1)c1ccncc1&&bnn.cat0;AFEJOK,0.8502
[O-]C(=O)c1ccc(cc1)C#Cc1ccc(cc1)C(=O)[O-].[Zn].n1ccc(cc1)c1ccncc1&&dia.cat0;AFITEP,0.8301
Cc1cc(ccc1C#Cc1ccc(cc1C)C(=O)[O-])C(=O)[O-].[Zn][Zn].n1ccc(cc1)c1ccncc1&&pcu.cat2;AFITIT,0.865
[O-]C(=O)c1ccc(cc1)c1ccc(cc1)C(=O)[O-].[Sm]&&tsy.cat0;AFOTUL,0.7382
[La].[O-]C(=O)c1ccc(cc1)c1ccc(cc1)C(=O)[O-]&&tsy.cat0;AFOVAT,0.4841
[Ce].[O-]C(=O)c1ccc(cc1)c1ccc(cc1)C(=O)[O-]&&tsy.cat0;AFOVEX,0.3595
[Gd].[O-]C(=O)c1ccc(cc1)c1ccc(cc1)C(=O)[O-]&&tsy.cat0;AFOVIB,0.8589
"[Mn].[O-]C(=O)c1ccc(cc1)OCC(COc1ccc(cc1)C(=O)[O-])(COc1ccc(cc1)C(=O)[O-])COCC(COc1ccc(cc1)C(=O)[O-])(COc1ccc(cc1)C(=O)[O-])COc1ccc(cc1)C(=O)[O-]&&pts,UNKNOWN.cat0;AFUJUI",0.8878
"[Mn].[O-]C(=O)c1ccc(cc1)OCC(COc1ccc(cc1)C(=O)[O-])(COc1ccc(cc1)C(=O)[O-])COCC(COc1ccc(cc1)C(=O)[O-])(COc1ccc(cc1)C(=O)[O-])COc1ccc(cc1)C(=O)[O-].c1ncn(c1)c1ccc(cc1)n1cncc1&&sql,UNKNOWN.cat1;AFUKAP",0.8924
[Mn].[O-]C(=O)c1ccc(cc1)OCC(COc1ccc(cc1)C(=O)[O-])(COc1ccc(cc1)C(=O)[O-])COCC(COc1ccc(cc1)C(=O)[O-])(COc1ccc(cc1)C(=O)[O-])COc1ccc(cc1)C(=O)[O-].[OH2][Mn].c1ncn(c1)c1ccc(cc1)n1cncc1&&UNKNOWN.cat0;AFUKET,0.7918
[Mn].[O]N1[C](C2=Nc3c([N]2)cccc3)N(C(C1(C)C)(C)C)[O].[O]N1[C](C2=Nc3c([N]2)cccc3)N(C(C1(C)C)([C])[C])[O]&&hcb.cat1;AGADUI,0.8748
[O-]C(=O)[O-].[O-]C(=O)c1[nH][n-]c(c1)C(=O)[O-].[OH2][La]&&UNKNOWN.cat0;AGARUW,0.5117
[O-]C(=O)c1ccc(c2c1CC2)C(=O)[O-].[OH2][Zn][Zn][OH2]&&sql.cat0;AGAWUA,0.8915
[Fe][Fe].[O-]C(=O)c1ccc(cc1)c1ccc(cc1)C(=O)[O-]&&sql.cat1;AGAXIP,0.8874
[Cu].[Cu][Cu].[O-]C(=O)c1ccc(cc1)c1c(C)[n-]n(c1C)Cn1[n-]c(c(c1C)[C])C&&ERROR.cat3;AGOFEJ,0.881
Oc1cc(cc(c1)C(=O)[O-])C(=O)[O-].[Zn].[n-]1[nH]cc(c1)Cc1c[nH][n-]c1&&ERROR.cat0;AGOHOV,0.7364
[In][O]([In])[In].[O-]C(=O)c1ccc(cc1)c1ccc(cc1)C(=O)[O-]&&ERROR.cat1;AGOVID,0.8766
[In][O]([In])[In].[O-]C(=O)c1ccc(cc1)C(=O)[O-]&&ERROR.cat1;AGOWAW,0.8415
[In][O]([In])[In].[O-]C(=O)c1ccc(cc1)C(=O)[O-]&&ERROR.cat1;AGOWEA,0.8183
Cl[Ni]Cl.[C]#Cc1ccncc1.[Pt]&&ERROR.cat0;AHAYIT,0.8287
Cl[Co]Cl.[CH]N=CC=[C]C#[C].[C]#Cc1ccncc1.[Pt]&&ERROR.cat0;AHAYOZ,0.8363
Br[Cd]Br.[C]#Cc1ccncc1.[Pt]&&ERROR.cat1;AHAYUF,0.8838
[Cu].[O-]C(=O)c1ccccc1C(=O)[O-].n1ccc(cc1)Nc1ccncc1&&ERROR.cat0;AHORUL,0.9008
"[Cd].[O-]C(=O)Cn1nnc(c1)c1cc(c2nnn(c2)CC(=O)[O-])c(c(c1C)c1c(C)c(cc(c1C)c1nnn(c1)CC(=O)[O-])c1nnn(c1)CC(=O)[O-])C&&sql,bex.cat1;AHOZII",0.8877
[C].[C]1=[C][C]=[C][C]=[C]1.[C]=O.[O].[O].[C]=[C][C][C]=[C].[C][C]=O.[C]=O.[C][C][C]=[C].[C][Sn].[O-]C(=O)[C].[O-]C(=O)[C][C].[O-][C]=O.[O-][C]=O.[O].[Sn]&&ERROR.cat8;AJOLAM,0.8914
[O-]C(=O)[C][C][C]C(=O)[O-].[O-]C(=O)[C][C][C][C]C(=O)[O-].[Sn]&&ERROR.cat0;AJOLAM01,0.9006
[O-]C(=O)[C][C].[O-]C(=O)[C][C][C]C(=O)[O-].[Sn]&&ERROR.cat1;AJOLAM02,0.8933
[Cd].[O-]C(=O)c1cc(ccc1C(=O)[O-])C(C(F)(F)F)(C(F)(F)F)c1ccc(c(c1)C(=O)[O-])C(=O)[O-].[OH2][Cd]&&UNKNOWN.cat0;AJOVEB,0.8853
O=C(c1ccncc1)Oc1cc(OC(=O)c2ccncc2)cc(c1)OC(=O)c1ccncc1.[Cu][Cu](I)I&&hcb.cat1;AKAXIU,0.9005
O=C(c1ccncc1)Oc1cc(OC(=O)c2ccncc2)cc(c1)OC(=O)c1ccncc1.[Cu][Cu](I)I&&hcb.cat1;AKAXOA,0.9035
O=C(c1ccncc1)Oc1cc(OC(=O)c2ccncc2)cc(c1)OC(=O)c1ccncc1.[Cu][Cu](I)I&&hcb.cat1;AKAYAN,0.8984
O=C(c1ccncc1)Oc1cc(OC(=O)c2ccncc2)cc(c1)OC(=O)c1ccncc1.[Cu][Cu](I)I&&hcb.cat1;AKAYER,0.8968
O=C(c1ccncc1)Oc1cc(OC(=O)c2ccncc2)cc(c1)OC(=O)c1ccncc1.[Cu]Br&&ths.cat1;AKAYIV,0.5111
"[O-]C(=O)c1cc(cc(c1)C(=O)[O-])n1c(=O)c2c(c1=O)cc1c(c2)c(=O)n(c1=O)c1cc(cc(c1)C(=O)[O-])C(=O)[O-].[Zn]&&pts,tfi.cat0;ALANAD",0.896
[Cu].[N]1=CN=NC=1&&srs.cat0;ALICEE,0.8937
C1=N[N]C=N1.[Cu].[N]1C=NN=C1&&srs.cat0;ALICII,0.9021
[Cd].[Se]1[Re]234[Re]5671[Se][Re]5([Se]2)([Se]3)[Re]1237[Re]4([Se][Re]6([Se]2)[Se]3)[Se]1.[Se]1[Re]2[Se][Re]341[Se][Re]3([Se]2)[Re]123[Re]4([Se][Re]([Se]2)[Se]3)[Se]1.n1ccc(cc1)c1ccncc1&&ERROR.cat1;ALIWAT,0.8665
Oc1cc(cc(c1)C(=O)[O-])C(=O)[O-].[In].[O-]C(=O)c1ccc(cc1)C=Cc1ccc(cc1)C(=O)[O-]&&npo.cat2;ALOLOD,0.8919
[Ce].[O-]C(=O)c1ccc(cc1)N=Nc1ccc(cc1)C(=O)[O-]&&pcu.cat1;ALUKIC,0.4187
[O-]C(=O)c1ccc(cc1)N=Nc1ccc(cc1)C(=O)[O-].[Sm]&&pcu.cat1;ALUKOI,0.8154
[Gd].[O-]C(=O)c1ccc(cc1)N=Nc1ccc(cc1)C(=O)[O-]&&pcu.cat1;ALULAV,0.8915
[Cu].[O-]C(=O)c1cncnc1&&nbo.cat0;AMAFUQ,0.8592
[Cu].[O-]C(=O)c1cncnc1&&nbo.cat0;AMAGAX,0.8696
[O-]C(=O)C1=C[C]=C(C=[C]1)C(=O)[O-].[O-]C(=O)c1ccc(cc1)C(=O)[O-].[O][Zn][O]&&ERROR.cat1;AMAPUZ,0.8983
C1N2CN3CN1CN(C2)C3.[O-]C(=O)c1ccc2c(c1)ccc(c2)C(=O)[O-].[Zn].[Zn][Zn]&&UNKNOWN.cat0;AMILOY,0.7335
C1N2CN3CN1CN(C2)C3.[O-]C(=O)c1ccc2c(c1)ccc(c2)C(=O)[O-].[Zn].[Zn][Zn]&&UNKNOWN.cat0;AMILUE,0.785
C1N2CN3CN1CN(C2)C3.[O-]C(=O)c1ccc2c(c1)ccc(c2)C(=O)[O-].[Zn].[Zn][Zn]&&UNKNOWN.cat0;AMIMAL,0.7176
C1=[N]=C2[CH]C(=N1)Oc1cccc(c1)OC1=NC=[N]=C(Oc3cc(O2)ccc3)[CH]1.[Ag]&&UNKNOWN.cat1;AMIYIF,0.8438
NC(=S)NN=CC=NNC(=S)N.[Cu]1[Cu][Cu][Cu]1.[I]&&ERROR.cat1;AMOCAH,0.8977
[Eu].[O-]C(=O)c1ccc(cc1)C=Cc1ccc(cc1)C(=O)[O-]&&pcu.cat1;AMOFAK,0.2841
[O-]C(=O)Cc1ccc(cc1)CC(=O)[O-].[Zn].n1ccc(cc1)C=Cc1ccc(cc1)C=Cc1ccncc1&&dia.cat0;AMOYOR,0.8588
[Cu].[O-]C(=O)c1ccc(cc1)C=Cc1ccncc1.[O-]C(=O)c1nc(C(=O)[O-])c(cc1C(=O)[O-])C(=O)[O-].[O][Cu]([O])[O]&&ERROR.cat0;AMUWUB,0.8911
[Cu].[O-]C(=O)c1ccc(cc1)C=Cc1ccncc1.[O-]C(=O)c1nc(C(=O)[O-])c(cc1C(=O)[O-])C(=O)[O-].[O][Cu]&&ERROR.cat0;AMUXAI,0.8914
C(Cc1ccncc1)Cc1ccncc1.[Co][O]1[Co][O]([Co]21[O]([Co])[Co][O]2[Co])[Co].[O-]C(=O)C12[CH]C3(C(=O)[O-])C4[CH]C2C1[CH]C34.[O-]C(=O)c1cccc(c1)C(=O)[O-]&&ERROR.cat0;ANIDIL,0.8686
"[O-]C(=O)c1ccc(cc1)c1cc(cc(c1)c1cc(cc(c1)C(=O)[O-])C(=O)[O-])c1cc(cc(c1)C(=O)[O-])C(=O)[O-].[Zn]&&bnn,UNKNOWN.cat0;ANUGUM",0.8939
O=C1C(=O)C(=O)C1=O.[OH2][Co][OH2]&&ERROR.cat3;AQEKOX,0.8936
O=C1C(=O)C(=O)C1=O.[OH2][Mn][OH2]&&ERROR.cat3;AQEKUD,0.8954
[Zn].n1ccc(cc1)c1ccncc1&&ERROR.cat1;AQIRAT,0.2035
[Cd].[O-]C(=O)c1cc(cc(c1)C(=O)O)C(=O)[O-]&&ERROR.cat2;ARICOT,0.8461
[CH]=[C]OCC12CO[C]=CC=C([CH])C(=O)O[Cd]34(O[C](c5ccc(OC1)cc5)O3)(O[C](c1ccc(OC2)cc1)O4)[O].[CH]C(=CC=[C]OCC(COc1ccc(cc1)C(=O)[O-])(COc1ccc(cc1)C(=O)[O-])COc1ccc(cc1)C(=O)[O-])C(=O)[O-].[Cd].[O-]C(=O)[C].[O][CH]C(COc1ccc(cc1)C(=O)[O-])(COC(=[CH])C=C[C]C(=O)[O-])COC(=CC=[C]C(=O)[O-])[CH].[O][Cd][O]&&ERROR.cat0;AROFAP,0.8561
"[Cd].[O-]C(=O)c1ccc(cc1)OCC(COc1ccc(cc1)C(=O)[O-])(COc1ccc(cc1)C(=O)[O-])COc1ccc(cc1)C(=O)[O-].[O][Cd][O]&&UNKNOWN,kgd.cat0;AROFET",0.8872
[OH2][Zn][OH2].n1ccc(cc1)c1nnc(o1)c1ccncc1&&ERROR.cat0;ASAFAB,0.8549
[OH2][Zn][OH2].n1ccc(cc1)c1nnc(o1)c1ccncc1&&ERROR.cat1;ASAFEF,0.8993
Cc1[nH][n-]c(c1Cc1c(C)[n-][nH]c1C)C.[Zn]&&ERROR.cat3;ASEKUE,0.8862
[Cu].n1ccc(cc1)c1nnc(o1)c1ccncc1&&ERROR.cat1;ASEPOD,0.8273
[O-]C(=O)c1ccccc1SSc1ccccc1C(=O)[O-].[OH2][Zn][Zn][OH2]&&UNKNOWN.cat1;ASUBIZ,0.8933
[Mn].[O-]C=O&&met.cat0;ATIBAG,0.891
[Mn].[O-]C=O&&met.cat0;ATIBOU,0.8918
[Mn].[O-]C=O&&met.cat0;ATICAH,0.8921
[O-]C(=O)c1ccc(cc1)C(=O)[O-].[O].[V]&&UNKNOWN.cat0;ATOTIM,0.8339
CC1=[N]=C(N=N1)C.[O-]C(=O)c1ccc(cc1)C(=O)O.[Zn].[Zn][Zn]&&ERROR.cat0;ATOWIQ,0.9017
CC1=[N]=C(N=N1)C.[O-]C(=O)c1ccc(cc1)C(=O)O.[Zn].[Zn][Zn]&&ERROR.cat0;ATOWOW,0.8952
CCn1c2ccc(cc2c2c1ccc(c2)n1cncc1)n1cncc1.[Co]&&sql.cat0;ATUYEU,0.6959
O=C(c1ccncc1)Nc1ccc(cc1)Oc1ccc(cc1)NC(=O)c1ccncc1.[Co]&&UNKNOWN.cat1;AVAPIW,0.8908
NCC(C(CN)N)N.[C]#N.[Cu].[Te]1[Re]234[Re]561[Re]1782[Re]24([Re]435[Re]612([Te]8)[Te]4)[Te]7&&ERROR.cat1;AVEJAM,0.8814
NCC(C(CN)N)N.[Cu]&&ERROR.cat0;AVEJEQ,0.8779
[Cu].[O-]C(=O)C([NH])C.n1ccc(cc1)C=Cc1ccncc1&&tsi.cat0;AVELOD,0.8964
[Ni].[O-]C(=O)C([NH])C.n1ccc(cc1)C=Cc1ccncc1&&dia.cat0;AVEMAQ,0.8939
Cl[Cd].[N]1=CN=NC=1&&UNKNOWN.cat0;AVEROJ,0.8961
"[O-]C(=O)c1cc(OCc2ccc(cc2)c2ccc(cc2)COc2cc(cc(c2)C(=O)[O-])C(=O)[O-])cc(c1)C(=O)[O-].[OH2][Zn][OH2].[Zn]&&sql,UNKNOWN.cat0;AVIMOI",0.8454
[Ag].n1ccc(cc1)c1sc(c(c1c1ccncc1)c1ccncc1)c1ccncc1&&pts.cat0;AVIVOQ,0.5826
O=C(c1ccncc1)NCCc1ccncc1.[Co]&&sql.cat0;AVUBIC,0.8468
[O-]C(=O)CC(=O)[O-].[Zn].c1ncn(c1)c1ccc(cc1)N(c1ccc(cc1)n1cncc1)c1ccc(cc1)n1cncc1&&UNKNOWN.cat0;AWEDOW,0.8915
[O-]C(=O)c1cc(cc(c1)c1ccc(cc1)C(=O)[O-])c1ccc(cc1)C(=O)[O-].[OH2][Cd].[OH2][Cd][OH2]&&UNKNOWN.cat0;AWEJIW,0.8488
[C]#N.[Fe].[Ni]&&ERROR.cat0;AXEWAB,0.8851
[Co].[O-]C(=O)c1ccc(cc1)c1cc(cc(c1)c1ccc(cc1)C(=O)[O-])c1ccc(cc1)C(=O)[O-].[O][Co]([O])[O].[O][Co][O]&&UNKNOWN.cat0;AXINAX01,0.8987
[O-]C(=O)c1ccc(cc1)c1cc(cc(c1)c1ccc(cc1)C(=O)[O-])c1ccc(cc1)C(=O)[O-].[O][Co][O]([Co])[Co]&&sit.cat1;AXINIF,0.8918
C1=CC(=N[CH]1)[C](C1=N[CH]C=C1)c1ccncc1.[Cu].n1ccc(cc1)C(=C1C=CC=N1)C1=N[CH]C=C1.n1ccc(cc1)C(=C1C=CC=N1)[C]1N=CC=C1&&ERROR.cat0;AZEZAG,0.5118
COc1cc2Cc3cc(OC(=O)c4cccc(c4)c4cccnc4)c(cc3Cc3c(Cc2cc1OC(=O)c1cccc(c1)c1cccnc1)cc(OC)c(c3)OC(=O)c1cccc(c1)c1cccnc1)OC.[Co]&&ERROR.cat0;BAJYIW,0.8651
O=C1[C](Cl)C(=O)C(=O)C(=C1[O])Cl.[Ca].[Sn]&&sql.cat1;BAKBIA,0.8775
[Co].[O-]C(=O)c1cc(cc(c1)c1ccncc1)C(=O)[O-]&&UNKNOWN.cat0;BAKJEE,0.8839
"[Co][Co].[O-]C(=O)c1cc(cc(c1)c1ccncc1)C(=O)[O-]&&rtl,sql.cat0;BAKJII",0.8903
[Ni].n1ccc(cc1)c1ccc(cc1)c1ccc(cc1)c1ccncc1&&sql.cat1;BAPSUH01,0.791
O=C1C(=O)C(=O)C1=O.[OH2][Fe][OH2].n1ccc(cc1)c1ccncc1&&sql.cat1;BARXIC,0.881
O=C1C(=O)C(=O)C1=O.[OH2][Fe][OH2].n1ccc(cc1)c1ccncc1&&sql.cat1;BARXIC01,0.8863
CN1c2cncc(n2)N(C)c2cncc(n2)N(c2nc(N(c3nc1cnc3)C)cnc2)C.[Ag]&&bey.cat1;BARZIF,0.8819
Cl[Co]Cl.O=C(c1cccnc1)OCC(COC(=O)c1cccnc1)(COC(=O)c1cccnc1)COC(=O)c1cccnc1&&sql.cat1;BASJEL,0.8402
N1=[C][C]=C([C]=[C]1)C1=[C][C]=N[C]=[C]1.[S].[W]1[Ag][W][Ag]1.[Zn]&&ERROR.cat5;BASQAO,0.8938
[S].[W]1[Ag][W][Ag]1&&ERROR.cat3;BASQES,0.898
[Cu][Cu].[O-]C(=O)COc1ccc2c(c1Sc1c(OCC(=O)[O-])ccc3c1cccc3)cccc2&&sql.cat0;BAVFIP,0.8204
O=C1N2CN3C(=O)N4C5C3N3CN6C2C2N1CN1C(=O)N7C8C1N(CN2C6=O)C(=O)N8CN1C2N(C7)C(=O)N6C2N(C1=O)CN1C2C(N(C4)C(=O)N2C6)N(CN5C3=O)C1=O.[O][Dy]([O])([O])[O]&&ERROR.cat0;BAVLAN,0.7554
[Cd].[O-]C(=O)c1ccc(cc1)OC1COC2C1OCC2Oc1ccc(cc1)C(=O)[O-].[O][Cd][O]&&ERROR.cat1;BAXFEN,0.8648
C(C[P]c1ccccc1)CC[P]c1ccccc1.O=C(c1ccncc1)Nc1ccccc1NC(=O)c1ccncc1.[Au]&&ERROR.cat1;BAXNUK,0.73
CCOC(=O)c1ccc(cc1)C(=O)[O-].[Rh][Rh]&&sql.cat1;BAXQAU,0.8881
N1=NN=C([N]1)c1ccc2c(c1)ccc(c2)C1=NN=N[N]1.[Mn][O]([Mn])[Mn]&&acs.cat0;BAZJET,0.8376
[C].[O-]C(=O)C1=[C][C]=C([C]=[C]1)C(=O)[O-].[O-]C(=O)[C].[O-][C]=O.[Zn]&&ERROR.cat4;BECDIX,0.8924
[C].[C][C][C]=O.[C]=O.[Co].[N][Co].[O-]C(=O)[C]=[C].[O-][C]=O&&ERROR.cat3;BECDOD,0.8803
[Zn].n1ccc(cc1)C=Cc1ccncc1&&sql.cat3;BEDMOO,0.7091
[O-]C(=O)c1ccc(cc1)C1=C2C=CC3=[N]2[Fe]24(n5c1ccc5C(=C1[N]2=C(C=C1)C(=c1n4c(=C3c2ccc(cc2)C(=O)[O-])cc1)c1ccc(cc1)C(=O)[O-])c1ccc(cc1)C(=O)[O-])Cl.[O][Zr]123([O])[O]4[Zr]56[O]3[Zr]37([O]2[Zr]28[O]1[Zr]14([O]6[Zr]([O]53)([O]21)([O]78)([O])[O])([O])[O])([O])[O]&&csq.cat0;BEDYEQ,0.8751
Oc1cc(nc(c1)C(=O)[O-])C(=O)[O-].[Co].n1ccc(cc1)c1ccncc1&&UNKNOWN.cat1;BEGZEU,0.7108
Cl[Re][Re]Cl.[O-]C(=O)c1ccncc1.[Rh][Rh]&&ERROR.cat1;BEMHUX,0.8914
CC(C(=O)[O-])NCc1ccncc1.[Zn]&&UNKNOWN.cat0;BEPLUF,0.9005
CC(C(=O)[O-])NCc1ccncc1.[Zn]&&UNKNOWN.cat0;BEPMAM,0.9028
CC(C(=O)[O-])NCc1ccncc1.Cl[Zn]&&UNKNOWN.cat0;BEPMEQ,0.9035
CC(C(=O)[O-])NCc1ccncc1.Cl[Zn]&&UNKNOWN.cat0;BEPMIU,0.8996
CC(C(=O)[O-])[N]Cc1ccncc1.[Zn]&&UNKNOWN.cat0;BEPNIV,0.9011
CC(C(=O)[O-])[N]Cc1ccncc1.[Zn]&&UNKNOWN.cat0;BEPNOB,0.9021
CC(C(=O)[O-])NCc1ccncc1.[Zn]Br&&UNKNOWN.cat0;BEPNUH,0.8991
CC(C(=O)[O-])NCc1ccncc1.Cl[Zn]&&UNKNOWN.cat0;BEPPAP,0.8995
CC(C(C(=O)[O-])NCc1ccncc1)C.[Zn]&&UNKNOWN.cat0;BEPPIX,0.8943
CC(C(C(=O)[O-])[N]Cc1ccncc1)C.[Zn]&&UNKNOWN.cat0;BEPPOD,0.903
[Ni]123[O]456[Ni]78[O]9%101[Ni]14[O]427[Ni]59[O]381[Ni]6%104.[Ni][OH2]([Ni])[Ni].[O-]C(=O)c1ccc(cc1)c1cc(cc(n1)c1ccc(cc1)C(=O)[O-])c1ccncc1&&UNKNOWN.cat0;BEPREV01,0.869
Cc1[nH][n-]c(c1Cc1cccc(n1)Cc1c(C)[n-][nH]c1C)C.[C]#N.[Cu].[Cu][Cu]&&UNKNOWN.cat0;BEPVEZ,0.8721
Cc1[nH][n-]c(c1Cc1cccc(n1)Cc1c(C)[n-][nH]c1C)C.[C]#N.[Cu].[Cu][Cu]&&UNKNOWN.cat0;BEPVID,0.8506
Cc1[nH][n-]c(c1Cc1cccc(n1)Cc1c(C)[n-][nH]c1C)C.[C]#N.[Cu].[Cu][Cu]&&UNKNOWN.cat0;BEPVOJ01,0.8323
Cl[Cd].[O-]C(=O)c1cccc(c1)C1=C2C=CC3=[N]2[Cd]24(n5c1ccc5C(=C1[N]2=C(C=C1)C(=c1n4c(=C3c2cccc(c2)C(=O)[O-])cc1)c1cccc(c1)C(=O)[O-])c1cccc(c1)C(=O)[O-])[O]&&UNKNOWN.cat0;BEPWOK,0.8918
[Cu]1[Cu]O[Cu][Cu]O1.[O-]C(=O)c1cc(OCc2ccc(cc2)C(=O)[O-])cc(c1)OCc1ccc(cc1)C(=O)[O-]&&ERROR.cat0;BEPYIG,0.9011
O=C(c1cccnc1)NN=C([C]1C(=NN(C1=O)c1ccccc1)C)c1ccccc1.[Cd]&&UNKNOWN.cat1;BERKUG,0.884
[Cd].[O-]C(=O)c1ccc(c(c1Br)Br)C(=O)[O-]&&qtz.cat0;BERQEW,0.7986
[O-]C(=O)c1ccc(cc1)[C]=Nc1cc(cc(c1)C(=O)[O-])C(=O)[O-].[O][Dy]&&UNKNOWN.cat0;BETDEL,0.6374
N1=NN=C([N]1)c1cc(cc(c1)C1=NN=N[N]1)C1=NN=N[N]1.[O][Cd].[O][Cd]Cl&&the.cat0;BETHIT,0.9002
[O-]C(=O)c1cccc(c1)P(=O)(c1cccc(c1)C(=O)[O-])c1cccc(c1)C(=O)[O-].[O][Mn]O[Mn][O].[O][Mn][O]&&UNKNOWN.cat0;BETZOR,0.8288
[Ni].[O-]C(=O)c1ccc(nc1)c1ccc(cn1)C(=O)[O-]&&ERROR.cat2;BEVYUX,0.9002
[Ni].[O-]C(=O)c1ccc(nc1)c1ccc(cn1)C(=O)[O-]&&ERROR.cat2;BEVZAE01,0.9011
"[O-]C(=O)c1ccc(cc1)c1cc(cc(c1)C1=C2C=CC3=[N]2[Zn]24(n5c1ccc5C(=C1[N](=C(C(=c5n4c(=C3c3cc(cc(c3)c3ccc(cc3)C(=O)[O-])c3ccc(cc3)C(=O)[O-])cc5)c3cc(cc(c3)c3ccc(cc3)C(=O)[O-])c3ccc(cc3)C(=O)[O-])C=C1)[Zn]2[O])c1cc(cc(c1)c1ccc(cc1)C(=O)[O-])c1ccc(cc1)C(=O)[O-])[O])c1ccc(cc1)C(=O)[O-].[O][Zn][Zn]123([O])[N]4=C5C=CC4=C(c4n2c(C(=C2[N]1=C(C=C2)C(=c1n3c(=C5c2cc(cc(c2)c2ccc(cc2)C(=O)[O-])c2ccc(cc2)C(=O)[O-])cc1)c1cc(cc(c1)c1ccc(cc1)C(=O)[O-])c1ccc(cc1)C(=O)[O-])c1cc(cc(c1)c1ccc(cc1)C(=O)[O-])c1ccc(cc1)C(=O)[O-])cc4)c1cc(cc(c1)c1ccc(cc1)C(=O)[O-])c1ccc(cc1)C(=O)[O-].[O][Zn][Zn][O]&&scu,fjh.cat0;BEWCUD",0.9001
[Ni].[O-]C(=O)c1cc(cc(c1)C(=O)[O-])C(=O)[O-]&&srs.cat1;BEWRUR,0.8945
[Ni].[O-]C(=O)c1cc(cc(c1)C(=O)[O-])C(=O)[O-]&&srs.cat1;BEWSAY,0.9062
[O-]C(=O)C1=C[C]=CC(=C1)C(=O)[O-].[OH2][Mn]([OH4][Mn]([OH2])[OH2])[OH2]&&sql.cat1;BEXTUV,0.3853
NC1=C2N=CN=C2[N]C=N1.[Co][Co]&&lvt.cat0;BEYSEF,0.8607
N1=NC=C([CH]1)C#Cc1ccc(cc1)C#CC1=CN=N[CH]1.N1=NC=C([CH]1)C#Cc1ccc(cc1)C#C[C]1C=NN=C1.[N]1N=CC(=C1)C#Cc1ccc(cc1)C#CC1=CN=N[CH]1.[OH]123[Ni]4567[Ni]89%101[Ni]1%11%122[Ni]2%1334[OH]35[Ni]45%147[OH]68[Ni]67%104[OH]91[Ni]14%126[OH]%112[Ni]%13351[OH]%1474&&fcu.cat0;BIBXOB,0.9013
"[O-]C(=O)c1ccc(cc1)c1cc(cc(c1)c1ccc(cc1)C(=O)[O-])c1cc(cc(c1)c1cc(cc(c1)c1ccc(cc1)C(=O)[O-])c1ccc(cc1)C(=O)[O-])c1cc(cc(c1)c1ccc(cc1)C(=O)[O-])c1ccc(cc1)C(=O)[O-].[O][Yb][O]([Yb][O])[Yb][O]&&nia,jjt.cat0;BICPUA",0.9067
[In].[N][C]C=C(C(=O)[O-])[CH]C(=C[C])C(=O)[O-].[O-]C(=O)c1cc(cc(c1)C(=O)[O-])N(Cc1ccc(cc1)C(=O)[O-])Cc1ccc(cc1)C(=O)[O-]&&ERROR.cat0;BIDPAH,0.8957
[C].[C]=N[C][C]N=[C][C][C]=O.[C][C]=O.[Ho].[O]N(=O)=O.[O][N][O]&&ERROR.cat5;BIDQOU,0.904
O=[P].[O].[O].[O].[C]CP(=O)([O])[O].[O-]C(=O)CP(=O)([O])[O].[Zn]&&UNKNOWN.cat0;BIMDOR,0.8116
[Co].[Mo].[O-]C(=O)CCP(=O)([O])[O].[O].n1ccc(cc1)c1ccncc1&&ERROR.cat0;BINPAR,0.879
"[O-]C(=O)c1cc(CN2[CH]C=C(C=C2)c2ccncc2)cc(c1)C(=O)[O-].[O][Cu].[O][Cu][O].n1ccc(cc1)c1ccncc1&&ERROR,UNKNOWN.cat0;BIPKUI",0.5448
"[O-]C(=O)c1cc(cc(c1)C(=O)[O-])c1ccc(cc1)C1=C2C=CC3=[N]2[Cu]24n5c1ccc5C(=C1[N]2=C(C=C1)C(=c1n4c(=C3c2ccc(cc2)c2cc(cc(c2)C(=O)[O-])C(=O)[O-])cc1)c1ccc(cc1)c1cc(cc(c1)C(=O)[O-])C(=O)[O-])c1ccc(cc1)c1cc(cc(c1)C(=O)[O-])C(=O)[O-].[O][Cu][Cu][O]&&ERROR,UNKNOWN.cat0;BIPSUQ",0.901
O=C(c1ccncc1)Oc1cc(OC(=O)c2ccncc2)cc(c1)OC(=O)c1ccncc1.[O][Cd][O]&&sql.cat0;BIPTAX,0.8889
O=C(c1ccncc1)Oc1cc(OC(=O)c2ccncc2)cc(c1)OC(=O)c1ccncc1.[O][Zn][O]&&sql.cat0;BIPTIF,0.8893
Cc1cc(c(cc1c1cccc(c1)C(=O)[O-])C)c1cccc(c1)C(=O)[O-].O=CN(C)C.[Mn].[OH2][Mn]&&UNKNOWN.cat0;BIRMUM,0.5115
[O-]C(=O)c1cccc(c1)C(=O)[O-].[O-]C(=O)c1ccncc1.[O][Co][OH]1[Co]2[OH]([Co])[Co][OH]([Co]1[OH]2[Co][O])[Co]&&ERROR.cat0;BIRSEC,0.8708
[O-]C(=O)c1cccc(c1)C(=O)[O-].[O-]C(=O)c1ccncc1.[O][Ni][OH]1[Ni]2[OH]([Ni])[Ni][OH]([Ni]1[OH]2[Ni][O])[Ni]&&ERROR.cat0;BIRSIG,0.7977
"N1=NN=C([N]1)c1nccnc1C1=NN=N[N]1.[Zn]&&etd,UNKNOWN.cat0;BIYTEJ",0.8955
[O-][n+]1ccc(cc1)c1cc[n+](cc1)[O-].[Tb]&&UNKNOWN.cat0;BIZLUT,0.8032
[Dy].[O-][n+]1ccc(cc1)c1cc[n+](cc1)[O-].[O]N1[CH]C=C(C=C1)C1=C[CH]N(C=C1)[O].[O]N1[CH]C=C(C=C1)c1cc[n+](cc1)[O-].[O]N=CC=C(C1=C[CH]N(C=C1)[O])[CH].[O][N]C=CC(=[CH])C1=C[CH]N(C=C1)[O]&&UNKNOWN.cat0;BIZMAA,0.8492
[Ho].[O-][n+]1ccc(cc1)c1cc[n+](cc1)[O-].[O]N1[CH]C=C(C=C1)c1cc[n+](cc1)[O-]&&UNKNOWN.cat0;BIZMEE,0.863
[O-]C(=O)COc1ccc(cc1)OCC(=O)[O-].[OH2][Co][OH2].n1ccc(cc1)CN1CCN(CC1)Cc1ccncc1&&sql.cat0;BODLAJ,0.8179
"[Cu].[O-]C(=O)CN(c1ccc(cc1)N(CC(=O)[O-])CC(=O)[O-])CC(=O)[O-]&&cpk,hca.cat1;BODYID",0.8952
[Mo][Mo].[O-]C(=O)c1ccncc1.[Rh][Rh]&&ERROR.cat0;BOJCOT,0.8702
O1CCOCC1.[O][Re]1([O])([O])[OH][Re]([OH]1)([O])([O])[O]&&ERROR.cat1;BOJSUO,0.9022
[O-]C(=O)C=CC(=O)[O-].[Zn].n1ccc(cc1)SSc1ccncc1&&sql.cat3;BOKXOP,0.8822
[S]C(=S)N(Cc1ccccc1)CCC(=O)[O-].[Sn]&&ERROR.cat3;BOLFUE,0.8529
[O-]C(=O)c1ccc(cc1)[Si](c1ccc(cc1)C(=O)[O-])(C)C.[OH].[Zn]&&ERROR.cat0;BOLPIC,0.8433
[N]([CH]c1ccncc1)[N][CH]c1ccncc1.[O-]C(=O)c1ccc(cc1)Oc1ccc(cc1)C(=O)[O-].[Zn]&&pcu.cat1;BOMCOX,0.8724
[Ni]O[Ni].[O-]C(=O)c1ccc(cc1)C(=O)[O-].c1ncn(c1)c1ccc(cc1)n1cncc1&&ddi.cat0;BONMAT,0.8729
[Ni]O[Ni].[O-]C(=O)c1ccc(cc1)C(=O)[O-].c1ncn(c1)c1ccc(cc1)n1cncc1&&ddi.cat0;BONMEX,0.8742
C(Oc1ccc(cc1)n1cncc1)Oc1ccc(cc1)n1cncc1.[O-]C(=O)c1ccc(cc1)S(=O)(=O)c1ccc(cc1)C(=O)[O-].[O][Cd]&&UNKNOWN.cat1;BOQJOI,0.7087
[CH]C(=CC1[CH][C][C]1)C(=O)[O-].[CH]C(=CC1[CH][C][C]1)C(=O)[O-].[O-]C(=O)C(=CC1[CH][C][C]1)[CH]C1[C][C]C1C=C(C(=O)[O-])[CH].[O-]C(=O)C1=CC2[C][C]C2C=C([CH]C2C([CH]1)[C][C]2)C(=O)[O-].[O-]C(=O)C1=CC2[C][C]C2[CH]C(=CC2C([CH]1)[C][C]2)C(=O)[O-].[Zn][O]([Zn])([Zn])[Zn]&&pcu.cat0;BOQQAB,0.8984
CC1=C(C(=N[N]1)C)c1cccc(c1)C1=C(C)N=N[C]1C.CC1=NN=C([C]1c1cccc(c1)C1=C(C)[N]N=C1C)C.CC1=N[N]C(=C1c1cccc(c1)C1=C(C)[N]N=C1C)C.C[C]1N=NC(=C1c1cccc(c1)C1=C(C)N=N[C]1C)C.C[O].[Cu]&&pcu.cat0;BOTCEU,0.7545
[Co].[Co]O[Co].[O-]C(=O)c1ccncc1.[O][Co]O[Co]&&UNKNOWN.cat0;BOWDOI,0.874
[O-]C(=O)c1ccc(cc1)S(=O)(=O)c1ccc(cc1)C(=O)[O-].[Zn][Zn]&&UNKNOWN.cat1;BOWZOD,0.8907
[Zn][OH][Zn].c1ncn(c1)c1ccc(cc1)N(c1ccc(cc1)n1cncc1)c1ccc(cc1)n1cncc1&&ERROR.cat1;BOWZOE,0.8297
[OH2][Zn].c1ncn(c1)c1ccc(cc1)N(c1ccc(cc1)n1cncc1)c1ccc(cc1)n1cncc1&&utp.cat1;BOWZUK,0.8936
N1=C[N]C(=C1)c1ccc(cc1)N(c1ccc(cc1)n1ccnc1)c1ccc(cc1)n1ccnc1.[Zn]O[Zn].c1ncn(c1)c1ccc(cc1)N(c1ccc(cc1)n1cncc1)c1ccc(cc1)n1cncc1&&ERROR.cat1;BOXBAT,0.636
CCC1(CC)c2cc(ccc2-c2c1c1-c3ccc(cc3C(c1c1-c3c(C(c21)(CC)CC)cc(cc3)C(=O)[O-])(CC)CC)C(=O)[O-])C(=O)[O-].[Pb]&&ERROR.cat7;BOXFIE,0.8221
[Mn].[O-]C(=O)c1cccc(c1)c1ccncc1&&ant.cat0;BOYTEQ,0.7937
O=C(c1ccc(cc1)C(=O)[O-])c1ccc(cc1)C(=O)[O-].[Cd].c1ncn(c1)c1ccc2c(c1)c1cc(ccc1[nH]2)n1cncc1&&UNKNOWN.cat0;BOZDEB,0.8651
CC(P(=O)(O)[O])(P(=O)([O])[O])O.CC(P(=O)([O])O)(P(=O)([O])[O])O.[OH2][Zn].[Zn]&&ERROR.cat1;BUBCOS,0.8857
NC1=NN=N[N]1.[O-]C(=O)C(=O)[O-].[Zn]&&ERROR.cat0;BUBJUF,0.8862
[Ag].[C]=O.[O].[O].[O-][C]=O&&ERROR.cat1;BUGSOL,0.8897
[Cu].[O-]C(=O)C=Cc1cccnc1&&ERROR.cat1;BUGWUX,0.8966
O=C1N(Cc2ccncc2)C(=O)c2c3c1ccc1c3c(cc2)C(=O)N(C1=O)Cc1ccncc1.[Co].[O-]C(=O)c1ccc(cc1)C(=O)[O-]&&sql.cat1;BUHJUL,0.8485
[Cd].[O-]C(=O)c1cc(N)c(cc1N)C(=O)[O-]&&ERROR.cat1;BUJGAQ,0.8831
[O-]C(=O)c1cncc(c1)C(=O)[O-].[Zn]&&srs.cat0;BUKMUQ,0.9017
[O-]C(=O)c1cncc(c1)C(=O)[O-].[Zn]&&srs.cat0;BUKMUQ01,0.9023
[O-]C(=O)C1=CN=N[CH]1.[O-]C(=O)C1=C[N]N=C1.[Zn][O]([Zn])([Zn])[Zn]&&fff.cat0;BUKRUW,0.9034
O=C=C1C=NN=C1.[N]=C[C](C(=O)[O-])C=[N].[O][Zn][O]([Zn][O])([Zn][O])[Zn].[Zn][O]([Zn])([Zn])[Zn]&&pcu.cat0;BUKRUW01,0.9001
[O-]C(=O)[C]1[CH][N][N][CH]1.[Zn][O]([Zn])([Zn])[Zn]&&UNKNOWN.cat0;BUKRUW02,0.9009
[O-]C(=O)[C]1[CH][N][N][CH]1.[O][C]([C]1[CH][N][N][CH]1)[O].[Zn][O]([Zn])([Zn])[Zn]&&fff.cat0;BUKRUW03,0.8978
[O-]C(=O)C1=C[N][N][CH]1.[O][Zn]([O]([Zn]([O])[O])[Zn]([O])[O])[O].[O][Zn][O]([Zn][O])[Zn][O]&&ERROR.cat0;BUKSAD,0.8986
[Co][O]([Zn])([Zn])[Zn].[O-]C(=O)C1=CN=N[CH]1.[O-]C(=O)C1=C[N]N=C1.[O-]C(=O)[C]1C=NN=C1&&UNKNOWN.cat0;BUKSIL,0.9016
[O-]C(=O)C1=CN=N[CH]1.[O-]C(=O)C1=C[N]N=C1.[Zn][O]([Zn])([Zn])[Zn]&&fff.cat0;BUKTAE,0.8996
[O-]C(=O)C1=CN=N[CH]1.[O-]C(=O)C1=C[N]N=C1.[Zn][O]([Zn])([Zn])[Zn]&&fff.cat0;BUKTEI,0.9015
[O-]C(=O)C1=CN=N[CH]1.[O-]C(=O)C1=C[N]N=C1.[Zn][O]([Zn])([Zn])[Zn]&&fff.cat0;BUKTIM,0.9004
[O-]C(=O)C1=CN=N[CH]1.[O-]C(=O)C1=C[N]N=C1.[Zn][O]([Zn])([Zn])[Zn]&&fff.cat0;BUKTOS,0.8982
[O-]C(=O)C1=[C][C]=C([C]=[C]1)C(=O)[O-].[O]12[Ce]34[O]5[Ce]62[O]2[Ce]71[O]4[Ce]14[O]3[Ce]35[O]6[Ce]2([O]71)[O]43&&fcu.cat0;BUPVIT,0.8964
[Cu].[O-]C(=O)c1cc(cc(c1)C(=O)[O-])C(=O)[O-]&&hcb.cat5;BUQKOP,0.9034
CCOc1ccc2c(c1c1c(OCC)ccc3c1ccc(c3)P(=O)([O])[O])ccc(c2)P(=O)([O])[O].[O][Gd]([O])([O])[O]&&sql.cat1;BUQXIU,0.7043
[Co].[O-]C(=O)c1cc2[nH]cnc2cc1C(=O)[O-].n1ccc(cc1)[C]1N[N]C(=N1)c1ccncc1&&UNKNOWN.cat0;BURJOO,0.8669
[Cu].[O-]C(=O)c1cccc(n1)C(=O)[O-].n1ccc(cc1)c1nnc(s1)c1ccncc1&&UNKNOWN.cat1;BUSHAZ,0.8288
[Co].n1ccc(cc1)C1=NN=C([N]1)c1ccccn1.n1ccc(cc1)C1=[N]=C(N=N1)c1ccccn1&&nbo.cat0;BUSMUY,0.9012
Cc1cccnc1C1=NN=C([N]1)c1ccncc1.Cc1cccnc1C1=[N]=C(N=N1)c1ccncc1.[Co]&&ERROR.cat0;BUSNAF,0.8861
Cl[Gd]Cl.n1ccc(cc1)c1ccncc1&&ERROR.cat1;BUSNOU,0.76
O=C1N(c2ccncc2)C(=O)c2c3c1ccc1c3c(cc2)C(=O)N(C1=O)c1ccncc1.[Cd].[O-]C(=O)c1ccc(cc1)c1ccc(cc1)C(=O)[O-]&&pcu.cat0;BUSRUE,0.869
[Ni].[O-]C(=O)c1ccc(cc1)c1ccc(cc1)C(=O)[O-]&&ERROR.cat1;BUTJUW,0.8842
[Fe].n1ccc(cc1)C1=NN=C([N]1)c1ccccn1.n1ccc(cc1)C1=[N]=C(N=N1)c1ccccn1&&ERROR.cat0;BUVWOF02,0.8959
[Fe].n1ccc(cc1)C1=NC(=N[N]1)c1ccccn1.n1ccc(cc1)C1=NN=C([N]1)c1ccccn1&&ERROR.cat1;BUVWOF03,0.9008
[Fe].n1ccc(cc1)C1=NN=C([N]1)c1ccccn1&&nbo.cat0;BUVXOG,0.8949
[Fe].n1ccc(cc1)C1=NN=C([N]1)c1ccccn1&&nbo.cat0;BUVXOG01,0.9001
[Fe].n1ccc(cc1)C1=NC(=N[N]1)c1ccccn1.n1ccc(cc1)C1=NN=C([N]1)c1ccccn1&&ERROR.cat1;BUVYEX,0.8983
[Fe].n1ccc(cc1)C1=NN=C([N]1)c1ccccn1&&nbo.cat0;BUVYIB,0.8879
[Fe].n1ccc(cc1)C1=NN=C([N]1)c1ccccn1&&ERROR.cat0;BUVYIB01,0.8872
[Cu].[O-]C(=O)c1nccnc1C(=O)[O-].n1ccc(cc1)c1ccncc1&&ERROR.cat0;BUWGAC,0.8879
[Cu].[O-]C(=O)c1nccnc1C(=O)[O-].n1ccc(cc1)C1=N[N]C(=N[N]1)c1ccncc1&&ERROR.cat0;BUWGEG,0.8966
[Zn].c1cc(OCCn2cncc2)c2c(c1)c(OCCn1cncc1)ccc2&&pcu.cat0;BUYNAL,0.8886
[Cu].[O]OOOC(=O)CCCCC(=O)OOO[O].c1ccc(cn1)CN1CCN(CC1)Cc1cccnc1&&sql.cat1;BUZGAF,0.8671
[OH2][Cd].[O]N(=O)=O.n1ccc(cc1)C#CC#Cc1ccncc1&&sql.cat1;CAFSIM,0.8572
[OH2][Co][OH2].n1ccc(cc1)C#CC#Cc1ccncc1&&ERROR.cat3;CAFSOS,0.8911
[Cu].n1ccc(cc1)C#CC#Cc1ccncc1&&sql.cat1;CAFSUY,0.7263
[Co].n1ccc(cc1)C#CC#Cc1ccncc1&&sql.cat1;CAFTAF,0.7497
[Ag].[Fe].c1ccc(cc1)P(c1ccccc1)C1=CC=C[CH]1.c1ccc(cc1)P(c1ccccc1)C1=C[CH]C=C1.c1ccc(nc1)CC1=CC=C[CH]1&&ERROR.cat1;CAGBOD,0.6723
[O-]C(=O)c1ccc2c(c1)ccc(c2)C(=O)[O-].[O][Zn][O]([Zn])([Zn])[Zn].[Zn][O]([Zn])([Zn])[Zn]&&pcu.cat1;CAGSAG,0.8827
[O-]C(=O)c1cc(cc(c1)c1ccncc1)C(=O)[O-].[O-]C=O.[OH2][Co][O]([Co])[Co]&&ERROR.cat0;CANYIB,0.8925
[Fe][O]([Ni])([Ni])([Ni])([Fe])[Fe].n1ccc(cc1)C1=NC(=[N]=C([N]1)c1ccncc1)c1ccncc1&&hcb.cat1;CANYUN,0.8944
[S]C(=S)C1=C[N]C=N1.[Sn]&&ERROR.cat3;CARFAD,0.8952
[Zn].c1ccc(cc1)C1=C2C=CC(=C(c3ccncc3)C3=NC(=C(C4=CC=C(C(=C5N=C1C=C5)c1ccncc1)[N]4)c1ccccc1)C=C3)[N]2&&ERROR.cat0;CATDEH,0.9028
[Zn].c1ccc(cc1)C1=C2C=CC(=C(c3ccncc3)C3=NC(=C(C4=CC=C(C(=C5N=C1C=C5)c1ccncc1)[N]4)c1ccccc1)C=C3)[N]2&&ERROR.cat0;CATDIL,0.9033
Cc1nccn1Cc1ccc(cc1)Cn1ccnc1C.O=C1OC(=O)c2c3c1c1ccccc1c1c3c(c3c2cccc3)C(=O)OC1=O.[Ag].[Ag][Ag].[O-]C(=O)c1ccc(c2c1cccc2)C(=O)[O-]&&UNKNOWN.cat7;CATFEK,0.818
[Fe].[O-]C(=O)C1=CC=C[CH]1.[Zn].n1ccc(cc1)c1ccncc1&&ERROR.cat1;CAVLUI,0.7135
CC1=NN=C([N]1)C.CC1=N[N]C(=N1)C.[O-]C(=O)c1cccc(c1)C(=O)[O-].[Zn][OH]([Zn])[Zn].[Zn][Zn]&&ERROR.cat0;CAVRAU,0.8588
CC1=NN=C([N]1)C.CC1=[N]=C(N=N1)C.Oc1cc(cc(c1)C(=O)[O-])C(=O)[O-].[Zn][OH]([Zn])[Zn].[Zn][Zn]&&ERROR.cat0;CAVREY,0.8712
[OH2][Cu].n1ccc(cc1)c1nnc(o1)c1ccncc1&&dia.cat0;CAWDOU,0.8757
[OH2][Cu].n1ccc(cc1)c1nnc(o1)c1ccncc1&&dia.cat0;CAWDOU02,0.8663
[O-]C(=O)c1ccc(cc1)c1ccc(cc1)N(c1ccc(cc1)c1ccc(cc1)C(=O)[O-])c1ccc(cc1)c1ccc(cc1)C(=O)[O-].[Zn]O[Zn]&&UNKNOWN.cat0;CAWVIH,0.8621
[Al].[C][O].[C][O].[C].[O-]C(=O)C1=[C][C]=C([C]=[C]1)C(=O)[O-]&&fcu.cat0;CAXTAY,0.8972
[Al].[C]=O.[C][O].[O-]C(=O)c1c([N])c([N])c(c(c1[N])[N])C(=O)[O-]&&fcu.cat0;CAXTEC,0.8924
[O-]C(=O)c1ccc(cc1)c1ccc(cc1)c1cc(cc(c1)c1ccc(cc1)c1ccc(cc1)C(=O)[O-])c1ccc(cc1)c1ccc(cc1)C(=O)[O-].[O][Zn]&&hcb.cat1;CAXTIG,0.8886
[O-]C(=O)c1ccc(cc1)c1ccc(cc1)c1cc(cc(c1)c1ccc(cc1)c1ccc(cc1)C(=O)[O-])c1ccc(cc1)c1ccc(cc1)C(=O)[O-].[O][Zn]&&hcb.cat3;CAXTOM,0.8944
S=C(C(=O)[O-])C=CC(=S)C(=O)[O-].[O-]C(=O)c1ccc(cc1)c1ccc(cc1)C(=C[C]c1ccc(cc1)c1ccc(cc1)C(=O)[O-])C=[C]c1ccc(cc1)c1ccc(cc1)C(=O)[O-].[O-]C(=O)c1ccc(cc1)c1ccc(cc1)[C](C=[C]c1ccc(cc1)c1ccc(cc1)C(=O)[O-])C=[C]c1ccc(cc1)c1ccc(cc1)C(=O)[O-].[O-]C(=O)c1ccc(cc1)c1ccc(cc1)c1cc(cc(c1)c1ccc(cc1)c1ccc(cc1)C(=O)[O-])c1ccc(cc1)c1ccc(cc1)C(=O)[O-].[O-]C(=O)c1ccc(s1)C(=O)[O-].[Zn]&&ERROR.cat2;CAXTUS,0.872
[O-]C(=O)c1ccc(cc1)c1ccc(cc1)C(=O)[O-].[O-]C(=O)c1ccc(cc1)c1ccc(cc1)c1cc(cc(c1)c1ccc(cc1)c1ccc(cc1)C(=O)[O-])c1ccc(cc1)c1ccc(cc1)C(=O)[O-].[O][Zn].[Zn]&&ERROR.cat1;CAXVAA,0.8768
[Co].[O-]C(=O)c1ccc(cc1)c1ccc(cc1)c1cc(cc(c1)c1ccc(cc1)c1ccc(cc1)C(=O)[O-])c1ccc(cc1)c1ccc(cc1)C(=O)[O-].[O][Co]&&hcb.cat3;CAXVEE,0.8545
[Ni].[O-]C(=O)c1ccc(cc1)c1ccncc1&&UNKNOWN.cat3;CAXZUY,0.8999
"O(CCC1=NN=N[N]1)CCC1=N[N]N=N1.[Cu]&&utk,UNKNOWN.cat0;CAYDEN",0.879
"O(CCC1=NN=N[N]1)CCC1=NN=N[N]1.[Cu]&&utk,UNKNOWN.cat0;CAYDIR",0.8787
"O(CCC1=NN=N[N]1)CCC1=NN=N[N]1.[Cu]&&utk,UNKNOWN.cat0;CAYDOX",0.8743
"O(CCC1=NN=N[N]1)CCC1=NN=N[N]1.[Cu]&&utk,UNKNOWN.cat0;CAYDOX01",0.8773
"O(CCC1=NN=N[N]1)CCC1=N[N]N=N1.[Cu]&&utk,UNKNOWN.cat0;CAYDOX02",0.8805
"O(CCC1=NN=N[N]1)CCC1=N[N]N=N1.[Cu]&&utk,UNKNOWN.cat0;CAYDOX03",0.884
"O(CCC1=NN=N[N]1)CCC1=NN=N[N]1.[Cu]&&utk,UNKNOWN.cat0;CAYDOX04",0.8748
"O(CCC1=N[N]N=N1)CCC1=N[N]N=N1.[Cu]&&utk,UNKNOWN.cat0;CAYDOX05",0.8785
"O(CCC1=NN=N[N]1)CCC1=N[N]N=N1.[Cu]&&utk,UNKNOWN.cat0;CAYDOX06",0.8792
"O(CCC1=NN=N[N]1)CCC1=NN=N[N]1.[Cu]&&utk,UNKNOWN.cat0;CAYGIU",0.8763
[Zn].c1ccc(cc1)C1=C2C=CC(=C(c3ccncc3)C3=NC(=C(C4=CC=C(C(=C5N=C1C=C5)c1ccncc1)[N]4)c1ccccc1)C=C3)[N]2&&ERROR.cat0;CAYRIE,0.8984
[Zn].c1ccc(cc1)C1=C2C=CC(=C(c3ccncc3)C3=NC(=C(C4=CC=C(C(=C5N=C1C=C5)c1ccncc1)[N]4)c1ccccc1)C=C3)[N]2&&ERROR.cat0;CAYROK,0.9035
[Co].n1ccc(cc1)C1=C2C=CC(=C(c3ccncc3)C3=NC(=C(C4=CC=C(C(=C5N=C1C=C5)c1ccncc1)[N]4)c1ccncc1)C=C3)[N]2&&ERROR.cat0;CAYSIE,0.9021
[Mn].n1ccc(cc1)C1=C2C=CC(=C(c3ccncc3)C3=NC(=C(C4=CC=C(C(=C5N=C1C=C5)c1ccncc1)[N]4)c1ccncc1)C=C3)[N]2&&ERROR.cat0;CAYSOK,0.8992
[Mn].n1ccc(cc1)C1=C2C=CC(=C(c3ccncc3)C3=NC(=C(C4=CC=C(C(=C5N=C1C=C5)c1ccncc1)[N]4)c1ccncc1)C=C3)[N]2&&ERROR.cat0;CAYYEG,0.9026
[Cu].[Mo].[O].n1ccc(cc1)C1=C2C=CC3=[N]2[Cu]24n5c1ccc5C(=C1[N]2=C(C=C1)C(=c1n4c(=C3c2ccncc2)cc1)c1ccncc1)c1ccncc1&&ERROR.cat0;CAZGIT,0.7849
[Cd].[Cd]O[Cd].[O-]C(=O)c1ccc(cc1)OCC(COc1ccc(cc1)C(=O)[O-])(COc1ccc(cc1)C(=O)[O-])COCC(COc1ccc(cc1)C(=O)[O-])(COc1ccc(cc1)C(=O)[O-])COc1ccc(cc1)C(=O)[O-].n1ccc(cc1)C1=NC(=[N]=C([N]1)c1ccncc1)c1ccncc1&&UNKNOWN.cat0;CAZNIC,0.8531
Cl[Cu]Cl.NC1CCC(CC1)N&&ERROR.cat0;CECJAW,0.8966
Cl[Ni]Cl.O=C(c1cccc(n1)C(=O)NCc1cccnc1)NCc1cccnc1&&sql.cat0;CECVOX,0.8463
[Cd].[O-]C(=O)c1cc(cc(c1)C(=O)[O-])C(=O)[O-].[O][Cd]&&dia.cat0;CEHKUW,0.8932
[O-]C(=O)c1cc(cc(c1)C(=O)[O-])C(=O)[O-].[O][Zn].[Zn].[Zn][Zn]&&jaj.cat0;CEHLAD,0.8957
[Dy].[Dy][Dy].[O-]C(=O)c1cccc(c1)C(=O)[O-]&&ERROR.cat0;CEJBEA,0.8696
[Co][O]([Co][O]([Co])[Co])[Co].[O-]C(=O)c1ccc(cc1)Oc1ccc(cc1)C(=O)[O-].n1ccc(cc1)c1cc(Oc2cc(cc(c2)c2ccncc2)c2ccncc2)cc(c1)c1ccncc1&&ERROR.cat0;CEJZAU,0.8829
[Cu].[O]P(=O)(c1ccccc1)CP(=O)(c1ccccc1)[O].n1ccc(cc1)CCc1ccncc1&&ERROR.cat1;CEKHAD,0.8314
[Cu].[O]P(=O)(c1ccccc1)CP(=O)(c1ccccc1)[O].n1ccc(cc1)CCc1ccncc1&&ERROR.cat1;CEKHEH,0.8612
[In].[O-]C(=O)c1cc(C(=O)[O-])c(cc1C(=O)[O-])C(=O)[O-].[OH]&&UNKNOWN.cat0;CEMJOV,0.8913
O=C(c1ccncc1)NCCCCNC(=O)c1ccncc1.[O][Cu]&&sql.cat2;CEMKUB,0.9015
[Mg].[O-]C(=O)c1ccc(cc1)c1ccc(cc1)N(c1ccc(cc1)c1ccc(cc1)C(=O)[O-])c1ccc(cc1)c1ccc(cc1)C(=O)[O-].[OH2][Mg][OH2]&&ERROR.cat0;CENPUI,0.7748
[CH]C(=CC=[C]c1ccc(cc1)N(c1ccc(cc1)c1ccc(cc1)C(=O)[O-])c1ccc(cc1)c1ccc(cc1)C(=O)[O-])C(=O)[O-].[C]=[C]c1ccc(cc1)N(c1ccc(cc1)C1=CC=[C]C=C1)[C]C=C[C][C]=CC=[C]C(=O)[O-].[O-]C(=O)c1ccc(cc1)[C].[O][Zn].[O][Zn][O]&&ERROR.cat0;CENQAP,0.8996
CC1=NN=C([N]1)C.[OH2][Cu][OH]1[Cu]O[Cu]1&&UNKNOWN.cat0;CETHEQ,0.9
O=C(C1=[C][C]=N[C]=[C]1)O[C]C([C]OC(=O)C1=[C][C]=N[C]=[C]1)([C]OC(=O)C1=[C][C]=N[C]=[C]1)[C]OC(=O)C1=[C][C]=N[C]=[C]1.[Co]&&pts.cat1;CETJAN,0.3595
[Zn].c1ncn(c1)c1ccc(cc1)[N][N]c1ccc(cc1)n1cncc1&&sql.cat1;CEWDUF,0.8373
[Ag].[Co].n1ccc(cc1)[C](C1=CC=C[N]1)C1=CC=C[N]1.n1ccc(cc1)[C](C1=C[CH]C=N1)C1=CC=C[N]1.n1ccc(cc1)[C](C1=C[CH]C=N1)C1=NC=C[CH]1.n1ccc(cc1)[C](C1=NC=C[CH]1)C1=CC=C[N]1&&ERROR.cat3;CEXHUJ,0.7669
[Ag].[Fe].n1ccc(cc1)[C](C1=CC=C[N]1)C1=CC=C[N]1.n1ccc(cc1)[C](C1=C[CH]C=N1)C1=CC=C[N]1.n1ccc(cc1)[C](C1=C[CH]C=N1)C1=NC=C[CH]1.n1ccc(cc1)[C](C1=NC=C[CH]1)C1=CC=C[N]1&&hcb.cat1;CEXJAR,0.8182
[Ag].[Co].n1ccc(cc1)[C](C1=CC=C[N]1)C1=CC=C[N]1.n1ccc(cc1)[C](C1=C[CH]C=N1)C1=CC=C[N]1.n1ccc(cc1)[C](C1=C[CH]C=N1)C1=NC=C[CH]1.n1ccc(cc1)[C](C1=NC=C[CH]1)C1=CC=C[N]1&&hcb.cat1;CEXJEV,0.8035
[Ag].[Co].n1ccc(cc1)C#Cc1ccc(cc1)[C](C1=CC=C[N]1)C1=CC=C[N]1.n1ccc(cc1)C#Cc1ccc(cc1)[C](C1=C[CH]C=N1)C1=CC=C[N]1.n1ccc(cc1)C#Cc1ccc(cc1)[C](C1=C[CH]C=N1)C1=NC=C[CH]1.n1ccc(cc1)C#Cc1ccc(cc1)[C](C1=NC=C[CH]1)C1=CC=C[N]1&&hcb.cat1;CEXKIA,0.886
[Ag].[Co].n1ccc(cc1)C#Cc1ccc(cc1)[C](C1=CC=C[N]1)C1=CC=C[N]1.n1ccc(cc1)C#Cc1ccc(cc1)[C](C1=C[CH]C=N1)C1=CC=C[N]1.n1ccc(cc1)C#Cc1ccc(cc1)[C](C1=C[CH]C=N1)C1=NC=C[CH]1.n1ccc(cc1)C#Cc1ccc(cc1)[C](C1=NC=C[CH]1)C1=CC=C[N]1&&hcb.cat1;CEXKOG,0.8809
Fc1ccc(c(c1)F)C(Cn1cncn1)(CN1[CH]N=C[N]1)O.[OH2][Zn][OH2]&&UNKNOWN.cat1;CEYDUG,0.8515
[Co].[O-]C(=O)c1ccncc1&&dia.cat0;CEYPUT,0.7411
[OH2][Zn][OH2].n1ccc(cc1)c1ccncc1&&ERROR.cat1;CEYQIG,0.8849
[Ni].[O-]C(=O)C(Cc1c[nH]c2c1cccc2)N&&UNKNOWN.cat3;CEYSOP,0.8944
[O-][n+]1ccc(cc1)C(=O)[O-].[Pb]&&ERROR.cat3;CEZZEN,0.8373
[Fe].[N]([CH]c1ccncc1)[N][CH]c1ccncc1.n1ccc(cc1)C=NN=Cc1ccncc1&&sql.cat1;CICRIR,0.8774
[Fe].n1ccc(cc1)C=NN=Cc1ccncc1&&sql.cat1;CICROX,0.8499
[Fe].n1ccc(cc1)C=NN=Cc1ccncc1&&sql.cat1;CICROX01,0.8467
Cl[Co]Cl.O=C(C(=O)NCc1ccncc1)NCc1ccncc1&&ERROR.cat1;CICYUJ,0.81
Fc1c(c2c(F)c(F)c(c(c2F)F)C2=NN=N[N]2)c(F)c(c(c1F)C1=NN=N[N]1)F.O.[Cu]&&rna.cat0;CIDKUX,0.8686
O=C1CCC(N1)C(=O)[O-].[Cu][Cu]&&hcb.cat0;CIDWIX,0.8576
O=C1CCC(N1)C(=O)[O-].[Cu][Cu]&&hcb.cat0;CIDWUJ,0.8533
[O-]C(=O)c1ccc2c(c1)ccc(c2)C(=O)[O-].[OH2][Ni]([OH2])([OH2])[OH2]&&ERROR.cat0;CIFCEB,0.8943
[O-]C(=O)c1cc(c2ccc(cc2)C(=O)[O-])c(cc1C(=O)[O-])c1ccc(cc1)C(=O)[O-].[OH2][Co][OH2][Co][OH2]&&UNKNOWN.cat0;CIFKUZ,0.8664
OC(=O)c1cc(c2ccc(cc2)C(=O)[O-])c(cc1C(=O)O)c1ccc(cc1)C(=O)[O-].[OH2][Co]O[Co](O)(O)[OH2]&&UNKNOWN.cat1;CIFLAG,0.8443
[O-]C(=O)c1cc(cc(c1)C(=O)O)C(=O)[O-].[O-]C(=O)c1cc(cc(c1)C(=O)[O-])C(=O)[O-].[OH2][Co][OH]([Co])[Co]&&sab.cat0;CIFMIP,0.8925
Cc1cc2CNCCNCc3cc(cc(CNCCNCc(c1)c2[O])c3[O])C.[O-]C(=O)C(=O)[O-].[OH2][Cd]&&ERROR.cat1;CIHDOO,0.878
[Co][OH]([Co])[Co].[O-]C(=O)c1ccncc1.[O-]C=O&&ERROR.cat0;CIJBEE,0.8882
[Cu].[N][N][N].n1ccc(cc1)C1=NN=N[N]1.n1ccc(cc1)C1=N[N]N=N1&&bcu.cat0;CISLUN,0.8962
O[Dy]12[OH]3[Dy]4([OH]2[Dy]2([OH]1[Dy]3([O]42)[OH2])[OH2])[OH2].[O-][n+]1ccc(cc1)C(=O)[O-]&&hcb.cat2;CISVEH,0.879
CCC(n1c(=O)c2c(c1=O)c(C#Cc1ccncc1)c1c(c2C#Cc2ccncc2)c(=O)n(c1=O)C(CC)C)C.Cl[Hg]Cl&&ERROR.cat1;CITNAW,0.8573
CCC(n1c(=O)c2c(c1=O)c(C#Cc1ccncc1)c1c(c2C#Cc2ccncc2)c(=O)n(c1=O)C(C)[CH2])C.CCC(n1c(=O)c2c(c1=O)c(C#Cc1ccncc1)c1c(c2C#Cc2ccncc2)c(=O)n(c1=O)C([CH2])C)C.CCC(n1c(=O)c2c(c1=O)c(C#Cc1ccncc1)c1c(c2C#Cc2ccncc2)c(=O)n(c1=O)[CH]C)C.Cl[Ni]Cl&&sql.cat1;CITNOK,0.8399
Nc1ccc(cc1)C1=NN=N[N]1.O.[Cd].[OH]&&UNKNOWN.cat0;CITVUX,0.7755
[Co].[O-]C(=O)c1ccnc(c1)C(=O)[O-].[O]&&UNKNOWN.cat0;CITZIP,0.8911
I[Zn]I.n1ccc(cc1)C1=NC(=[N]=C([N]1)c1ccncc1)c1ccncc1&&srs.cat1;CIWRUW,0.8955
I[Zn]I.n1ccc(cc1)C1=NC(=[N]=C([N]1)c1ccncc1)c1ccncc1&&srs.cat1;CIXCAO,0.8752
[C][C]=O.[C]=O.[Co].[O-]C(=O)[C].[O-][C]=O.[O-][C]=O.[C][C]&&ERROR.cat1;COACET,0.8998
"[O][C]1[C][C](O[C]1[C]OP(=O)([O])[O])N1[C]=[C]C(=NC1=O)[N].[O][Cd]&&UNKNOWN,bcu-f.cat0;COBWEV",0.8948
O=C(c1ccncc1)c1ccncc1.[Ag]&&ERROR.cat3;COCDOP,0.6729
[N]1N=NC(=N1)c1ccc(cc1)[Si](c1ccc(cc1)C1=NN=N[N]1)(c1ccc(cc1)C1=N[N]N=N1)c1ccc(cc1)C1=N[N]N=N1.[N]1N=NC(=N1)c1ccc(cc1)[Si](c1ccc(cc1)C1=N[N]N=N1)(c1ccc(cc1)C1=N[N]N=N1)c1ccc(cc1)C1=N[N]N=N1.[O][Mn].[O][Mn]Cl&&flu.cat0;COCMOY,0.9004
[Mn].[N]1N=NC(=N1)c1ccc(cc1)[Si](c1ccc(cc1)C1=NN=N[N]1)(c1ccc(cc1)C1=N[N]N=N1)c1ccc(cc1)C1=N[N]N=N1.[N]1N=NC(=N1)c1ccc(cc1)[Si](c1ccc(cc1)C1=N[N]N=N1)(c1ccc(cc1)C1=N[N]N=N1)c1ccc(cc1)C1=N[N]N=N1.[O][Mn]([O])[O]&&gar.cat0;COCMUE,0.899
N1=NN=C([N]1)c1ccc(cc1)[Si](c1ccc(cc1)C1=NN=N[N]1)(c1ccc(cc1)C1=NN=N[N]1)c1ccc(cc1)C1=NN=N[N]1.[Cu].[N]1N=NC(=N1)c1ccc(cc1)[Si](c1ccc(cc1)C1=NN=N[N]1)(c1ccc(cc1)C1=NN=N[N]1)c1ccc(cc1)C1=NN=N[N]1.[O][Cu]([O])[O]&&gar.cat0;COCNEP,0.8997
Cl[Cd]Cl.[Co].n1ccc(cc1)[C](C1=CC=C[N]1)C1=CC=C[N]1.n1ccc(cc1)[C](C1=C[CH]C=N1)C1=CC=C[N]1.n1ccc(cc1)[C](C1=C[CH]C=N1)C1=NC=C[CH]1.n1ccc(cc1)[C](C1=NC=C[CH]1)C1=CC=C[N]1.n1ccc(cc1)[C](C1=N[CH]C=C1)C1=CC=C[N]1&&ERROR.cat1;COFSUN,0.7059
[O-]C(=O)c1ccc(cc1)P(=O)(c1ccc(cc1)C(=O)[O-])c1ccc(cc1)C(=O)[O-].[Zn][OH]([Zn])[Zn]&&pyr.cat1;COGNAO,0.886
O=C1N(c2cccc3c2C=C[CH][N]3)C(=O)c2c3c1ccc1c3c(cc2)C(=O)N(C1=O)c1cccc2c1cccn2.[O-]C(=O)c1ccc2c(c1)ccc(c2)C(=O)[O-].[Zn][Zn]&&pcu.cat1;COGWEB,0.8817
COc1cc(ccc1OC)c1cc(nc(c1)c1ccncc1)c1ccncc1.[Cd]&&sql.cat1;COGWEC,0.7537
Br[Cd]Br.COc1cc(ccc1OC)c1cc(nc(c1)c1ccncc1)c1ccncc1&&sql.cat1;COGWIG,0.793
COc1cc(ccc1OC)c1cc(nc(c1)c1ccncc1)c1ccncc1.I[Cd]I&&sql.cat1;COGWOM,0.8241
COc1cc(ccc1OC)c1cc(nc(c1)c1ccncc1)c1ccncc1.Cl[Co]Cl&&sql.cat1;COGWUS,0.7701
[O-]C(=O)c1cc(cc(c1)C(=O)[O-])C(=O)[O-].[OH2][Ni]&&ERROR.cat3;COHGUC,0.8735
O=C(c1cccnc1)Nc1ccccc1NC(=O)c1cccnc1.[Ni].[OH2][Ni][OH2].[O]S(=O)(=O)[O]&&UNKNOWN.cat1;COHTID,0.8682
Br[Zn]Br.[O-]C(=O)CN1[CH]C=C(C=C1)c1ccncc1&&ERROR.cat1;COHVOM,0.8723
Br[Zn]Br.[O-]C(=O)CN1[CH]C=C(C=C1)c1ccncc1&&ERROR.cat1;COHVOM01,0.876
[Cu].[O-]C(=O)[O-]&&ERROR.cat1;COJGAJ,0.8518
[Cu].[O-]C(=O)[O-]&&ERROR.cat1;COJGAJ02,0.8526
O=C(c1ccncc1)Nc1ccccc1NC(=O)c1ccncc1.[O]S(=O)(=O)[O].[Zn]&&hcb.cat1;COJLIX,0.6628
[O-]C(=O)c1ccc2-c3c(Cc2c1)cc(cc3)C(=O)[O-].[Zn][Zn].n1ccc(cc1)c1ccncc1&&pcu.cat1;COJMOF,0.8868
[O-]C(=O)c1ccc2-c3c(Cc2c1)cc(cc3)C(=O)[O-].[Zn][Zn].n1ccc(cc1)c1ccncc1&&pcu.cat1;COJMOF01,0.8837
[In].[O-]C(=O)c1ccc(cc1)C1=C2C=CC(=N2)C(=c2n3[In]4(n5c1ccc5C(=C1[N]4=C(C=C1)C(=c3cc2)c1ccc(cc1)C(=O)[O-])c1ccc(cc1)C(=O)[O-])([O])[O])c1ccc(cc1)C(=O)[O-]&&pts.cat0;COKROL,0.6378
[Ga].[O-]C(=O)c1ccc(cc1)C(=O)[O-].[OH]&&rna.cat0;COMDOY,0.7702
S=CC(=S)c1ccncc1.S=C[C](c1ccncc1)[S].[Ni].[O][Zn][O]&&ERROR.cat2;CONKIB,0.8393
[O][Cd][O].[O][Mn]123([O])[N]4=C5C=CC4=C(c4n2c(C(=C2[N]1=C(C=C2)C(=c1n3c(=C5c2ccncc2)cc1)c1ccncc1)c1ccncc1)cc4)c1ccncc1&&sql.cat1;COPVOU,0.7642
[O-]C(=O)c1ccc(cc1)Oc1ccc(cc1)C(=O)[O-].[Zn].n1ccc(cc1)C=Nc1ccc(cc1)N=Cc1ccncc1&&pcu.cat0;COQGAS,0.8965
"[Mg].[O-]C(=O)c1cc(cc(c1)C(=O)[O-])N1C(=O)c2ccc3c4c2c(C1=O)ccc4C(=O)N(C3=O)c1cc(cc(c1)C(=O)[O-])C(=O)[O-].[OH2][Mg]&&pts,tfi.cat0;COQTEJ",0.8967
[In].[O-]C(=O)c1ccc(nc1)c1ccc(cn1)C(=O)[O-]&&bwt.cat0;CORZOA,0.8983
[In].[O-]C(=O)c1ccc(nc1)c1ccc(cn1)C(=O)[O-]&&ERROR.cat2;COSMII,0.6182
[Cd].[O-]C(=O)c1cc(ccc1C(=O)[O-])C(C(F)(F)F)(C(F)(F)F)c1ccc(c(c1)C(=O)[O-])C(=O)[O-].[OH2][Cd].n1ccc(cc1)c1ccncc1&&UNKNOWN.cat0;COWBEX,0.6942
[O-]C(=O)c1ccc(cc1)c1ccc(cc1)C(=O)[O-].[Zn].n1ccc(cc1)C=Cc1ccncc1&&UNKNOWN.cat0;COWPOU,0.8392
FC(C1=N[N]C(=N1)C(F)(F)F)(F)F.FC(C1=[N]=C(N=N1)C(F)(F)F)(F)F.[Ag]&&UNKNOWN.cat0;COWRUC,0.8709
FC(C1=N[N]C(=N1)C(F)(F)F)(F)F.FC(C1=[N]=C(N=N1)C(F)(F)F)(F)F.[Ag]&&fes.cat3;COWSAJ,0.8634
FC(C1=N[N]C(=N1)C(F)(F)F)(F)F.FC(C1=[N]=C(N=N1)C(F)(F)F)(F)F.[Ag]&&fes.cat3;COWSEN,0.8954
[O-]C(=O)c1ccc(cc1)C(c1ccc(cc1)C(=O)[O-])(c1ccc(cc1)C(=O)[O-])c1ccc(cc1)C(=O)[O-].[O][Co]O[Co]1([O])O[Co](O1)([O])O[Co][O]&&flu.cat0;COZMUA,0.8961
COc1cc(C=CC(=O)[CH]C(=O)C=Cc2ccc(c(c2)OC)[O])ccc1[O].[Zn]&&UNKNOWN.cat0;CUBBEI,0.8995
[N][N]C(=O)[N]N=C(c1ccncc1)C.[N][N]C(=O)[N][N][C](c1ccncc1)C.[Zn]&&dia.cat1;CUCFOX,0.8955
[N]NC(=O)NN=C(c1ccncc1)C.[Zn]&&sql.cat1;CUCFUD,0.7076
[Co].[O-]C(=O)c1cc(cc(n1)C(=O)[O-])c1cc(nc(c1)C(=O)[O-])C(=O)[O-].[O][Co][O]&&ERROR.cat0;CUCKIV,0.8689
[O-]C(=O)c1cc(ccc1Oc1ccccc1C(=O)[O-])C(=O)[O-].[Zn].n1ccc(cc1)c1ccncc1&&UNKNOWN.cat0;CUCTAX,0.7631
[N][N]C(=O)[N]N=C(c1ccncc1)C.[Zn]&&sql.cat1;CUCTEB,0.8561
[In].[O-]C(=O)c1cc(cc(c1)C(=O)[O-])C(=O)[O-]&&ctn.cat0;CUFDOX,0.899
[In].[O-]C(=O)c1cc(cc(c1)C(=O)[O-])C(=O)[O-]&&ctn.cat0;CUFFIT,0.8993
[In].[O-]C(=O)c1cc(cc(c1)C(=O)[O-])C(=O)[O-]&&ctn.cat0;CUFFOZ,0.8976
[In].[O-]C(=O)C1=[C]C(=[C]C(=[C]1)C(=O)[O-])C(=O)[O-]&&ctn.cat0;CUFFUF,0.8938
[O-]C(=O)c1cc(cc(c1)c1ccc(cc1)C(=O)[O-])c1ccc(cc1)C(=O)[O-].[O][U][O]&&hcb.cat2;CUFYUZ,0.7893
"[Ni].[O-]C(=O)c1ccc(cc1)CN(C1CCCCC1N(Cc1ccc(cc1)C(=O)[O-])Cc1ccc(cc1)C(=O)[O-])Cc1ccc(cc1)C(=O)[O-]&&dia,ths.cat0;CUGDIT",0.8016
[Cu].n1ccc(cc1)C1=NN=C([N]1)c1cnccn1&&ERROR.cat0;CUGVUW,0.8852
[Co].[O-]C(=O)c1ccc(cc1)c1ccc(cc1)C(=O)[O-].n1ccc(cc1)C1=NC(=[N]=C([N]1)c1ccncc1)c1ccncc1&&UNKNOWN.cat1;CUGXAF,0.8547
[Cd].[O-]C(=O)c1ccc(cc1)C(=O)[O-].n1ccc(cc1)c1ccncc1&&ERROR.cat0;CUHPUR,0.8962
"[La].[O]P(=O)(CN1CCN(CC1)CP(=O)([O])[O])[O].[O]P(=O)(C[NH]1CC[NH](CC1)CP(=O)([O])[O])[O]&&bex,UNKNOWN.cat0;CUMDIY",0.7507
[Cd][Cd].[O-]C(=O)c1ccnc(c1)c1nccc(c1)C(=O)[O-].[Ru]&&UNKNOWN.cat0;CUMMEE,0.8946
COc1ccc(cc1)c1cc(nc(c1)c1ccncc1)c1ccncc1.I[Cu][Cu]I&&sql.cat1;CUPWIV,0.8448
COc1ccc(cc1)c1cc(nc(c1)c1ccncc1)c1ccncc1.I[Cu][Cu]I&&sql.cat1;CUPWOB,0.8608
COc1ccc(cc1)c1cc(nc(c1)c1ccncc1)c1ccncc1.I[Cu][Cu]I&&UNKNOWN.cat0;CUPXOC,0.8535
CC1=NN=C([N]1)C.[O-]C(=O)c1ccc(cc1)C=Cc1ccc(cc1)C(=O)[O-].[Zn]&&ERROR.cat0;CUQRIR,0.8763
CC1=NN=C([N]1)C.[O-]C(=O)c1ccc(cc1)[N][N]c1ccc(cc1)C(=O)[O-].[Zn]&&ERROR.cat0;CUQROX,0.8755
[N]1=CN=NC=1.[O-]C(=O)c1ccc(cc1)C=Cc1ccc(cc1)C(=O)[O-].[Zn]&&ERROR.cat0;CUQRUD,0.891
COc1cc2Cc3cc(OC(=O)c4ccncc4)c(cc3Cc3c(Cc2cc1OC(=O)c1ccncc1)cc(OC)c(c3)OC(=O)c1ccncc1)OC.[C]#N.[Cu]&&ERROR.cat0;CUQSAK,0.8793
COc1cc2Cc3cc(OCc4ccncc4)c(cc3Cc3c(Cc2cc1OCc1ccncc1)cc(OC)c(c3)OCc1ccncc1)OC.[O][Cu]&&ERROR.cat1;CUQSEO,0.8876
COc1cc2Cc3cc(OC(=O)c4ccncc4)c(cc3Cc3c(Cc2cc1OC(=O)c1ccncc1)cc(O[C])c(c3)[O])OC.[O][Cu]&&ERROR.cat0;CUQSOY,0.6232
Br[Cu]Br.COc1cc2Cc3cc(OCc4ccncc4)c(cc3CC(=C(Cc2cc1OCc1ccncc1)[CH])C=[C]OCc1ccncc1)OC.[CH]N=CC=[C]COc1cc2Cc3cc(OC)c(cc3Cc3c(Cc2cc1OC)cc(OCc1ccncc1)c(c3)OC)OCc1ccncc1.[O][Cu]Br&&fes.cat0;CUQTEP,0.8918
Cl[Cd]Cl.n1ccc(cc1)c1cc(c2ccncc2)c(cc1c1ccncc1)c1ccncc1&&nbo.cat0;CURYOE01,0.9027
[O-]C(=O)Cn1cnnc1.[O][Cu][O]([Cu][O])[Cu][O]&&pcu.cat0;CUSDIE,0.8824
N#Cc1ccc(cc1)C#N.[Rh][Rh]&&ERROR.cat1;CUSPEM,0.8292
Cc1c(B(c2c(C)c(C)c(c(c2C)C)c2ccncc2)c2c(C)c(C)c(c(c2C)C)c2ccncc2)c(C)c(c(c1C)c1ccncc1)C.[Ag]&&srs.cat1;CUTFON,0.8977
[Ag].[Ag]N1[CH]C=C(C=C1)c1c(C)c(C)c(c(c1C)C)B(c1c(C)c(C)c(c(c1C)C)c1ccncc1)c1c(C)c(C)c(c(c1C)C)c1ccncc1.[C]C1=C(C(=C(C(=[C]1)c1ccncc1)C)C)B(c1c(C)c(C)c(c(c1C)C)c1ccncc1)c1c(C)c(C)c(c(c1C)C)c1ccncc1.[C]C1=[C]C(=C(C(=C1B(c1c(C)c(C)c(c(c1C)C)c1ccncc1)c1c(C)c(C)c(c(c1C)C)c1ccncc1)C)C)c1ccncc1&&ERROR.cat0;CUTFUT,0.7681
[O-]C(=O)C=Cc1ccc(cc1)C=CC(=O)[O-].[Zn]&&cds.cat0;CUTKOS,0.8745
[Cu][Cu].[O-]C(=O)c1ccc(cc1)C(C(F)(F)F)(C(F)(F)F)c1ccc(cc1)C(=O)[O-]&&sql.cat1;CUWXIC,0.6333
N#Cc1ccc(cc1)Cn1ccc([n-]1)c1ccccn1.[Ag].[Ni]&&hcb.cat3;DABFOD,0.7644
[O-]C=O.[Rh]1[Rh][Rh][Rh][Rh][Rh][Rh][Rh]1&&ERROR.cat0;DADGIZ,0.8367
"[O-]C(=O)c1cc(OCC(COc2cc(cc(c2)C(=O)[O-])C(=O)[O-])(COc2cc(cc(c2)C(=O)[O-])C(=O)[O-])COc2cc(cc(c2)C(=O)[O-])C(=O)[O-])cc(c1)C(=O)[O-].[O][Zn][Zn][O]&&scu,mmm.cat0;DAKVOC",0.8089
[Cu].n1ccc(cc1)c1ccncc1&&ERROR.cat0;DAKXOE,0.7417
[Cu].n1ccc(cc1)c1cccnc1&&ERROR.cat1;DAKYUL,0.8651
[Cu].n1ccc(cc1)c1ccncc1&&ERROR.cat0;DAKZEW,0.7631
C[O].Cc1cc(C(=CC(=O)c2ccccc2)[O])c(c(c1)C(=CC(=O)c1ccccc1)[O])[O].Cl[Cu].[C][O].[Cu]&&ERROR.cat0;DAMMOU,0.8419
[Ni].[O-]C(=O)c1ccc(cc1)CN(Cc1ccc(cc1)C(=O)[O-])Cc1ccc(cc1)C(=O)[O-]&&hcb.cat1;DAPPER,0.8648
[Cd].[O-]C(=O)c1ccc(cc1)c1cc(cc(c1)c1ccc(cc1)C(=O)[O-])c1ccc(cc1)C(=O)[O-].[O][Cd][O]&&UNKNOWN.cat0;DAPYAW,0.8834
"[O-]C(=O)c1ccc(cc1)P(=O)(c1ccc(cc1)C(=O)[O-])c1ccc(cc1)C(=O)[O-].[O-]C=O.[Y]&&kgd,UNKNOWN.cat0;DARCOQ",0.886
"[O-]C(=O)c1ccc(cc1)P(=O)(c1ccc(cc1)C(=O)[O-])c1ccc(cc1)C(=O)[O-].[O-]C=O.[Yb]&&kgd,UNKNOWN.cat0;DARCUW",0.8866
"[Lu].[O-]C(=O)c1ccc(cc1)P(=O)(c1ccc(cc1)C(=O)[O-])c1ccc(cc1)C(=O)[O-].[O-]C=O&&kgd,UNKNOWN.cat0;DARDAD",0.8855
"[O-]C(=O)c1ccc(cc1)P(=O)(c1ccc(cc1)C(=O)[O-])c1ccc(cc1)C(=O)[O-].[O-]C=O.[Sm]&&kgd,UNKNOWN.cat0;DARDEH",0.887
"[Eu].[O-]C(=O)c1ccc(cc1)P(=O)(c1ccc(cc1)C(=O)[O-])c1ccc(cc1)C(=O)[O-].[O-]C=O&&kgd,UNKNOWN.cat0;DARDIL",0.8893
"[Gd].[O-]C(=O)c1ccc(cc1)P(=O)(c1ccc(cc1)C(=O)[O-])c1ccc(cc1)C(=O)[O-].[O-]C=O&&kgd,UNKNOWN.cat0;DARDOR",0.8856
"[O-]C(=O)c1ccc(cc1)P(=O)(c1ccc(cc1)C(=O)[O-])c1ccc(cc1)C(=O)[O-].[O-]C=O.[Tb]&&kgd,UNKNOWN.cat0;DARDUX",0.8851
"[Dy].[O-]C(=O)c1ccc(cc1)P(=O)(c1ccc(cc1)C(=O)[O-])c1ccc(cc1)C(=O)[O-].[O-]C=O&&kgd,UNKNOWN.cat0;DARFAF",0.8886
"[Ho].[O-]C(=O)c1ccc(cc1)P(=O)(c1ccc(cc1)C(=O)[O-])c1ccc(cc1)C(=O)[O-].[O-]C=O&&kgd,UNKNOWN.cat0;DARFEJ",0.8873
"[Er].[O-]C(=O)c1ccc(cc1)P(=O)(c1ccc(cc1)C(=O)[O-])c1ccc(cc1)C(=O)[O-].[O-]C=O&&kgd,UNKNOWN.cat0;DARFIN",0.8866
"[O-]C(=O)c1ccc(cc1)P(=O)(c1ccc(cc1)C(=O)[O-])c1ccc(cc1)C(=O)[O-].[O-]C=O.[Tm]&&kgd,UNKNOWN.cat0;DARFOT",0.8849
[O-]C(=O)c1ccc(o1)C(=O)[O-].[Zn]&&bcu.cat0;DASTEY01,0.8324
[O-]C(=O)c1ccc(o1)C(=O)[O-].[Zn]&&sql.cat1;DASTEY02,0.8812
O=C(Nc1cccnc1)CCCCC(=O)Nc1cccnc1.[Ag]&&ERROR.cat3;DATKEQ,0.7678
O=C(Nc1cccnc1)CCCCC(=O)Nc1cccnc1.[Ag]&&ERROR.cat3;DATKIU,0.8828
[Co].[O-]C(=O)CC(C(=O)[O-])[O].n1ccc(cc1)[N][N]c1ccncc1&&UNKNOWN.cat0;DAWBIO,0.8359
[Ni].[O-]C(=O)CC(C(=O)[O-])[O].n1ccc(cc1)[N][N]c1ccncc1&&UNKNOWN.cat0;DAWBOU,0.8317
[Ni].[O-]C(=O)CC(C(=O)[O-])[O].n1ccc(cc1)C=Cc1ccncc1&&UNKNOWN.cat0;DAWCAH,0.8202
[O-]C(=O)c1ccc(cc1)C(c1ccc(cc1)C(=O)[O-])c1ccc(cc1)C(=O)[O-].[OH2][Zn][O]([Zn])([Zn])[Zn]&&UNKNOWN.cat0;DAWCIP,0.869
[Mn].[O-]C(=O)c1ccc(cc1)C(c1ccc(cc1)C(=O)[O-])c1ccc(cc1)C(=O)[O-].[OH2][Mn]&&UNKNOWN.cat0;DAWCOV,0.885
C(Cn1cncc1)CCn1cncc1.Ic1cc(cc(c1)C(=O)[O-])C(=O)[O-].[Co]&&sql.cat1;DAWJUI,0.8834
C(Cn1cncc1)CCn1cncc1.Ic1cc(cc(c1)C(=O)[O-])C(=O)[O-].[Co]&&sql.cat1;DAWKET,0.8437
[O-]C(=O)C1=C([N]C(=N1)CN1[CH]N=C[N]1)C(=O)[O-].[O-]C(=O)C1=NC(=N[C]1C(=O)[O-])CN1[N]C=N[CH]1.[O][Co].[O][Co][O]&&ERROR.cat0;DAWWEF,0.895
[C]([C]C1=[C][C]=N[C]=[C]1)[C]C1=[C][C]=N[C]=[C]1.[Cd].[Cd]S([Cd]12S34[Cd][S]5[Cd]S62[Cd][S]2[Cd]S71[Cd][S]([Cd]3)[Cd]S13[Cd]4(S([Cd])([Cd])[Cd])S4([Cd]6(S([Cd]71S([Cd])([Cd])[Cd])([Cd]2)[Cd][S]([Cd]4)[Cd]3)S([Cd])([Cd])[Cd])[Cd]5)([Cd])[Cd].[S]C1=[C][C]=[C][C]=[C]1.[S][Cd]&&ERROR.cat7;DAWZEH,0.8925
[O-]C(=O)c1ccc(s1)C(=O)[O-].[OH2][Cu]&&ERROR.cat1;DAYTAZ,0.8591
[Ag].n1ccc(cc1)C1=NCCO1&&ERROR.cat1;DEBGUO,0.2002
[O-][n+]1ccc(cc1)C(=O)[O-].[Zn]&&ERROR.cat1;DECTIP,0.885
Cc1c(C)c(COc2ccccc2C(=O)NCc2ccco2)c(c(c1COc1ccccc1C(=O)NCc1ccco1)C)C.Cc1c(C)c(COc2ccccc2C(=O)[NH]=C[C]2C=C[CH]O2)c(c(c1COc1ccccc1C(=O)[NH]=C[C]1C=C[CH]O1)C)C.[Pr]&&hcb.cat0;DEFYIY,0.8943
[Cu].n1ccc(cc1)C1=NN=N[N]1.n1ccc(cc1)C1=N[N]N=N1&&sql.cat0;DEGJEG,0.8627
O=N(=O)c1cc(ccc1C(=O)[O-])C(=O)[O-].[O-]C(=O)c1c(N(=O)=O)c(N(=O)=O)c(c(c1N(=O)=O)N(=O)=O)C(=O)[O-].[Zn][O]([Zn][O]([Zn])([Zn])[Zn])([Zn])[Zn]&&ERROR.cat0;DEJJIN,0.9
[Ag].c1ccc2c(c1)c(P(c1ccccc1)c1ccccc1)c1c(c2P(c2ccccc2)c2ccccc2)cccc1&&ERROR.cat1;DEJMOV,0.3173
[Fe].n1ccc(cc1)CCc1ccncc1&&sql.cat1;DELHUY01,0.8806
Cl[Hg]Cl.O=C(c1cccnc1)Oc1c(C)c2Cc3c(C)c(Cc4c(c(Cc5c(c(Cc(c1C)c2C)c(C)c(c5C)OC(=O)c1cccnc1)C)c(c(c4C)OC(=O)c1cccnc1)C)C)c(c(c3C)OC(=O)c1cccnc1)C&&sql.cat1;DEPHIQ,0.8489
[Cu].n1ccc(cc1)Nc1ccncc1&&sql.cat1;DEPTIC,0.8838
CCOc1cc(C=Cc2ccncc2)c2c(c1c1c(OCC)cc(c3c1ccc(c3)Cl)C=Cc1ccncc1)ccc(c2)Cl.[Zn]&&ERROR.cat0;DEQDAF,0.8352
CCOc1cc(C=Cc2ccncc2)c2c(c1C1=C(OCC)C=C([C]3C1C=CC(=C3)Cl)C=Cc1ccncc1)ccc(c2)Cl.[Cd]&&ERROR.cat0;DEQDEJ,0.817
CCOc1cc(C=Cc2ccncc2)c2c(c1c1c(OCC)cc(c3c1ccc(c3)Cl)C=Cc1ccncc1)ccc(c2)Cl.[Cd]&&sql.cat1;DEQDUZ,0.8107
CCOc1cc(C=Cc2ccncc2)c2c(c1c1c(OCC)cc(c3c1ccc(c3)Cl)C=Cc1ccncc1)ccc(c2)Cl.Cl[Ni]Cl&&sql.cat1;DEQFAH,0.7927
Cc1[nH][n-]c(c1c1c(C)[n-][nH]c1C)C.[OH2][Co][OH2]&&kgm.cat1;DETHEQ,0.8887
NC1=N[CH]N[N]1.Nc1n[nH]cn1.[Mn].[O-]C(=O)c1ccccc1C(=O)[O-]&&UNKNOWN.cat0;DEYCAN,0.8284
[C]#N.[Cd].[Ni]&&sql.cat0;DEYDOA,0.8135
C(Cc1ccncc1)Cc1ccncc1.[Ag]&&ERROR.cat3;DEYKOJ,0.8404
C(Cc1ccncc1)Cc1ccncc1.[Ag].[OH2][Ag]&&ERROR.cat3;DEYKOJ01,0.8216
"[In].[O-]C(=O)c1cc(OCC(COc2cc(cc(c2)C(=O)[O-])C(=O)[O-])(COc2cc(cc(c2)C(=O)[O-])C(=O)[O-])COc2cc(cc(c2)C(=O)[O-])C(=O)[O-])cc(c1)C(=O)[O-]&&scu,bor.cat0;DEYMOL",0.8266
[O-]C(=O)c1cccc(c1)c1cncc(c1)C(=O)[O-].[Zn][Zn]&&ant.cat0;DEYVUA,0.8922
"[O]S(c1ccc(cc1)C1=C2C=CC(=N2)C(=c2ccc(=C(C3=NC(=C(c4[nH]c1cc4)c1ccc(cc1)S([O])([O])[O])C=C3)c1ccc(cc1)S([O])([O])[O])[nH]2)c1ccc(cc1)S([O])([O])[O])([O])[O].[O][Eu]123[O]4[Eu]56[O]3[Eu]37([O]2[Eu]28[O]1[Eu]14([O]6[Eu]([O]53)([O]21)([O]78)[O])[O])[O]&&alb,UNKNOWN.cat0;DIBJEF",0.5361
[O-]C(=O)c1ccc(cc1)c1cc(cc(c1)c1ccc(cc1)C(=O)[O-])c1ccc(cc1)C(=O)[O-].[O][Co][O]([Co][O])[Co]&&sit.cat1;DIBQIQ,0.8935
[O-]C(=O)c1ccc(cc1)c1cc(cc(c1)c1ccc(cc1)C(=O)[O-])c1ccc(cc1)C(=O)[O-].[O][Co][O]1[Co]O[Co]1&&sit.cat1;DIBQOW,0.8892
[Co][O]([Co])[Co].[O-]C(=O)c1ccc(cc1)c1cc(cc(c1)c1ccc(cc1)C(=O)[O-])c1ccc(cc1)C(=O)[O-]&&sit.cat1;DIBQUC,0.8658
[O-]C(=O)c1ccc(cc1)Oc1ccc(cc1)C(=O)[O-].[OH2][Zn].n1ccc(cc1)c1ccncc1&&ERROR.cat0;DICKOR,0.882
[O-]C(=O)c1ccc(cc1)Oc1ccc(cc1)C(=O)[O-].[OH2][Zn]&&ERROR.cat1;DICKUX,0.864
[Co].[O-]C(=O)c1ccc(cc1)c1ccncc1&&dia.cat1;DIDBAV,0.9
[Co].[O-]C(=O)c1ccc(cc1)c1ccncc1&&dia.cat1;DIDBEZ,0.9004
[Co].[O-]C(=O)c1ccc(cc1)c1ccncc1&&dia.cat1;DIDBID,0.8997
[Co].[O-]C(=O)c1ccc(cc1)c1ccncc1&&dia.cat1;DIDBOJ,0.8999
[O-]C(=O)c1ccc(cc1)Oc1ccc(cc1)C(=O)[O-].[Zn].n1ccc(cc1)[N][N]c1ccncc1&&ERROR.cat0;DIDDIE,0.8981
[O-]C(=O)c1ccc(cc1)Oc1ccc(cc1)C(=O)[O-].[Zn][Zn].n1ccc(cc1)C=Cc1ccncc1&&rob.cat0;DIDDOK,0.9023
[Ag].n1ccc(cc1)C(c1ccncc1)(c1ccncc1)c1ccncc1&&dia.cat0;DIHPIU,0.8442
O=C(c1ccncc1)NCCNC(=O)c1ccncc1.[Cu]&&UNKNOWN.cat1;DIKHOV,0.7972
O=C(c1ccncc1)NCCNC(=O)c1ccncc1.[O][Cu]&&sql.cat1;DIKJEN,0.8668
"[In].[O-]C(=O)c1cc(cc(c1)C(=O)[O-])N(Cc1cccc(c1)C(=O)[O-])Cc1cccc(c1)C(=O)[O-]&&sql,UNKNOWN.cat1;DILJAL",0.7204
CC(C(=O)[O-])C.COc1cc(C=O)c(c(c1)N(=O)=O)[O].[Mn]&&ERROR.cat5;DILKIU,0.8816
[Cu].[O-]C(=O)C(=O)[O-].n1ccc(cc1)SSc1ccncc1&&ERROR.cat1;DIMPUM,0.891
O=C1N(c2ccncc2)C(=O)c2c3c1ccc1c3c(cc2)C(=O)N(C1=O)c1ccncc1.[O-]C(=O)c1ccc(cc1)C(C(F)(F)F)(C(F)(F)F)c1ccc(cc1)C(=O)[O-].[Zn][Zn]&&mab.cat0;DIMQEX,0.8262
[O-]C(=O)c1ccc2c(c1)ccc(c2)N(c1ccc2c(c1)ccc(c2)C(=O)[O-])c1ccc2c(c1)ccc(c2)C(=O)[O-].[Zn]&&llj.cat0;DIRPIF,0.8715
[O-]C(=O)c1ccc2c(c1)ccc(c2)N(c1ccc2c(c1)ccc(c2)C(=O)[O-])c1ccc2c(c1)ccc(c2)C(=O)[O-].[Zn][O]([Zn])([Zn])[Zn]&&pyr.cat1;DIRPOL,0.9004
[O-]C(=O)c1cc(c2ccc(cc2)C(=O)[O-])c(cc1C(=O)[O-])c1ccc(cc1)C(=O)[O-].[OH2][Co]O[Co][OH2].n1ccc(cc1)c1ccncc1&&UNKNOWN.cat0;DIRRUT,0.8807
[O-]C(=O)c1ccc(cc1)c1ccc(cc1)C(c1ccc(cc1)c1ccc(cc1)C(=O)[O-])(c1ccc(cc1)c1ccc(cc1)C(=O)[O-])c1ccc(cc1)c1ccc(cc1)C(=O)[O-].[O][Zr]123([O])[O]4[Zr]56[O]3[Zr]37([O]2[Zr]28[O]1[Zr]14([O]6[Zr]([O]53)([O]21)([O]78)([O])[O])([O])[O])([O])[O]&&flu.cat0;DITJOH,0.9003
[Mn].[Mn]O[Mn]([O])[O].[O-]C(=O)c1cc(cc(c1C(=O)[O-])C(=O)[O-])N(=O)=O.[O-]C(=O)c1cc(cc(c1[O])C(=O)[O-])N(=O)=O&&ERROR.cat0;DITNUR,0.8312
[O-]C(=O)c1ccc(cc1)c1cc(cc(c1)C(=O)[O-])C(=O)[O-].[OH2][Zn][O]([Zn][OH2])([Zn])[Zn]&&UNKNOWN.cat0;DITTEH,0.8978
[Cu].[O-]C(=O)Cn1cnnn1&&kgm.cat2;DITYIQ,0.9016
[Co].[O-]C(=O)c1ccnc(c1)C(=O)[O-].[OH].[O]&&UNKNOWN.cat0;DIXKOL,0.883
"[Cd].[O-]C(=O)c1cc(cc(c1)C(=O)[O-])c1cc(ccc1C(=O)[O-])C(=O)[O-].[OH2][Cd].c1ncn(c1)c1cc(cc(c1)n1cncc1)n1cncc1&&ERROR,UNKNOWN.cat0;DIYTEM",0.8761
[O-]C(=O)c1ccc(o1)C(=O)[O-].[OH2][Cu][Cu][OH2]&&kgm.cat0;DIZQAG,0.8341
[N]([CH]c1ccncc1)[N][CH]c1ccncc1.[OH2][Co][OH2].[O]S(=O)(=O)[O]&&UNKNOWN.cat1;DOHCIO,0.8884
[N]([CH]c1ccncc1)[N][CH]c1ccncc1.[OH2][Co][OH2].[O]S(=O)(=O)[O]&&UNKNOWN.cat1;DOHCOU,0.8756
[N]([CH]c1ccncc1)[N][CH]c1ccncc1.[OH2][Zn][OH2].[O]S(=O)(=O)[O]&&UNKNOWN.cat1;DOHCUA,0.8948
[N]([CH]c1ccncc1)[N][CH]c1ccncc1.[OH2][Zn][OH2].[O]S(=O)(=O)[O]&&UNKNOWN.cat1;DOHDAH,0.8885
[O-]C(=O)c1cc(ccc1C(=O)[O-])C(=O)[O-].[OH2][Zn].[Zn].n1ccc(cc1)c1[nH]nc(n1)c1ccncc1&&dia.cat0;DOHNUL,0.8706
[O-]C(=O)c1cc(I)c(cc1I)C(=O)[O-].[Zn][Zn]&&sql.cat1;DOJKAQ,0.8974
"[Cu][Cu].[O-]C(=O)c1ccc(cc1)CNCc1ccc(cc1)C(=O)[O-]&&UNKNOWN,nbo.cat0;DOKDEN",0.8859
[O-]C(=O)c1c(Cl)c(Cl)c(c(c1Cl)Cl)C(c1c(Cl)c(Cl)c(c(c1Cl)Cl)C(=O)[O-])c1c(Cl)c(Cl)c(c(c1Cl)Cl)C(=O)[O-].[OH2][Tb]&&spn.cat0;DOMDAL,0.4542
CC1c2cc(c(cc2OCC(=O)[O-])OCC(=O)[O-])C(C)c2cc(c(cc2OCC(=O)[O-])OCC(=O)[O-])C(c2cc(C(c3cc1c(OCC(=O)[O-])cc3OCC(=O)[O-])C)c(OCC(=O)[O-])cc2OCC(=O)[O-])C.[O][Co].[O][Co]([O])[O]&&UNKNOWN.cat0;DONKIC,0.8589
CC1c2cc(c(cc2OCC(=O)[O-])OCC(=O)[O-])C(C)c2cc(c(cc2OCC(=O)[O-])OCC(=O)[O-])C(c2cc(C(c3cc1c(OCC(=O)[O-])cc3OCC(=O)[O-])C)c(OCC(=O)[O-])cc2OCC(=O)[O-])C.[O][Ni].[O][Ni]([O])[O]&&UNKNOWN.cat0;DONKOI,0.8231
[Ga].[O-]C(=O)c1ccc(cc1)C(=O)[O-].[O]&&rna.cat0;DONNAW01,0.8971
[Ga].[O-]C(=O)c1ccc(cc1)C(=O)[O-].[OH]&&rna.cat0;DONNEA,0.7504
[Ga].[O-]C(=O)c1ccc(cc1)C(=O)[O-].[O]&&rna.cat0;DONNIE,0.9025
[Co].[O]S(=O)(=O)[O].c1nc2c([nH]1)cc1c(c2)[nH]cn1&&crb.cat0;DONXUB,0.6438
[Mn].[O-]C(=O)C.[O-]C(=O)c1cc(ccc1c1ccc(cc1C(=O)[O-])C(=O)[O-])C(=O)[O-]&&UNKNOWN.cat0;DOQSAF,0.8869
[In].[O-]C(=O)C1CCC(C1(C)C)(C)C(=O)[O-]&&qtz.cat0;DORDUK,0.7439
[In].[O-]C(=O)C1CCC(C1(C)C)(C)C(=O)[O-]&&qtz.cat0;DORFAS,0.8128
[O-]C(=O)c1ccc2c(c1)c1cc(ccc1n2c1ccccc1)C(=O)[O-].[Zn]O[Zn]&&UNKNOWN.cat1;DORHID,0.8679
O=C(c1ccncc1)OCc1cc(COC(=O)c2ccncc2)cc(c1)COC(=O)c1ccncc1.[Cu]&&UNKNOWN.cat0;DOTFID,0.8931
Cc1[nH][n-]c(c1c1c(C)[n-][nH]c1C)C.[O-]C(=O)c1ccc(cc1)C(=O)[O-].[Zn]&&qtz.cat0;DOTHUR,0.8206
[Cu][Cu].[O-]C(=O)c1cc(cc(c1)C(=O)[O-])C(=O)[O-]&&tbo.cat0;DOTSOV43,0.8406
[In].[O-]C(=O)C1CCC(C1(C)C)(C)C(=O)[O-]&&qtz.cat0;DOTTUC,0.7356
[Co].n1ccc(cc1)c1ccc(cc1)c1ccncc1&&ERROR.cat2;DOTYIW,0.6577
[Al].[O-]C(=O)C=CC(=O)[O-].[OH]&&rna.cat0;DOYBEA,0.7863
[O-]C(=O)c1cc(c2cc(cc(c2)C(=O)[O-])C(=O)[O-])c(cc1c1cc(cc(c1)C(=O)[O-])C(=O)[O-])C(=O)[O-].[O][Zn].[Zn]&&UNKNOWN.cat0;DOYHOQ,0.8869
"[O-]C(=O)c1cc(c2cc(cc(c2)C(=O)[O-])C(=O)[O-])c(cc1c1cc(cc(c1)C(=O)[O-])C(=O)[O-])C(=O)[O-].[OH2][Zn].[Zn][Zn]&&kgm,UNKNOWN.cat0;DOYHUW",0.878
[Co].c1ccc2-c(cc1)c(cc2c1ccncc1)c1ccncc1.n1ccc(cc1)c1ccncc1&&hcb.cat0;DOYWIZ,0.721
Cl[Mn]123(Cl)[N]4=C5C=CC4=C(c4n2c(C(=C2[N]1=C(C=C2)C(=c1n3c(=C5c2ccc(cc2)C2=NN=N[N]2)cc1)c1ccc(cc1)C1=NN=N[N]1)c1ccc(cc1)C1=NN=N[N]1)cc4)c1ccc(cc1)C1=NN=N[N]1.[O][Mn].[O][Mn]Cl&&scu.cat0;DOZCEC,0.9041
[Co].[O-]C(=O)C(=O)[O-].[O-]C(=O)c1cc(nc(c1)c1ccncc1)c1ccncc1&&UNKNOWN.cat1;DUBJUH,0.8891
[Ni].[O-]C(=O)C(=O)[O-].[O-]C(=O)c1cc(nc(c1)c1ccncc1)c1ccncc1&&UNKNOWN.cat1;DUBKAO,0.8844
[O-]C(=O)c1cc(N)c(cc1N)C(=O)[O-].[O].[Sr]&&rna.cat0;DUBXOP,0.8588
O=C=O.[O-]C(=O)c1ccc(cc1)OCC(COc1ccc(cc1)C(=O)[O-])(COc1ccc(cc1)C(=O)[O-])COCC(COc1ccc(cc1)C(=O)[O-])(COc1ccc(cc1)C(=O)[O-])COc1ccc(cc1)C(=O)[O-].[Zn][O]([Zn])[Zn]&&UNKNOWN.cat0;DUDVUV,0.8217
[Ce].[O-]C(=O)c1ccc(cc1)c1cc(cc(c1)c1ccc(cc1)C(=O)[O-])c1ccc(cc1)C(=O)[O-].[O][Ce]1([O])([O])([O])O[Ce](O1)([O])([O])([O])[O]&&UNKNOWN.cat0;DUFKAS,0.5445
[OH2][Ni]([OH2])[OH2].n1ccc(cc1)CCc1ccncc1&&ERROR.cat1;DUFKOG,0.8458
[O-]C(=O)c1cc(CSc2nc3c([nH]2)cccc3)cc(c1)C(=O)[O-].[Zn]&&kgd.cat0;DUGFAO,0.8126
"[O-]C(=O)c1cc(OCc2cccc(c2)COc2cc(cc(c2)C(=O)[O-])C(=O)[O-])cc(c1)C(=O)[O-].[O][Cu][Cu].[O][Cu][Cu][O]&&ERROR,zmj.cat1;DUGMOJ",0.8879
O=C1N2CN3C(=O)N4C5C3N3CN6C2C2N1CN1C(=O)N7C8C1N(CN2C6=O)C(=O)N8CN1C2N(C7)C(=O)N6C2N(C1=O)CN1C2N(C6)C(=O)N6CN7C(=O)N(C4)C4N(CN5C3=O)C(=O)N(C74)CN(C26)C1=O.[O][Dy]([O])([O])([O])[O]&&ERROR.cat1;DUGWAF,0.5223
[Fe].n1ccc(cc1)C=Cc1ccncc1&&sql.cat1;DUHPUT,0.8877
[O-]C(=O)c1ccc(cc1)C(=O)[O-].[Zn].c1ncn(c1)c1cc(cc(c1)n1cncc1)n1cncc1&&dia.cat0;DUJDAP,0.8458
[Co].[O-]C(=O)c1ccc(cc1)C(C(F)(F)F)(C(F)(F)F)c1ccc(cc1)C(=O)[O-].n1ccc(cc1)OCC(COc1ccncc1)(COc1ccncc1)COc1ccncc1&&UNKNOWN.cat0;DUKNOO,0.4141
C[C]1N=NC(=C1c1ccc(cc1)C1=C(C)N=N[C]1C)C.[Co]&&dmd.cat0;DUKYIT,0.7673
[Dy].[O-][n+]1ccc(cc1)C(=O)[O-]&&ERROR.cat0;DUMXEQ,0.8121
[Dy].[O-][n+]1ccc(cc1)C(=O)[O-]&&ERROR.cat0;DUMXEQ01,0.8137
[O-]C(=O)c1ccc2c(c1)n(Cc1ccc(cc1)n1cncn1)c(n2)c1ccc(cc1)n1cncn1.[OH2][Cd]&&ERROR.cat1;DUMZES,0.8864
C1=N[N]C=N1.[Cd].[N]1=CN=NC=1.[O-]C(=O)c1ccc(cc1)C(=O)[O-].[OH2][Cd].[O][Cd]&&ERROR.cat0;DUPJAB,0.8383
[O-]C(=O)c1ccc(cc1)c1cccc(c1)c1ccc(cc1)C(=O)[O-].[Zn]12[O]3456[Zn]7[O]89%101[Zn]3[O]27([Zn]48)([Zn]59)[Zn]6%10.[Zn][O]([Zn])([Zn])[Zn]&&pcu.cat1;DUPKAC,0.8979
[In]123[O]456[In]78[O]9%101[In]14[O]427[In]59[O]381[In]6%104.[In][O]([In])[In].[O-]C(=O)c1ccc(cc1)c1cncc(c1)c1ccc(cc1)C(=O)[O-]&&fsh.cat1;DUPKIK,0.8833
Nc1ncnc2=[N]=CN=c12.[O-]C(=O)c1cc(cc(c1)C(=O)[O-])C(=O)[O-].[OH2][Zn].[Zn]&&UNKNOWN.cat0;DUPVER,0.8978
"[O-]C(=O)c1cc(cc(c1)C(=O)[O-])c1ccc(cc1)c1cc(cc(c1)C(=O)[O-])C(=O)[O-].[Zn]&&dia,tfa.cat0;DURDAX",0.9039
[O-]C(=O)c1cc(cc(c1)C(=O)[O-])c1ccc(cc1)c1cc(cc(c1)C(=O)[O-])C(=O)[O-].[OH2][Zn].[Zn]&&hcb.cat0;DURDIF,0.901
[Ni][O]([Ni])[Ni].[O-]C(=O)c1ccc(cc1)C(=O)[O-].[O-]C(=O)c1ccncc1&&ncb.cat0;EBAMOL,0.8887
[Cd].[O-]C(=O)c1ccc(cc1)c1cc(cc(c1)c1ccc(cc1)C(=O)[O-])c1ccc(cc1)C(=O)[O-].n1ccc(cc1)c1ccncc1&&UNKNOWN.cat0;EBEVAK,0.8964
[O-]C(=O)c1cc(cc(c1)C(=O)[O-])C(=O)[O-].[O][Gd]&&UNKNOWN.cat0;EBEWIT,0.8993
[Gd].[O-]C(=O)c1cc(cc(c1)C(=O)[O-])C(=O)[O-]&&rnb.cat0;EBEWOZ,0.8926
[Gd].[O-]C(=O)c1cc(cc(c1)C(=O)[O-])C(=O)[O-]&&rnb.cat0;EBEWOZ01,0.8948
[O-]C(=O)c1cc(cc(c1)C(=O)[O-])C(=O)[O-].[O][Gd]&&UNKNOWN.cat0;EBEXAM,0.8903
O=C(c1ccncc1)[CH]C(=O)c1ccncc1.[Ag].[Fe]&&UNKNOWN.cat1;EBICOJ,0.683
O=C(c1ccncc1)[CH]C(=O)c1ccncc1.[Ag].[Fe]&&UNKNOWN.cat1;EBICUP,0.8568
O=C(c1ccncc1)[CH]C(=O)c1ccncc1.[Ag].[Fe]&&UNKNOWN.cat1;EBIDAW,0.8535
[Ni].[O-]C(=O)c1ccnc(c1)C(=O)[O-].[Pd]&&ERROR.cat1;EBIJEG,0.8978
Cc1nc2c(n1CCCCn1c(C)nc3c1cccc3)cccc2.Cc1nc2c(n1CCC[C]n1c(C)nc3c1cccc3)cccc2.Nc1cc(cc(c1)C(=O)[O-])C(=O)[O-].[Ag]&&ERROR.cat0;EBISIT,0.8575
CC(=Cc1ccncc1)c1cccnc1.CC(c1cccnc1)([CH]c1ccncc1)C.[Co]&&kgm.cat0;EBOFEH,0.6104
N#Cc1ccc(cc1)COc1ccccc1c1nnc(o1)c1ccccc1OCc1ccc(cc1)C#N.[Ag]&&ERROR.cat1;EBUWUV,0.7228
N#Cc1ccc(cc1)COc1ccccc1c1nnc(o1)c1ccccc1OCc1ccc(cc1)C#N.[Ag]&&ERROR.cat0;EBUXAC,0.6202
N#Cc1ccc(cc1)COc1cccc(c1)c1nnc(o1)c1cccc(c1)OCc1ccc(cc1)C#N.[Ag]&&sql.cat0;EBUXOQ,0.5138
N#Cc1ccc(cc1)COc1cccc(c1)c1nnc(o1)c1cccc(c1)OCc1ccc(cc1)C#N.[Ag]&&sql.cat0;EBUXUW,0.5042
N#Cc1ccc(cc1)COc1cccc(c1)c1nnc(o1)c1cccc(c1)OCc1ccc(cc1)C#N.[Ag]&&sql.cat0;EBUYAD,0.5146
O=C(c1ccncc1)[CH]C(=O)C.[Cu]&&ERROR.cat0;ECAHEX,0.8905
O=C(c1ccncc1)[CH]C(=O)C.[Cu]&&nbo.cat0;ECAHIB,0.8766
O=C(c1ccncc1)[CH]C(=O)C.[Cu]&&nbo.cat0;ECAHOH,0.8883
C1N2CN3CN1CN(C2)C3.[Ag]&&hcb.cat1;ECITIT,0.7356
[O-]C(=O)c1ccc(cc1)c1ccncc1.[Zn]O[ZnH]&&ERROR.cat0;ECIWOC,0.7285
N#Cc1c(F)c(F)c(c(c1F)F)c1c(F)c(F)c(c(c1F)F)C#N.[O-]C(=O)CC(=O)[O-].[Rh][Rh]&&ERROR.cat1;ECIZEV,0.864
[O-]C(=O)c1ccc(cc1)C1=NC2=NC(=[N]=C3N2C(=[N]=C([N]3)c2ccc(cc2)C(=O)[O-])[N]1)c1ccc(cc1)C(=O)[O-].[O-]C(=O)c1ccc(cc1)C1=NC2=[N]=C(N=C3N2C(=[N]=C([N]3)c2ccc(cc2)C(=O)[O-])[N]1)c1ccc(cc1)C(=O)[O-].[O-]C(=O)c1ccc(cc1)C1=[N]=C2N3C(=[N]=C([N]C3=[N]=C([N]2)c2ccc(cc2)C(=O)[O-])c2ccc(cc2)C(=O)[O-])[N]1.[O][Zn].[Zn]&&ERROR.cat0;ECOKAJ,0.9067
[N]1N=NC(=N1)c1cc(cc(c1)C1=NN=N[N]1)C1=N[N]N=N1.[N]1N=NC(=N1)c1cc(cc(c1)C1=N[N]N=N1)C1=N[N]N=N1.[O][Co]([O])[O]&&srs.cat0;ECOLEP,0.9018
N#C[N]c1cc(C)c(cc1C)[N]C#N.[Mn]&&ERROR.cat1;ECOSAQ,0.8847
COc1cc([N]C#N)c(cc1[N]C#N)OC.[Mn]&&ERROR.cat0;ECOSEU,0.8512
[C]1[C]N2[N][C][C]N([N]1)[C]2.[O-]C(=O)c1ccc(cc1)c1ccc(cc1)N(c1ccc(cc1)c1ccc(cc1)C(=O)[O-])c1ccc(cc1)c1ccc(cc1)C(=O)[O-].[Zn]&&hms.cat1;ECOWUQ,0.8614
S=[C]1=NN=C(O1)c1ccncc1.[OH2][Ni][OH2]&&sql.cat0;EDAJOJ,0.8483
Cl[Cu]Cl.[C]1=[C][C]=C([C]=N1)O[C]C([C]OC1=[C][C]=[C]N=[C]1)([C]OC1=[C]N=[C][C]=[C]1)[C]OC1=[C]N=[C][C]=[C]1&&crb.cat0;EDAPIK,0.8942
.[C]=O.[Mn]&&ERROR.cat3;EDIMOT,0.8975
[O-]C(=O)c1cccc(c1)C(=O)[O-].[Zn][OH]1[Co]([O])([O])[OH2][Co]21[OH2][Co]([OH]2[Zn])([O])[O]&&sql.cat0;EDOTUN,0.8926
[O-]C(=O)c1cccc(c1)C(=O)[O-].[Zn][OH]1[Co]([OH2])([OH2])[OH2][Co]21[OH2][Co]([OH]2[Zn])([OH2])[OH2]&&sql.cat0;EDOTUN01,0.8814
[O-]C(=O)c1ccc(cc1)C(=O)[O-].[Zn][O]([Zn])([Zn])[Zn]&&pcu.cat0;EDUSIF,0.9
[O-]C(=O)c1ccc(cc1)c1ccc(cc1)C(=O)[O-].[Zn][O]([Zn])([Zn])[Zn]&&sql.cat1;EDUVAA,0.8727
[O-]C(=O)c1cc2[C]3[C][C]([C]3)c3c4-c2c(c1)[C]1[C][C]([C]1)c4cc(c3)C(=O)[O-].[O-]C(=O)c1cc2[C]3[C][C]([C]3)c3c4-c2c(c1)[C]1[C][C][C]1c4cc(c3)C(=O)[O-].[O-]C(=O)c1cc2[C]3[C][C][C]3c3c4-c2c(c1)[C]1[C][C][C]1c4cc(c3)C(=O)[O-].[Zn][O]([Zn])([Zn])[Zn]&&pcu.cat0;EDUVII,0.8982
[O-]C(=O)c1cc2ccc3c4c2c(c1)ccc4cc(c3)C(=O)[O-].[Zn][O]([Zn])([Zn])[Zn]&&pcu.cat0;EDUVOO,0.9028
[Cu][Cu].[O-]C(=O)c1ccc2c(c1)cccn2&&sql.cat0;EFADEV,0.8794
[O-]C(=O)c1ccc(cc1)c1cc2OCCOCCOc3cc(c4ccc(cc4)C(=O)[O-])c(cc3OCCOCCOc2cc1c1ccc(cc1)C(=O)[O-])c1ccc(cc1)C(=O)[O-].[Zn][O]([Zn][O]([Zn])[Zn])[Zn]&&ERROR.cat1;EFESEP,0.8494
[O-]C(=O)c1ccc(cc1)c1cc2OCCOCCOc3cc(c4ccc(cc4)C(=O)[O-])c(cc3OCCOCCOc2cc1c1ccc(cc1)C(=O)[O-])c1ccc(cc1)C(=O)[O-].[Zn][O]([Zn][O]([Zn])[Zn])[Zn]&&ERROR.cat1;EFESOZ,0.8327
[Cd].[O-]C(=O)c1cccc(c1)C(=O)[O-].n1ccc(cc1)c1sc(c(c1c1ccncc1)c1ccncc1)c1ccncc1&&UNKNOWN.cat3;EFIKAG,0.8493
CSc1ccc(cc1)N(c1ccc(cc1)SC)c1ccc(cc1)SC.[Ag]&&ERROR.cat0;EFIPEO,0.7451
[O-][n+]1ccc(cc1)c1cc[n+](cc1)[O-].[Tb]&&fes.cat1;EFOLEQ,0.85
[O-][n+]1ccc(cc1)c1cc[n+](cc1)[O-].[Tb]&&fes.cat1;EFOLIU,0.8958
O=C1[N]NC(=O)c2c1cc(cc2)S(=O)(=O)c1ccc2c(c1)C(=O)[N]NC2=O.[O][Ba][O]&&ERROR.cat1;EFORIC,0.3383
[Co][O]([Zn])[Zn].[O-]C(=O)c1ccc(cc1)c1cc(cc(c1)c1ccc(cc1)C(=O)[O-])c1ccc(cc1)C(=O)[O-]&&sit.cat1;EGATEM,0.8657
[Ni][O]([Zn])[Zn].[O-]C(=O)c1ccc(cc1)c1cc(cc(c1)c1ccc(cc1)C(=O)[O-])c1ccc(cc1)C(=O)[O-]&&sit.cat1;EGATIQ,0.8716
C1=CC=C([C]=C1)P(c1ccccc1)C1=CC=C[CH]1.C1=C[C]=C(C=C1)P(c1ccccc1)C1=CC=C[CH]1.[Fe].[Pt].c1ccc(cc1)P(c1ccccc1)C1=CC=C[CH]1.c1ccc(cc1)P(c1ccccc1)C1=C[CH]C=C1.n1ccc(cc1)C1=C2C=CC(=C(c3ccncc3)C3=NC(=C(C4=CC=C(C(=C5N=C1C=C5)c1ccncc1)[N]4)c1ccncc1)C=C3)[N]2&&ERROR.cat2;EGEJEG,0.8469
[Al].[C]C(=[C])C1=[C][C]=C([C]=[C]1)C(=[C])[C].[O]&&bpq.cat0;EGELUY,0.9312
CCSC1=C(SCC)SC(=C2SC(=C(S2)SCCC#N)SCCC#N)S1.[Ag]&&fes.cat1;EGIQUI,0.6652
[O-]C(=O)CC(C(=O)[O-])O.[O][Mn].n1ccc(cc1)c1ccncc1&&UNKNOWN.cat1;EGOKUH,0.8863
[Cd].n1ccc(cc1)C=Cc1ccncc1&&ERROR.cat1;EGUGIY,0.8322
[Cd].n1ccc(cc1)CCc1ccncc1&&ERROR.cat1;EGUGUK,0.8877
"[O-]C(=O)c1ccc(cc1)N(c1ccc(cc1)C(=O)[O-])c1ccc(cc1)c1ccc(cc1)N(c1ccc(cc1)C(=O)[O-])c1ccc(cc1)C(=O)[O-].[Zn][O]([Zn])([Zn])[Zn]&&cor,ttu.cat0;EHIJAH",0.8935
O=C(c1ccccn1)[N]C(=O)c1ccccn1.[Fe]&&ERROR.cat1;EJAWER,0.8342
C1COCCOc2cc(COCc3cccnc3)c(cc2OCCOCCOCCOc2c(OCCO1)cc(COCc1cccnc1)c(c2)COCc1cccnc1)COCc1cccnc1.[OH2][Cd](Cl)[OH2]&&UNKNOWN.cat1;EJEKEK,0.7063
Cl[Co]Cl.[Co].[O]c1ccccc1C1=NN=C([N]1)c1ccncc1&&sql.cat1;EJEKOU01,0.8069
[Cu].[O-]C(=O)c1ccccc1[O].n1ccc(cc1)c1ccncc1&&ERROR.cat0;EJOGOZ,0.8987
CCCCCCn1cnc2c1[N]C=N[C]2N.[Ag]&&ERROR.cat1;EKAZAS,0.7725
Oc1cc(cc(c1)C(=O)[O-])C(=O)[O-].[Cd].[OH2][Ca][OH2]&&ERROR.cat0;EKOPOK,0.7429
CC(=O)[C](c1ccncc1)C(=O)C.[Cu]&&sql.cat0;EKUDET,0.893
Cc1cc(N=Cc2cc(cc(c2[O])C(C)(C)C)c2ccncc2)c(c(c1C)c1c(C)c(C)cc(c1[O])N=Cc1cc(cc(c1[O])C(C)(C)C)c1ccncc1)[O].[Cu].[Cu][O]([Cu])[Cu].[O]S(=O)(=O)[O]&&ERROR.cat0;EKUPEG,0.9039
CC1=[N]=C(N=N1)C.[Ag]&&fes.cat1;EMAHIK,0.9061
Oc1cc(cc(c1)C(=O)[O-])C(=O)[O-].[Zn]&&sql.cat1;EMECUV,0.8662
C1=C[N]C=N1.[S][In]1S[In]2S[In]([S])S[In]3S[In]4S[In](S1)S[In]1S[In](S2)S[In](S1)S[In](S4)S3&&dia.cat1;EMIFOW,0.8525
Cc1cc2N=C[N]c2cc1C.[S][In]1S[In]2S[In]([S])S[In]3S[In]4S[In](S1)S[In]1S[In](S2)S[In](S1)S[In](S4)S3&&dia.cat1;EMIHAK,0.8827
Cc1cc2N=C[N]c2cc1C.[S][Cd]12S[In]3S[In]4S[In]5S[Cd]67S82[Cd]29S[In]%10S[In]%11S[In](S6)S[In](S7)S[In](S[In](S1)S3)S[In](S2)S[In](S9)S[In]1S[In]([S]2[Cd]8(S[In](S5)S%11)S[In](S4)S[In]2S1)S%10&&dia.cat1;EMIHIS,0.8931
[Cd].[O-]C(=O)c1ccc2-c3c(S(=O)(=O)c2c1)cc(cc3)C(=O)[O-]&&sql.cat1;EMITOK,0.8924
[O-]C(=O)c1ccc2-c3c(S(=O)(=O)c2c1)cc(cc3)C(=O)[O-].[Zn][Zn].n1ccc(cc1)c1ccncc1&&pcu.cat1;EMITUQ,0.884
[O-]C(=O)c1ccc2-c3c(S(=O)(=O)c2c1)cc(cc3)C(=O)[O-].[Zn][Zn].n1ccc(cc1)c1ccncc1&&pcu.cat1;EMITUQ01,0.8716
[Ga].[O-]C(=O)c1cc(cc(c1)C(=O)[O-])C(=O)[O-]&&ctn.cat0;ENATUJ,0.8987
O=C1NCCN1.[Co].[O-]C(=O)c1ccc(cc1)C(=O)[O-]&&UNKNOWN.cat0;EPEWAY01,0.8818
[O-]C(=O)C1CCCCC1C(=O)[O-].[Zn][Zn].n1ccc(cc1)c1ccncc1&&sql.cat0;EPEXUT,0.88
[O-]C(=O)c1ccc(cc1)OCC(COc1ccc(cc1)C(=O)[O-])(COc1ccc(cc1)C(=O)[O-])COc1ccc(cc1)C(=O)[O-].[O][Cu][Cu][O]&&pts.cat0;EPOTAF,0.9053
[O-]C(=O)c1ccc(cc1)P(=O)(c1ccc(cc1)C(=O)[O-])c1ccc(cc1)C(=O)[O-].[O][Mg][OH]1[Mg]([O])[OH]([Mg]1[O])[Mg][O]&&kgd.cat0;EQERAU,0.8935
C1=N[CH]C(=N1)c1cc(cc(c1)C1=CN=C[N]1)C1=CN=C[N]1.N1=C[N]C(=C1)c1cc(cc(c1)C1=CN=C[N]1)C1=CN=C[N]1.[Co]&&UNKNOWN.cat0;EQEREY,0.8986
"C1=N[CH]C(=N1)c1cc(cc(c1)C1=CN=C[N]1)C1=CN=C[N]1.N1=C[N]C(=C1)c1cc(cc(c1)C1=CN=C[N]1)C1=CN=C[N]1.[Co]&&crb,cpv.cat0;EQERIC",0.8552
Oc1cc(cc(c1)C(=O)[O-])C(=O)[O-].[Mn]&&UNKNOWN.cat1;EQOFUM,0.8764
[Co].c1cc(C=Cc2ccncc2)nc(c1)C=Cc1ccncc1&&kgm.cat0;EQOXEN,0.8903
[Cd].[O-]C(=O)c1ccc(cc1)OCC(COc1ccc(cc1)C(=O)[O-])(COc1ccc(cc1)C(=O)[O-])COc1ccc(cc1)C(=O)[O-].[O][Cd]([O])[O]&&dia.cat1;EREGOY,0.8911
[O-]C(=O)C1=C[CH]C(=C=[C]C#Cc2ccc(cc2)C(=O)[O-])C=C1.[O-]C(=O)c1ccc(cc1)C#CC#Cc1ccc(cc1)C(=O)[O-].[O][Zn][O]([Zn][O])([Zn])[Zn].[Zn][O]([Zn])([Zn])[Zn]&&MISMATCH.cat3;ETAXUT,0.8611
[Fe].c1ccc(cn1)c1cccnc1&&sql.cat1;ETECOW,0.8154
O=C1N2CN3C(=O)N4C5C3N3CN6C2C2N1CN1C(=O)N7C8C1N(CN2C6=O)C(=O)N8CN1C2N(C7)C(=O)N6C2N(C1=O)CN1C2N(C6)C(=O)N6C2N(C1=O)CN1C2C7N(CN8C(=O)N(C4)C4N(CN5C3=O)C(=O)N(C84)CN7C1=O)C(=O)N2C6.[O][Rb]1[O]2[O]1[Rb]2[O]&&dia.cat0;ETEPID,0.8471
C(Cc1ccncc1)Cc1ccncc1.[Cd].[O-]C(=O)c1c2ccccc2c(c2c1cccc2)C(=O)[O-].[O]S(=O)(=O)[O]&&bcu.cat0;ETESIG,0.8433
N1=C[N]N([CH]1)Cc1ccc(cc1)c1ccc(cc1)CN1[N]C=N[CH]1.[O-]C(=O)C12CC3CC(C1)CC(C2)(C3)C(=O)[O-].[Zn]&&ERROR.cat1;ETEVUV,0.8853
C1Cc2nnc3c4c2c(C1)nnc4CCC3.[Cu]&&sod.cat0;EVAKOB,0.8809
O=[C]1=NC=CC=N1.[CH]1C=C[N][C](=N1)=O.[Cu].[N][Cu].[N][Cu][N]&&ERROR.cat5;EVEGIV,0.871
[Fe].[O-]C(=O)c1nc[nH]c1C(=O)O&&sql.cat0;EVONOS,0.5705
[Ag][Ag].n1ccc(cc1)c1ccncc1&&UNKNOWN.cat0;EVUSOE,0.8742
[O-]C(=O)c1cc(C)c(c(c1)C)c1c(C)cc(cc1C)C(=O)[O-].[Zn][O]([Zn])([Zn])[Zn]&&pcu.cat1;EWALUK,0.8761
[Ag].[Fe].[O-]C(=O)c1cnccn1&&UNKNOWN.cat0;EWEWUZ,0.8537
[O-]C(=O)C(=O)[O-].[OH2][Mn].n1ccc(cc1)C=Cc1ccncc1&&ERROR.cat0;EWIMON,0.8772
Ic1cc(cc(c1)C(=O)[O-])C(=O)[O-].[Mn].n1ccc(cc1)C=Cc1ccncc1&&sql.cat1;EWUQIX,0.8722
[O][Mo]1234[Cu]5[S]3[Cu][S]2[Cu]1[S]45.n1ccc(cc1)c1ccncc1&&hcb.cat0;EWUTAS,0.8879
[O][W]1234[Cu]5[S]3[Cu][S]2[Cu]1[S]45.n1ccc(cc1)c1ccncc1&&ERROR.cat0;EWUTEW,0.88
O=C(c1cccnc1)Nc1ccccc1NC(=O)c1cccnc1.[Ag]&&ERROR.cat1;EXEHUK,0.7062
[O-]C(=O)c1cc(cc(c1)C(=O)[O-])c1cc(cc(c1)C(=O)[O-])C(=O)[O-].[O].[Sc]&&UNKNOWN.cat0;EXEQII,0.8997
[O-]C(=O)c1sc2c(c1)cc1c(c2)sc(c1)C(=O)[O-].[Zn]&&ERROR.cat3;EXEVIN,0.8714
[O-]C(=O)c1sc2c(c1)cc1c(c2)sc(c1)C(=O)[O-].[Zn][Zn].n1ccc(cc1)c1ccncc1&&pcu.cat1;EXEWAG,0.891
C(Cc1ccncc1)Cc1ccncc1.[O-]C(=O)c1sc2c(c1)cc1c(c2)sc(c1)C(=O)[O-].[Zn]&&sql.cat3;EXEWOU,0.7975
[O-]C(=O)c1sc2c(c1)cc1c(c2)sc(c1)C(=O)[O-].[Zn].[Zn][Zn]&&ERROR.cat1;EXEWUA,0.8997
N#C[N]C#N.[Cu].n1ccc(cc1)CCc1ccncc1&&pcu.cat1;EXOJAC,0.7678
[O-]C(=O)c1cccc(c1c1c(cccc1C(=O)[O-])C(=O)[O-])C(=O)[O-].[O][Ni]([O])[O].n1ccc(cc1)C1=NC(=[N]=C([N]1)c1ccncc1)c1ccncc1&&UNKNOWN.cat0;EXOTOB,0.901
[Cd].[O-]C(=O)c1cccc(c1c1c(cccc1C(=O)[O-])C(=O)[O-])C(=O)[O-].n1ccc(cc1)C1=NC(=[N]=C([N]1)c1ccncc1)c1ccncc1&&UNKNOWN.cat0;EXOTUH,0.8913
[Cu][Cu].[O-]C(=O)CCn1c(=O)n(CCC(=O)[O-])c(=O)n(c1=O)CCC(=O)[O-].[O][Cu][O]&&ERROR.cat0;EXOZIB,0.8945
CC(=O)[C](c1ccncc1)C(=O)C.Cl[Cd]Cl.[Al]&&ERROR.cat1;EXUXUR,0.7722
[Cd].[O-]C(=O)c1ccc(cc1)n1cncc1&&dia.cat0;EYOPOY,0.8561
[Cd].[O-]C(=O)c1ccc(cc1)n1ccnc1C&&dia.cat0;EYOPUE,0.7233
[Co].[O-]C(=O)c1ccc(cc1)n1ccnc1C&&dia.cat0;EYOQAL,0.6932
[Cd].[O-]C(=O)c1ccc(cc1)n1ccnc1C&&dia.cat1;EYOQEP,0.8618
C(Cc1ccncc1)Cc1ccncc1.[Co].[O-]C(=O)c1ccc(s1)C(=O)[O-]&&ERROR.cat0;EYULOA,0.7821
[Cu][Cu].[O-]C(=O)c1cc(C#Cc2cccnc2)cc(c1)C(=O)[O-]&&eea.cat0;EZILUV,0.891
"[C]N1[N]C2C1C1=C3[CH][C][C](C#Cc4cc(cc(c4)C(=O)[O-])C(=O)[O-])[CH]C(=C4C5C(C(=C2[CH][C][C]([CH]1)C#Cc1cc(cc(c1)C(=O)[O-])C(=O)[O-])[CH][C]([C][CH]4)C#Cc1cc(cc(c1)C(=O)[O-])C(=O)[O-])N([C])[N]5)C1C3[N]N1[C].[C]N1[N]C2C1C1=C[C]([C]C=C2C2=C[C]([C]C=C(C3C2N([C])[N]3)C2=C[C]([C]C=C1C1[N]N(C21)[C])C#Cc1cc(cc(c1)C(=O)[O-])C(=O)[O-])C#Cc1cc(cc(c1)C(=O)[O-])C(=O)[O-])C#Cc1cc(cc(c1)C(=O)[O-])C(=O)[O-].[O-]C(=O)C1=C[C]=CC(=C1)C(=O)[O-].[O-]C(=O)c1cc(C#C[C]2[C]C=C3C4=C[C](C#Cc5cc(cc(c5)C(=O)[O-])C(=O)[O-])[C]C=C(C5C4N([C])[N]5)C4=C[C]([C]C=C(C(=C2)C2C3N([N]2)[C])C2[N]N(C42)[C])C#Cc2cc(cc(c2)C(=O)[O-])C(=O)[O-])cc(c1)C(=O)[O-].[O-]C(=O)c1cc(C#C[C]2[C][CH]C3=C4[CH][C](C#Cc5cc(cc(c5)C(=O)[O-])C(=O)[O-])[C][CH]C(=C5C6C(C(=C([CH]2)C2C3N([N]2)[C])[CH][C][C](C#Cc2cc(cc(c2)C(=O)[O-])C(=O)[O-])[CH]5)N([C])[N]6)C2C4N([C])[N]2)cc(c1)C(=O)[O-].[Zn][Zn]&&ERROR,MISMATCH.cat2;EZIMEG",0.8612
[C]#Cc1cc(cc(c1)C(=O)[O-])C(=O)[O-].[C]N1[N]C=C2[CH][C]([C][CH]C(=C1)C1=C[N]N([C])C=C([CH][C]([C][CH]1)C#Cc1cc(cc(c1)C(=O)[O-])C(=O)[O-])C1=C[N]N(C=C2[CH][C](C#Cc2cc(cc(c2)C(=O)[O-])C(=O)[O-])[C][CH]1)[C])C#Cc1cc(cc(c1)C(=O)[O-])C(=O)[O-].[C]N1[N]C=C2[CH][C][C]([CH]C(=C1)C1=C[N]N([C])C=C([CH][C]([C][CH]1)C#Cc1cc(cc(c1)C(=O)[O-])C(=O)[O-])C1=C[N]N(C=C2[CH][C]([C][CH]1)C#Cc1cc(cc(c1)C(=O)[O-])C(=O)[O-])[C])C#Cc1cc(cc(c1)C(=O)[O-])C(=O)[O-].[C]c1cc(cc(c1)C(=O)[O-])C(=O)[O-].[Zn][Zn]&&UNKNOWN.cat1;EZIMIK,0.8638
O=C1C(=O)[C](C(=O)c2c1cccc2)[C]1C(=O)C(=O)c2c(C1=O)cccc2.O=C1C(=O)c2ccccc2C(=O)[C]1C1=C([O])C(=O)c2c(C1=O)cccc2.[OH2][Zn]&&ERROR.cat1;EZIZIW,0.8946
[OH2][Cu][OH2].[O]C1=C(C2=C([O])C(=O)c3c(C2=O)cccc3)C(=O)c2c(C1=O)cccc2&&ERROR.cat1;EZIZUI,0.893
[Ni][Ni].[O-]C(=O)c1cc(cc(c1)C(=O)[O-])C(=O)[O-]&&tbo.cat0;EZOFEF,0.7401
[O-]C(=O)c1cc(C(=O)[O-])c(cc1C(=O)[O-])C(=O)[O-].[Zn]&&pts.cat0;FABFOF,0.892
[Ag].n1ncn(c1)CCn1cnnc1&&dmd.cat0;FABGUM,0.8253
N1=NN=C([N]1)c1cc(cc(c1)C1=NN=N[N]1)C1=NN=N[N]1.[Mn].[O-]C=O&&UNKNOWN.cat0;FAFBUL,0.8694
C1N2CN3CN1CN(C2)C3.[Ag].[O]S(CCN1CCN(CC1)CCS([O])([O])[O])([O])[O]&&ins.cat0;FAFMAC,0.8964
[Co].[O-]C(=O)c1ccc(cc1)OCC(COc1ccc(cc1)C(=O)O)(COc1ccc(cc1)C(=O)[O-])COc1ccc(cc1)C(=O)[O-]&&kgd.cat0;FAGFUQ,0.9023
[C]=O.[C][C]=O.[Cd].[Na].[O]&&UNKNOWN.cat2;FAGZES,0.894
[O-]C(=O)c1cc(cc(c1)C(=O)[O-])C(=O)[O-].[OH]1[Be][OH][Be][OH][Be][OH][Be]1&&hwx.cat0;FAHFUR,0.8675
[O-]C(=O)c1ccc(cc1)C#Cc1ccc(cc1)C(=O)[O-].[O][Zn][O]([Zn])([Zn])[Zn]&&pcu.cat1;FAHPOV,0.8864
O=C(c1cc(cc(c1)C(=O)Nc1ccc(cc1)C(=O)[O-])C(=O)Nc1ccc(cc1)C(=O)[O-])Nc1ccc(cc1)C(=O)[O-].[O][Co][O]([Co])[Co]&&sit.cat1;FAJYAS,0.8855
N#C[C](c1ccc(cc1)[C](C#N)C#N)C#N.N#C[C]C#N.[C][C](C#N)C#N.[Zn]&&ERROR.cat0;FAKLUA,0.9001
[Cd].[O-]C(=O)c1cc(OCc2ccc(cc2)COc2cc(cc(c2)C(=O)[O-])C(=O)[O-])cc(c1)C(=O)[O-]&&kgd.cat0;FAMBUS,0.8705
[O-]C(=O)CN1[CH]N(c2c1cccc2)CC(=O)[O-].[OH2][Zn]([OH2])([OH2])[OH2]&&ERROR.cat3;FAMCUT,0.892
[Cd].[O-]C(=O)c1ccc(cc1)C(C(F)(F)F)(C(F)(F)F)c1ccc(cc1)C(=O)[O-].n1ccc(cc1)OCC(COc1ccncc1)(COc1ccncc1)COc1ccncc1&&UNKNOWN.cat0;FAMGAD,0.7494
[Cd].[O-]C(=O)c1ccc(cc1)C(C(F)(F)F)(C(F)(F)F)c1ccc(cc1)C(=O)[O-].n1ccc(cc1)OCC(COc1ccncc1)(COc1ccncc1)COc1ccncc1&&ERROR.cat1;FAMGIL,0.7778
[O-]C(=O)c1ccc(cc1)C(=O)[O-].[OH].[O].[V]&&ERROR.cat1;FANNIT,0.363
N1CCNCCCNCCNCN(C1)Cc1ccc(cc1)CN1CNCCNCCCNCCNC1.[Ni].[O-]C(=O)c1cc(cc(c1)C(=O)[O-])C(=O)[O-]&&UNKNOWN.cat0;FANSET,0.8774
[O-]C(=O)c1ccc(cc1)n1c(C)nnc1c1cccc(c1)c1nnc(n1c1ccc(cc1)C(=O)[O-])C.[Zn][O]([Zn])([Zn])[Zn]&&acs.cat0;FANWIC,0.8885
[O-]C(=O)c1ccc(cc1)n1c(C)nnc1c1cccc(c1)c1nnc(n1c1ccc(cc1)C(=O)[O-])C.[Zn][O]([Zn])([Zn])[Zn]&&acs.cat0;FANWOI,0.8895
Nc1cc(cc(c1)C(=O)[O-])C(=O)[O-].[Cd].n1ccc(cc1)c1ccncc1&&ERROR.cat0;FAPTIB,0.8964
Nc1cc(cc(c1)C(=O)[O-])C(=O)[O-].[Cd].n1ccc(cc1)c1ccncc1&&ERROR.cat0;FAPTOH,0.8998
Nc1cc(cc(c1)C(=O)[O-])C(=O)[O-].[Cu].n1ccc(cc1)c1ccncc1&&ERROR.cat0;FAPTUN,0.8947
Nc1cc(cc(c1)C(=O)[O-])C(=O)[O-].[Co].n1ccc(cc1)c1ccncc1&&ERROR.cat0;FAPVAV,0.8945
[Ni].[S]C#N&&UNKNOWN.cat0;FARZEE,0.8061
[Ni].[S]C#N&&UNKNOWN.cat0;FARZII,0.83
[Ni].[S]C#N&&UNKNOWN.cat0;FARZOO,0.7754
[Ni].[S]C#N&&UNKNOWN.cat0;FASBAD,0.7967
[Ni].[S]C#N&&UNKNOWN.cat0;FASBEH,0.8128
[Ni].[S]C#N&&UNKNOWN.cat0;FASBIL,0.7823
Cl[Ag].[Ag].[Pt]&&ERROR.cat2;FASTIC,0.8928
Cl[Ag].[Ag].[Pt]&&ERROR.cat2;FASTIC10,0.8952
[Ni].[S]C#N&&UNKNOWN.cat0;FASZUV,0.7721
CC(=O)[C](c1ccncc1)C(=O)C.[Cd].[Cu]&&ERROR.cat0;FATJIU,0.8735
CC(=O)[C](c1ccncc1)C(=O)C.Cl[Cd]Cl.[Cu]&&ERROR.cat0;FATJOA,0.872
N#N.[Ag].[C]#N.[Cu]&&ERROR.cat2;FATMIY,0.8703
[In].[O-]C(=O)c1cc(OCC(COc2cc(cc(c2)C(=O)[O-])C(=O)[O-])(COc2cc(cc(c2)C(=O)[O-])C(=O)[O-])COc2cc(cc(c2)C(=O)[O-])C(=O)[O-])cc(c1)C(=O)[O-]&&UNKNOWN.cat0;FAYKOH,0.8935
C1=CC2=NN=N[C]2C=C1.C1=CC=C2C(=NN=N2)[CH]1.[CH]1C=CC2=NN=NC2=C1.[O-]C(=O)c1ccc(cc1)OCC(COc1ccc(cc1)C(=O)[O-])(COc1ccc(cc1)C(=O)[O-])COc1ccc(cc1)C(=O)[O-].[Zn].c1ccc2=N[N]N=c2c1.c1ccc2c(c1)N=N[N]2&&dia.cat1;FAYPAY,0.898
CC1=C(C)[CH]C2=NN=NC2=C1.CC1=CC2=NN=NC2=C[C]1C.CC1=CC2=NN=N[C]2C=C1C.Cc1cc2N=N[N]c2cc1C.[Zn]&&ERROR.cat7;FAYPEC,0.8844
CC1=CC2=NN=NC2=C[CH]1.CC1=CC2=NN=N[C]2C=C1.C[C]1C=CC2=NN=NC2=C1.Cc1ccc2c(c1)N=N[N]2.Cc1ccc2c(c1)[N]N=N2.[O-]C(=O)c1ccc(cc1)OCC(COc1ccc(cc1)C(=O)[O-])(COc1ccc(cc1)C(=O)[O-])COc1ccc(cc1)C(=O)[O-].[Zn]&&ERROR.cat1;FAYPIG,0.8836
C1=CC2=NN=N[C]2C=C1.C1=CC=C2C(=NN=N2)[CH]1.COc1cc(ccc1OCC(COc1ccc(cc1OC)C(=O)[O-])(COc1ccc(cc1OC)C(=O)[O-])COc1ccc(cc1OC)C(=O)[O-])C(=O)[O-].[CH]1C=CC2=NN=NC2=C1.[Zn].c1ccc2=N[N]N=c2c1.c1ccc2c(c1)N=N[N]2&&dia.cat1;FAYPOM,0.8978
CC1=C(C)[CH]C2=NN=NC2=C1.CC1=CC2=NN=NC2=C[C]1C.CC1=CC2=NN=N[C]2C=C1C.Cc1cc2N=N[N]c2cc1C.[Zn]&&ERROR.cat7;FAYPUS,0.8888
CC1=CC2=NN=NC2=C[CH]1.COc1cc(ccc1OCC(COc1ccc(cc1OC)C(=O)[O-])(COC1=CC=C(C=[C]1)C(=O)[O-])[CH2])C(=O)[O-].COc1cc(ccc1OCC(COc1ccc(cc1OC)C(=O)[O-])(COC1=[C]C=C(C=C1)C(=O)[O-])[CH2])C(=O)[O-].C[C]1C=CC2=NN=NC2=C1.Cc1ccc2c(c1)N=N[N]2.Cc1ccc2c(c1)[N]N=N2.[Zn]&&ths.cat1;FAYQAZ,0.8951
C1=CC2=NN=N[C]2C=C1.C1=CC=C2C(=NN=N2)[CH]1.[CH]1C=CC2=NN=NC2=C1.[O-]C(=O)C=Cc1ccc(cc1)OCC(COc1ccc(cc1)C=CC(=O)[O-])(COc1ccc(cc1)C=CC(=O)[O-])COc1ccc(cc1)C=CC(=O)[O-].[Zn].c1ccc2c(c1)N=N[N]2&&hcb.cat3;FAYQIH,0.8804
CC1=CC2=NN=NC2=C[CH]1.CC1=CC2=NN=N[C]2C=C1.CC1=C[CH]C2=NN=NC2=C1.CC1=C[C]2C(=NN=N2)C=C1.C[C]1C=CC2=NN=NC2=C1.Cc1ccc2c(c1)N=N[N]2.Cc1ccc2c(c1)[N]N=N2.[O][C](C=Cc1ccc(cc1)OCC(COc1ccc(cc1)C=CC(=O)[O-])(COc1ccc(cc1)C=CC(=O)[O-])COc1ccc(cc1)C=CC(=O)[O-])[O].[Zn]&&hcb.cat3;FAYQON,0.7158
C1=CC2=NN=N[C]2C=C1.C1=CC=C2C(=NN=N2)[CH]1.[CH]1C=CC2=NN=NC2=C1.[Zn].c1ccc2c(c1)N=N[N]2&&ERROR.cat7;FAYQUT,0.8853
C1=CC2=NN=N[C]2C=C1.C1=CC=C2C(=NN=N2)[CH]1.[CH]1C=CC2=NN=NC2=C1.[O-]C(=O)c1ccc(cc1)OCC(COc1ccc(cc1)C(=O)[O-])(COc1ccc(cc1)C(=O)[O-])COc1ccc(cc1)C(=O)[O-].[Zn].c1ccc2=N[N]N=c2c1.c1ccc2c(c1)N=N[N]2&&UNKNOWN.cat0;FAYRAA,0.8936
Cl[Co].[Co].[N][N][N].[O-]C(=O)c1cccnc1&&UNKNOWN.cat0;FAZPED,0.8928
[O-]C(=O)c1c(Br)c(Br)c(c(c1Br)Br)C(=O)[O-].[O-]C(=O)c1ccc(cc1)c1cc(cc(c1)c1ccc(cc1)C(=O)[O-])c1ccc(cc1)C(=O)[O-].[Zn][O]([Zn])([Zn])[Zn]&&muo.cat0;FAZPON,0.8993
[O-]C(=O)[C]C=C[C]c1cc([C]C=C[C]C(=O)[O-])cc(c1)[C]C=C[C]C(=O)[O-].[O-]C(=O)c1cc(Cl)c(cc1Cl)C(=O)[O-].[O-]C(=O)c1ccc(cc1)[C]1[C][C]([C][C]([C]1)c1ccc(cc1)C(=O)[O-])c1ccc(cc1)C(=O)[O-].[Zn][O]([Zn])([Zn])[Zn]&&muo.cat0;FAZPUT,0.8981
[O-]C(=O)C1=[C][C]=C([C]=[C]1)c1cc(cc(c1)c1ccc(cc1)C(=O)[O-])c1ccc(cc1)C(=O)[O-].[O-]C(=O)c1c(I)c(I)c(c(c1I)I)C(=O)[O-].[O-]C(=O)c1ccc(cc1)c1cc(cc(c1)c1ccc(cc1)C(=O)[O-])c1ccc(cc1)C(=O)[O-].[Zn][O]([Zn])([Zn])[Zn]&&muo.cat0;FAZQAA,0.899
[O-]C(=O)c1cc([O])c(cc1[O])C(=O)[O-].[O-]C(=O)c1ccc(cc1)C1=[C]C(=[C]C(=[C]1)c1ccc(cc1)C(=O)[O-])c1ccc(cc1)C(=O)[O-].[O-]C(=O)c1ccc(cc1)c1cc(cc(c1)c1ccc(cc1)C(=O)[O-])c1ccc(cc1)C(=O)[O-].[Zn][O]([Zn])([Zn])[Zn]&&muo.cat0;FAZQII,0.8989
[O-]C(=O)C12[C]=[C]C3([C]4[C]1[C]2[C]34)c1cc(cc(c1)C12[C]=[C]C3([C]4[C]1[C]2[C]34)C(=O)[O-])C12[C]=[C]C3([C]4[C]1[C]2[C]34)C(=O)[O-].[O-]C(=O)c1c([O])c([O])c(c(c1[O])[O])C(=O)[O-].[O-]C(=O)c1ccc(cc1)c1cc(cc(c1)c1ccc(cc1)C(=O)[O-])c1ccc(cc1)C(=O)[O-].[Zn][O]([Zn])([Zn])[Zn]&&muo.cat0;FAZQUU,0.8999
Cc1nnc(s1)SCC=CCSc1nnc(s1)C.[Ag]&&dmd.cat0;FAZRAA,0.8057
O[Mn](O)O.[Mn].[Mn]O[Mn].[O-]C(=O)c1ccc(cc1)C1=NN=N[N]1.[O-]C(=O)c1ccc(cc1)C1=N[N]N=N1.[O-]C=O&&ERROR.cat0;FEBQIO,0.8936
Clc1ccc2c(c1)c(cc(c2c1c(OCc2ccccc2)cc(c2c1ccc(c2)Cl)c1ccc(cc1)C(=O)[O-])OCc1ccccc1)c1ccc(cc1)C(=O)[O-].[Zn]12[O]3456[Zn]7[O]89%101[Zn]3[O]27([Zn]48)([Zn]59)[Zn]6%10.[Zn][O]([Zn])([Zn])[Zn]&&pcu.cat0;FECKAA,0.8038
[O-]C(=O)c1ccc(cc1)c1cc(cc(c1)c1ccc(cc1)C(=O)[O-])c1ccc(cc1)C(=O)[O-].[O][La]&&UNKNOWN.cat0;FECXAO,0.4712
[O-]C(=O)c1ccc2c(c1)ccc(c2)C(=O)[O-].[OH2][Zn]([O]([Zn])([Zn])[Zn])[OH2].[OH2][Zn][O]([Zn])([Zn])[Zn]&&pcu.cat1;FECYUJ,0.8802
[O-]C(=O)c1ncc(nc1)C(=O)[O-].[OH2][Tm][OH2]&&ERROR.cat0;FEDBEX,0.7485
O.[Sr]&&ERROR.cat1;FEDSOW,0.748
[Co]Br.[O-]C(=O)c1ccc(cc1)C(=O)[O-].n1ccc(cc1)NNc1ccncc1&&ERROR.cat1;FEFFED,0.8997
O=C(c1ccc(cc1)c1ccc(cc1)C(=O)Nc1cccnc1)Nc1cccnc1.[O-]C(=O)c1cc(cc(c1)C(=O)[O-])C(=O)[O-].[Zn]&&ERROR.cat0;FEGNIQ,0.877
C[C]1N=NC(=C1c1ccc(cc1)C(=O)[O-])C.[O-]C(=O)c1ccc(cc1)C1=C(C)[N]N=C1C.[Zn]&&dmd.cat0;FEHCOM,0.8968
[Sn].n1ccc(cc1)c1ccncc1&&ERROR.cat0;FEJGEH,0.7991
N#CCCSC1=C(SCCC#N)SC(=C2SC(=C(S2)SC)SC)S1.[Cu]&&fes.cat0;FEKCUT,0.8108
O=C(Nc1ccc(cc1)NC(=O)NC(C(=O)[O-])Cc1ccccc1)NC(C(=O)[O-])Cc1ccccc1.[Pb]&&ERROR.cat0;FELJAJ,0.8558
O=C1c2cc3N=C[N]c3cc2C(=O)N1c1ccc(cc1)C(=O)[O-].[OH2][Zn]&&hcb.cat1;FELRAR,0.8041
[O-]C(=O)c1ccnc(c1)C(=O)[O-].[Pd].[Zn]&&ERROR.cat1;FEPKOC,0.8955
"[O-]C(=O)c1cc(OCC(COc2cc(cc(c2)C(=O)[O-])C(=O)[O-])(COc2cc(cc(c2)C(=O)[O-])C(=O)[O-])COc2cc(cc(c2)C(=O)[O-])C(=O)[O-])cc(c1)C(=O)[O-].[OH2][Co][OH2][Co]([OH2])([OH2])[OH2]&&scu,mmm.cat0;FEQSIF",0.8283
[Ag].[C]#N.[Fe].n1ccc(cc1)C1=NC(=[N]=C([N]1)c1ccncc1)c1ccncc1&&ERROR.cat1;FERWAC,0.841
"[Mn].[O-]C(=O)c1cc(cc(c1)C(=O)[O-])c1cc(cc(c1)C(=O)[O-])C(=O)[O-].n1ccc(cc1)c1ccc(cc1)[C]1N[N]C(=N1)c1ccccn1.n1ccc(cc1)c1ccc(cc1)c1[nH]nc(n1)c1ccccn1&&ERROR,UNKNOWN.cat0;FESBIQ",0.8863
[Mn].[O-]C(=O)c1cc(cc(c1)c1cc(cc(c1)C(=O)O)C(=O)[O-])C(=O)O.n1ccc(cc1)c1ccc(cc1)C1=N[C](N[N]1)c1ccccn1&&hcb.cat0;FESCEN,0.7761
N#Cc1ccc(cc1)C(=O)[O-].[Co].n1ccc(cc1)c1ccncc1&&UNKNOWN.cat1;FETKIZ,0.8344
[Ag].n1ccc(cc1)C1=C2C=CC(=C(c3ccncc3)C3=NC(=C(C4=CC=C(C(=C5N=C1C=C5)c1ccncc1)[N]4)c1ccncc1)C=C3)[N]2&&sql.cat3;FEWGAQ,0.8519
[Fe].n1ccc(cc1)C1=NC(=[N]=C([N]1)c1ccncc1)c1ccncc1&&tbo.cat0;FEWXAI,0.8987
[O-]C(=O)c1ccc(cc1)c1cncc(c1)C(=O)[O-].[OH2][Co][OH2][Co][OH2]&&UNKNOWN.cat0;FEXCES,0.8838
[Co].[In].[O-]C(=O)C1=[C]C(=[C]C(=[C]1)C(=O)[O-])C(=O)[O-].[O-]C(=O)c1cc(cc(c1)C(=O)[O-])C(=O)[O-]&&mco.cat0;FIFGAE,0.9013
[O-]C(=O)c1ccc(cc1)c1ccc(cc1)C(=O)[O-].[O][In][O]([In][O])[In][O]&&acs.cat0;FIFGEI,0.8933
[In][O]([In])[In].[O-]C(=O)c1ccc(cc1)c1ccc(cc1)C(=O)[O-].[O-]C(=O)c1ccncc1.[O][Zn]&&acs.cat2;FIFGIM,0.8612
[Co].[O-]C(=O)CN(Cc1cc(cc(c1)C(=O)[O-])C(=O)[O-])CC(=O)[O-].[OH2][Co].n1ccc(cc1)C=Cc1ccncc1&&UNKNOWN.cat0;FIFMIS,0.8172
[Co].[O-]C(=O)CN(Cc1cc(cc(c1)C(=O)[O-])C(=O)[O-])CC(=O)[O-].[OH2][Co].n1ccc(cc1)C=Cc1ccncc1&&UNKNOWN.cat0;FIFMIS01,0.8076
[Ag].[Co].n1ccc(cc1)C(=C1C=CC=N1)C1=C[CH]C=N1.n1ccc(cc1)[C](C1=CC=C[N]1)C1=CC=C[N]1.n1ccc(cc1)[C](C1=C[CH]C=N1)C1=CC=C[N]1.n1ccc(cc1)[C](C1=C[CH]C=N1)C1=NC=C[CH]1.n1ccc(cc1)[C](C1=NC=C[CH]1)C1=CC=C[N]1&&utp.cat1;FIFMOX,0.8432
[Co].[O-]C(=O)CN(Cc1cc(cc(c1)C(=O)[O-])C(=O)[O-])CC(=O)[O-].[OH2][Co].n1ccc(cc1)C=Cc1ccncc1&&UNKNOWN.cat0;FIFMOY,0.8231
[Ag].[Fe].n1ccc(cc1)[C](C1=CC=C[N]1)C1=CC=C[N]1.n1ccc(cc1)[C](C1=C[CH]C=N1)C1=CC=C[N]1.n1ccc(cc1)[C](C1=C[CH]C=N1)C1=NC=C[CH]1.n1ccc(cc1)[C](C1=NC=C[CH]1)C1=CC=C[N]1.n1ccc(cc1)[C](C1=N[CH]C=C1)C1=C[CH]C=N1&&utp.cat1;FIFMUD,0.8515
[Co].[O-]C(=O)CN(Cc1cc(cc(c1)C(=O)[O-])C(=O)[O-])CC(=O)[O-].n1ccc(cc1)C=Cc1ccncc1&&UNKNOWN.cat0;FIFMUE,0.8532
[O-]C=O.[O][Co].n1ccc(cc1)c1ccncc1&&cds.cat0;FIFNUE,0.8808
[O-]C=O.[OH2][Co].n1ccc(cc1)c1ccncc1&&cds.cat0;FIFNUE01,0.8819
[O-]C=O.[OH2][Ni].n1ccc(cc1)c1ccncc1&&cds.cat0;FIFPAM,0.8804
[OH2][Cd](I)I.n1ccc(cc1)c1nnc(o1)c1ccccn1&&ERROR.cat1;FIGHIN,0.9
CC(C(c1ccncc1)C)c1ccncc1.[Ni][Ni].[O-]C(=O)c1ccc(cc1)OCCOc1ccc(cc1)C(=O)[O-]&&sql.cat1;FIGTAS,0.7984
[Ni]O[Ni]O[Ni].[O-]C(=O)c1ccc(cc1)C(=O)[O-].n1ccncc1&&bct.cat0;FIHRIZ,0.8877
[C]#N.[Cu].[N]&&ERROR.cat5;FIJXUR,0.9003
[Cu].[O-]C(=O)c1ccnc(c1)C(=O)[O-]&&ERROR.cat3;FIKPAR,0.8047
[Na].[O-]C(=O)CN(c1ccc(cc1)C(=O)[O-])CC(=O)[O-].[Zn]&&UNKNOWN.cat0;FILGUE,0.903
[Co][O]([Co]([O])[O])[Co].[O-]C(=O)c1cccc(c1)C(=O)[O-]&&ERROR.cat0;FILYEG,0.8958
[OH2][Mn][OH2].[O]S(=O)(=O)[O].n1ccc(cc1)C=Cc1ccncc1&&UNKNOWN.cat0;FINJIX,0.8536
[C]&&ERROR.cat1;FIQCEN,0.8475
"O=C(NC(C(=O)[O-])CC1=Cc2ccccc2C2C1O2)CN(Cc1ccccn1)Cc1ccccn1.O=C(NC(C(=O)[O-])Cc1ccc2c(c1)cccc2)CN(Cc1ccccn1)Cc1ccccn1.[Zn]&&ERROR,UNKNOWN.cat1;FIQSAA",0.6766
[O-]C(=O)c1c(C(=O)[O-])c(F)c(c(c1F)F)F.[O][Ni].n1ccc(cc1)C1=NC(=[N]=C([N]1)c1ccncc1)c1ccncc1&&UNKNOWN.cat0;FIRMUQ,0.8974
C1=[C]C=CN=C1.[N]([C]c1ccncc1)[C]c1ccncc1.[O-]C(=O)c1c(F)ccc(c1C(=O)[O-])F.[O][Ni].n1ccc(cc1)C1=NC(=[N]=C([N]1)c1ccncc1)c1ccncc1&&UNKNOWN.cat0;FIRNAX,0.8991
[O-]C(=O)c1c(F)ccc(c1C(=O)[O-])F.[O][Ni].n1ccc(cc1)C1=NC(=[N]=C([N]1)c1ccncc1)c1ccncc1&&UNKNOWN.cat0;FIRNAX01,0.9045
[O-]C(=O)c1cc(F)c(cc1C(=O)[O-])F.[O][Ni].n1ccc(cc1)C1=NC(=[N]=C([N]1)c1ccncc1)c1ccncc1&&UNKNOWN.cat0;FIRNIF,0.899
[O-]C(=O)c1cc(N(=O)=O)c(cc1C(=O)[O-])N(=O)=O.[O][Ni].n1ccc(cc1)C1=NC(=[N]=C([N]1)c1ccncc1)c1ccncc1&&UNKNOWN.cat0;FIRNOL,0.897
[O-]C(=O)c1cc(N)c(cc1C(=O)[O-])N.[O][Ni].n1ccc(cc1)C1=NC(=[N]=C([N]1)c1ccncc1)c1ccncc1&&tfa.cat0;FIRNUR,0.9032
[O-]C(=O)c1ccccc1C(=O)[O-].[O][Ni].n1ccc(cc1)C1=NC(=[N]=C([N]1)c1ccncc1)c1ccncc1&&UNKNOWN.cat0;FIRPAZ,0.9048
[O]c1ccc(cc1)N(=O)=O.[Pb]&&UNKNOWN.cat1;FIRPOM,0.8501
[N][N]N(c1cc(cc(c1)C(=O)[O-])C(=O)[O-])[N][N].[O][Cu][Cu][O]&&kgm.cat0;FIRTEH,0.831
"[O-]C(=O)c1ccc(cc1)c1cc(C#Cc2cc(cc(c2)C(=O)[O-])C(=O)[O-])cc(c1)c1ccc(cc1)C(=O)[O-].[O][Cu][Cu][O]&&nbo,fof.cat0;FISGOF",0.8975
[Ag][Ag].c1cnc(nc1)SCc1ccc(cc1)CSc1ncccn1&&ERROR.cat0;FISHUL,0.8905
[Ni].[O-]C(=O)c1ccc(cc1)OCC(COc1ccc(cc1)C(=O)[O-])(COc1ccc(cc1)C(=O)[O-])COc1ccc(cc1)C(=O)[O-]&&dia.cat1;FISPIH,0.621
C(Cc1ccncc1)Cc1ccncc1.[O-]C(=O)C1C2C=CC(C1C(=O)[O-])C(C2C(=O)[O-])C(=O)[O-].[OH2][Ni]&&bex.cat0;FITGAS,0.8272
[O-]C(=O)C1C2C=CC(C1C(=O)[O-])C(C2C(=O)[O-])C(=O)[O-].[OH2][Ni].[OH2][Ni][OH2].n1ccc(cc1)C=Cc1ccncc1&&UNKNOWN.cat0;FITGEW,0.8787
[O-]C(=O)c1cc(cc(c1)C(=O)[O-])c1cc(c2cc(cc(c2)C(=O)[O-])C(=O)[O-])c2c3c1ccc1c3c(cc2)c(cc1c1cc(cc(c1)C(=O)[O-])C(=O)[O-])c1cc(cc(c1)C(=O)[O-])C(=O)[O-].[O][Zn][O].[Zn]&&UNKNOWN.cat0;FIZPOV,0.8978
[O-]C(=O)c1cc(cc(c1)C(=O)[O-])c1cc(c2cc(cc(c2)C(=O)[O-])C(=O)[O-])c2c3c1ccc1c3c(cc2)c(cc1c1cc(cc(c1)C(=O)[O-])C(=O)[O-])c1cc(cc(c1)C(=O)[O-])C(=O)[O-].[O][Zn]([O])[O].[Zn]&&UNKNOWN.cat0;FIZPUB,0.903
[Cu].[O-]C(=O)c1cc(cc(c1)C(=O)[O-])c1cc(c2cc(cc(c2)C(=O)[O-])C(=O)[O-])c2c3c1ccc1c3c(cc2)c(cc1c1cc(cc(c1)C(=O)[O-])C(=O)[O-])c1cc(cc(c1)C(=O)[O-])C(=O)[O-].[O][Cu]([O])[O]&&UNKNOWN.cat0;FIZQAI,0.8885
[Ni].[O]S(=O)(=O)[O].c1ncn(c1)c1ccc(s1)n1cncc1&&pcu.cat0;FIZYAQ,0.7931
[O-]C(=O)c1cc2ccccc2c(c1O)Cc1c(O)c(cc2c1cccc2)C(=O)[O-].[O][Dy]&&pcu.cat0;FOBNAN,0.7479
Cl[Zn]Cl.n1ccc(cc1)COc1ccc2c(c1c1c(OCc3ccncc3)ccc3c1cccc3)cccc2&&ERROR.cat3;FOCVOJ,0.7554
[O-]C(=O)c1cc(cc(c1)c1ccncc1)C(=O)[O-].[Zn]&&ERROR.cat0;FOCZII,0.8498
[Cu].[N]([CH]c1ccncc1)[N][CH]c1ccncc1.[O-]C(=O)CCc1ccc(cc1)C(=O)[O-]&&ERROR.cat0;FODCOS,0.7264
[Ce].[O-]C(=O)c1ccc(cc1)c1cc(c2ccc(cc2)C(=O)O)c(cc1c1ccc(cc1)C(=O)[O-])c1ccc(cc1)C(=O)[O-]&&UNKNOWN.cat0;FOFCOU,0.5972
[Ce].[O-]C(=O)c1ccc(cc1)c1cc(c2ccc(cc2)C(=O)O)c(cc1c1ccc(cc1)C(=O)[O-])c1ccc(cc1)C(=O)[O-]&&UNKNOWN.cat0;FOFCUA,0.6244
[OH2][Co][OH2].n1ccc(cc1)c1ccncc1&&ERROR.cat1;FOGGIT,0.8834
[OH2][Ni][OH2].n1ccc(cc1)c1ccncc1&&ERROR.cat1;FOGGUF,0.8847
CCCc1nc2c(n1Cc1ccc(cc1)c1ccccc1C(=O)[O-])cc(cc2C)c1nc2c(n1C)cccc2.[Cd]&&sql.cat1;FOGPOI,0.8457
O.[Mg].[O-]C(=O)c1ccc(c2c1cccc2)C(=O)[O-]&&rna.cat0;FOJKIA,0.8695
[O-]C(=O)c1ccc(cc1)OCc1c(C)c(COc2ccc(cc2)C(=O)[O-])c(c(c1C)COc1ccc(cc1)C(=O)O)C.[OH2][Zn]&&ths.cat1;FOJLOH,0.882
[O-]C(=O)c1cc(cc(c1)C(=O)[O-])N1C(=O)c2ccc3c4c2c(C1=O)ccc4C(=O)N(C3=O)c1cc(cc(c1)C(=O)[O-])C(=O)[O-].[O-]C(=O)c1cc(cc(c1)N1C(=O)c2ccc3c4c2c(C1=O)ccc4C(=O)N(C3=O)c1cc(cc(c1)C(=O)O)C(=O)[O-])C(=O)[O-].[Zn]&&UNKNOWN.cat0;FOMWOV,0.8901
[Cd].[O-]C(=O)c1ccc(cc1c1ccc(cc1)C(=O)[O-])C(=O)[O-].[OH2][Cd][OH2]&&ERROR.cat0;FONKEA,0.8388
OC(=O)c1ccc(cc1)c1cc(ccc1C(=O)[O-])C(=O)[O-].[Zn].c1ncn(c1)c1ccc(cc1)n1cncc1&&sql.cat0;FONPOP,0.7452
O.[O-]C(=O)c1ccc(cc1c1ccc(cc1)C(=O)[O-])C(=O)[O-].[OH].[Zn]&&UNKNOWN.cat0;FONPUV,0.8763
[CH2]SCC1=CC(=C[C]=C1)CSCc1cccc(c1)c1ccn([n-]1)C(N1C=C[C]=N1)N1C=C[C]=N1.[CH2]SCC1=C[C]=CC(=C1)CSCc1cccc(c1)c1ccn([n-]1)C(N1C=C[C]=N1)N1C=C[C]=N1.[OH2][Cu]&&ERROR.cat5;FOPGUN,0.8692
O=C1N(c2ccncc2)C(=O)c2c3c1ccc1c3c(cc2)C(=O)N(C1=O)c1ccncc1.[Zn]&&sql.cat0;FORKUU,0.8652
[C][C]=C[CH]C(=[C][C])c1cc(cc(c1)c1ccc(cc1)C(=O)[O-])c1ccc(cc1)C(=O)[O-].[C].[In]&&ERROR.cat5;FOSTOY,0.8544
[In].[O-]C(=O)c1ccc(cc1)c1cc(cc(c1)c1ccc(cc1)C(=O)[O-])c1ccc(cc1)C(=O)[O-]&&UNKNOWN.cat1;FOSTUE,0.8926
[O-]C(=O)c1ccc(cc1)C1=NC(=[N]=C([N]1)c1ccc(cc1)C(=O)[O-])c1ccc(cc1)C(=O)[O-].[O][Zr]123([O])[O]4[Zr]56([O]3[Zr]37([O]2[Zr]28([O]1[Zr]14([O]6[Zr]([O]53)([O]21)([O]78)([O])[O])([O])[O])([O])[O])([O])[O])([O])[O]&&spn.cat0;FOTNIN,0.8936
O=C(c1cc(cc(c1)C(C)(C)C)C(=O)[N]c1ccncc1)[N]c1ccncc1.[Cu]&&UNKNOWN.cat1;FOZSUK,0.8736
I[Zn]I.n1ccc(cc1)C1=NC(=[N]=C([N]1)c1ccncc1)c1ccncc1&&srs.cat1;FUBDAI,0.8986
[O-]C(=O)c1cccc(c1)C(=O)[O-].[Zn].n1ncn(c1)c1ccc(cc1)n1cnnc1&&sql.cat0;FUBZAF,0.8376
"[In].[O-]C(=O)c1cc(Oc2cc(cc(c2)C(=O)[O-])C(=O)[O-])cc(c1)C(=O)[O-]&&sra,UNKNOWN.cat0;FUDGOC",0.892
"[Co].[O-]C(=O)c1cc(Oc2cc(cc(c2)C(=O)[O-])C(=O)[O-])cc(c1)C(=O)[O-].[O][Co]&&sra,UNKNOWN.cat0;FUDHAP",0.892
[O-]C(=O)c1ccc(cc1)C(=O)[O-].[Zn]&&ERROR.cat3;FUDZEL,0.8151
[Mn].[O-]C(=O)c1cccc(c1)OCc1c(COc2cccc(c2)C(=O)[O-])c(COc2cccc(c2)C(=O)[O-])c(c(c1COc1cccc(c1)C(=O)[O-])COc1cccc(c1)C(=O)O)COc1cccc(c1)C(=O)[O-].[O][Mn]&&UNKNOWN.cat0;FUFSUW,0.85
[CH]1[N]C=C[C]([CH]1)c1ccncc1.[O-]C(=O)c1ccc(cc1)c1cc(c2ccc(cc2)C(=O)[O-])c(cc1c1ccc(cc1)C(=O)[O-])c1ccc(cc1)C(=O)[O-].[Zn][Zn]&&fsc.cat1;FUNBAS,0.8566
[O-]C(=O)c1ccc(cc1)c1c(Br)c(c2ccc(cc2)C(=O)[O-])c(c(c1c1ccc(cc1)C(=O)[O-])Br)c1ccc(cc1)C(=O)[O-].[Zn][Zn].n1ccc(cc1)c1ccncc1&&fsc.cat0;FUNBEW,0.8901
[O-]C(=O)c1ccc(cc1)c1cc(c2ccc(cc2)C(=O)[O-])c(cc1c1ccc(cc1)C(=O)[O-])c1ccc(cc1)C(=O)[O-].[Zn][Zn].n1ccc(cc1)[N][N]c1ccncc1&&fsc.cat1;FUNBIA,0.8631
[O-]C(=O)c1ccc(cc1)c1c(Br)c(c2ccc(cc2)C(=O)[O-])c(c(c1c1ccc(cc1)C(=O)[O-])Br)c1ccc(cc1)C(=O)[O-].[Zn][Zn].n1ccc(cc1)[N][N]c1ccncc1&&fsc.cat0;FUNBOG,0.8907
N1=C[N]N([CH]1)c1ccc(cc1)N(c1ccc(cc1)n1ncnc1)c1ccc(cc1)N1[N]C=N[CH]1.[Co].[O-]C(=O)c1cc(cc(c1)C(=O)[O-])C(=O)[O-].[OH2][Co][OH2]&&UNKNOWN.cat0;FUNFOL,0.8895
[O-]C(=O)c1ccc(cc1)C=Cc1ccc(cc1)C(=O)[O-].[Zn][Zn].c1ccc2c(c1)c(C=Cc1ccncc1)c1c(c2C=Cc2ccncc2)cccc1&&pcu.cat1;FUNLAD,0.8686
O=C(c1cccnc1)c1cccnc1.[Ag][Ag]&&nbo.cat0;FURQOZ,0.864
O=C(c1cccnc1)c1cccnc1.[Ag][Ag]&&nbo.cat0;FURQOZ01,0.8721
O=C(c1cccnc1)c1cccnc1.[Ag][Ag]&&nbo.cat0;FURQUF,0.8644
O=C(c1cccnc1)c1cccnc1.[Ag][Ag]&&nbo.cat0;FURRAM,0.8647
O=C(c1cccnc1)c1cccnc1.[Ag][Ag]&&nbo.cat0;FURREQ,0.8852
O=C(c1cccnc1)c1cccnc1.[Ag][Ag]&&nbo.cat0;FURROA,0.8411
O=C(c1cccnc1)c1cccnc1.[Ag][Ag]&&nbo.cat0;FUSMEM,0.8715
O=C(c1cccnc1)c1cccnc1.[Ag][Ag]&&nbo.cat0;FUSMIQ,0.8663
O=C(c1cccnc1)c1cccnc1.[Ag][Ag]&&nbo.cat0;FUSMOW,0.8597
O=C(c1cccnc1)c1cccnc1.[Ag][Ag]&&nbo.cat0;FUSMUC,0.8672
O=C(c1cccnc1)c1cccnc1.[Ag][Ag]&&nbo.cat0;FUSNAJ,0.8623
O=C(c1cccnc1)c1cccnc1.[Ag][Ag]&&nbo.cat0;FUSNEN,0.8446
O=C(c1cccnc1)c1cccnc1.[Ag][Ag]&&nbo.cat0;FUSNIR,0.776
Cc1[nH][n-]c(c1Cc1c(C)[n-][nH]c1C)C.[Co].[O-]C(=O)c1cc2ccccc2c(c1O)Cc1c(O)c(cc2c1cccc2)C(=O)[O-].[O-]C(=O)c1cc2ccccc2c(c1O)Cc1c([O])c(cc2c1cccc2)C(=O)[O-]&&ths.cat1;FUSQUH,0.8482
Cl[Cu]Cl.N1[CH]C=C(C=C1)C1=NN=N[N]1.N1[CH]C=C(C=C1)C1=N[N]N=N1.[Cu].n1ccc(cc1)C1=NN=N[N]1.n1ccc(cc1)C1=N[N]N=N1&&sql.cat0;FUSWEW,0.8798
[O-]C(=O)c1cc(cc(c1)C(=O)[O-])c1c2ccccc2c(c2c1cccc2)c1cc(cc(c1)C(=O)[O-])C(=O)[O-].[OH4][Fe][Fe][OH4]&&UNKNOWN.cat0;FUTDII,0.8988
C1CN2CCN1CC2.[O-]C(=O)c1cc(O)c(cc1O)C(=O)[O-].[Zn]&&lon.cat0;FUTTOF,0.8976
[O-]C(=O)c1cc(cc(c1)C(=O)[O-])C(=O)[O-].[Zn].[Zn][Zn]&&ERROR.cat1;FUTYAW,0.8445
[O][Cd][O]([Cd][O])[Cd].n1ccc(cc1)C1=NN=N[N]1&&ERROR.cat0;FUWFIO,0.8937
"N1=NN=C([N]1)C1=NC=N[C]1C1=NN=N[N]1.[Zn]&&srs,UNKNOWN.cat0;FUWXOL",0.8203
CC(n1ccn(c1=S)Cn1ccn(c1=S)C(C)(C)C)(C)C.Cl[Fe]Cl&&ERROR.cat1;GADCIZ,0.7676
O=C(c1cc(cc(c1)C(=O)Nc1ccc(cc1)C(=O)[O-])C(=O)Nc1ccc(cc1)C(=O)[O-])Nc1ccc(cc1)C(=O)[O-].[O][Zn]([O]([Zn]([O])[O])([Zn]([O])[O])[Zn])[O].[O][Zn][O]([Zn]([O])[O])([Zn][O])[Zn]&&hcb.cat1;GAHWIX,0.8946
[O-]C(=O)c1ccccc1SCc1ccc(cc1)CSc1ccccc1C(=O)[O-].[Zn]&&ERROR.cat3;GAHXAQ,0.8939
O=C(Nc1cccnc1)CCC(=O)Nc1cccnc1.[Cu]&&ERROR.cat0;GAHYUL,0.8914
O=C(c1cccnc1)Nc1ccc(cc1)NC(=O)c1cccnc1.[Cu]&&ERROR.cat1;GAHZOG,0.8863
O=C(Nc1cccnc1)CCC(=O)Nc1cccnc1.[Cu]&&ERROR.cat0;GAJBIE,0.8916
[O-]C(=O)c1ccc(cc1)C(=O)[O-].[Zn]&&hxl.cat1;GAJVEU,0.8809
[O-]C(=O)c1ccc(cc1)c1ccc(cc1)C(=O)[O-].[Zn]&&hex.cat1;GAJVIY,0.8587
[Cd].[O-]C(=O)c1ccc(cc1)n1cnc2c1cccc2&&sql.cat1;GAKXIB,0.8942
[Ni].[O-]C(=O)c1ccc(nc1)c1ccncc1&&dia.cat1;GALBUS,0.9002
[O-]C(=O)c1ccc(nc1)c1ccncc1.[Zn][OH][Zn]&&dia.cat0;GALCAZ,0.9026
[Cd].[O-]C(=O)c1ccc(nc1)c1ccncc1&&sql.cat0;GALCED,0.8919
O=C(CSc1ccncc1)CSc1ccncc1.[Ag]&&ERROR.cat1;GALFEF,0.879
[In].[O-]C(=O)c1ccc(cc1)c1ccc(cc1)C(=O)[O-]&&dia.cat1;GALJAG,0.9022
[Ni].[O-]C(=O)c1ccc(cc1)S(=O)(=O)c1ccc(cc1)C(=O)[O-].c1ncn(c1)Cc1ccc(cc1)Cn1cncc1&&sql.cat1;GALKEL,0.7855
S=C1N=C[N]c2c1nc[nH]2.S=C1[N]C=Nc2c1nc[nH]2.[Cd]&&ERROR.cat0;GAMVOF,0.8229
CCOc1cc(c2ccncc2)c2c(c1c1c(OCC)cc(c3c1ccc(c3)Cl)c1ccncc1)ccc(c2)Cl.[OH2][Cd][OH2]&&qtz.cat0;GATJIV,0.759
Br[Cu][Cu]Br.C1COc2ccccc2CSCc2ccc(CSCc3c(OC1)cccc3)cc2&&UNKNOWN.cat0;GAXHIY,0.8666
[K].[O-]C(=O)c1cccc(c1)c1ccncc1.[O][Cd]&&ERROR.cat0;GAXKOH,0.8946
[Cd].[O-]C(=O)c1ccc(cc1)c1ccncc1&&dia.cat1;GAXKUN,0.898
[Ni].[O-]C(=O)c1cc2[nH]cnc2cc1C(=O)[O-].n1ccc(cc1)[C]1N[N]C(=N1)c1ccncc1&&UNKNOWN.cat0;GAXQIH,0.8715
[O-]C(=O)c1ccc(cc1)C1=C2C=CC(=C(c3ccc(cc3)C(=O)[O-])C3=NC(=C(C4=CC=C(C(=C5N=C1C=C5)c1ccc(cc1)C(=O)[O-])[N]4)c1ccc(cc1)C(=O)[O-])C=C3)[N]2.[Pb]&&UNKNOWN.cat1;GAXWIN,0.8355
N1=NC=C([CH]1)C1=CN=N[CH]1.[Zn]&&pts.cat0;GAYFOD,0.8707
"[O-]C(=O)c1cc(cc(c1)C1=C2C=CC3=[N]2[Co]24n5c1ccc5C(=C1[N]2=C(C=C1)C(=c1n4c(=C3c2cc(cc(c2)C(=O)[O-])C(=O)[O-])cc1)c1cc(cc(c1)C(=O)[O-])C(=O)[O-])c1cc(cc(c1)C(=O)[O-])C(=O)[O-])C(=O)[O-].[O][Co][O]([Co])[Co]&&msq,wxs.cat0;GAYPED",0.8874
[In].[O-]C(=O)c1ccc(cc1)C1=CC(=C[C]=C1)c1cc(cc(c1)c1ccc(cc1)C(=O)[O-])c1ccc(cc1)C(=O)[O-].[O-]C(=O)c1ccc(cc1)C1=C[C]=CC(=C1)c1cc(cc(c1)c1ccc(cc1)C(=O)[O-])c1ccc(cc1)C(=O)[O-]&&hcb.cat3;GAZZIS,0.8942
[In].[O-]C(=O)c1ccc(cc1)C1=CC(=C[C]=C1)c1cc(cc(c1)c1ccc(cc1)C(=O)[O-])c1ccc(cc1)C(=O)[O-].[O-]C(=O)c1ccc(cc1)C1=C[C]=CC(=C1)c1cc(cc(c1)c1ccc(cc1)C(=O)[O-])c1ccc(cc1)C(=O)[O-]&&hcb.cat3;GAZZIS01,0.8986
[In].[O-]C(=O)c1ccc(cc1)C1=CC(=C[C]=C1)c1cc(cc(c1)c1ccc(cc1)C(=O)[O-])c1ccc(cc1)C(=O)[O-].[O-]C(=O)c1ccc(cc1)C1=C[C]=CC(=C1)c1cc(cc(c1)c1ccc(cc1)C(=O)[O-])c1ccc(cc1)C(=O)[O-]&&hcb.cat3;GAZZIS02,0.8919
[In].[O-]C(=O)c1ccc(cc1)C1=CC(=C[C]=C1)c1cc(cc(c1)c1ccc(cc1)C(=O)[O-])c1ccc(cc1)C(=O)[O-].[O-]C(=O)c1ccc(cc1)C1=C[C]=CC(=C1)c1cc(cc(c1)c1ccc(cc1)C(=O)[O-])c1ccc(cc1)C(=O)[O-]&&hcb.cat3;GAZZIS03,0.8941
[C]C1C=CC(=CC=CC=C([CH]1)C(=O)[O-])C(=O)[O-].[C]C1C=CC(=CC=C[CH]C(=C1)C(=O)[O-])C(=O)[O-].[O-]C(=O)C1=C[CH]2=C=[CH](C=C1)C=C(C=C2)C(=O)[O-].[O-]C(=O)[C]1C=C[CH]2=[C][CH](=CC(=C2)C(=O)[O-])C=C1.[Zn][O]([Zn])([Zn])[Zn]&&pcu.cat0;GEBPEK,0.8972
[O-]C(=O)c1ccc(cc1)C(=O)[O-].[O-][C]=O.[OH2][Zn][Zn][OH2]&&ERROR.cat0;GECXUH,0.8651
[O-]C(=O)c1ccc(cc1)C(=O)[O-].[OH2][Zn][Zn][OH2]&&sql.cat0;GECXUH01,0.8764
[O-]C(=O)c1ccc(cc1)C(=O)[O-].[OH2][Zn][Zn][OH2]&&sql.cat0;GECXUH02,0.8718
[O-]C(=O)c1ccc(cc1)C(=O)[O-].[OH2][Zn][Zn][OH2]&&sql.cat0;GECXUH03,0.8683
[Co][OH]1[Co][OH]([Co]1)[Co].[O-]C(=O)c1cccc(c1)C(=O)[O-].[O]S(=O)(=O)[O]&&ERROR.cat0;GEDDAW,0.8951
[O-]C(=O)c1cccc(c1)C(=O)[O-].[O]S(=O)(=O)[O].[O][Ni]1[OH]([Ni][O])[Ni][OH]1[Ni]&&ERROR.cat0;GEDDEA,0.5528
Cl[Cu].c1ccc(cc1)P(c1ccccc1)c1cc(cc(c1)c1ccncc1)P(c1ccccc1)c1ccccc1&&qtz-h.cat0;GEFZAU,0.8687
COc1cc2Cc3cc(NCc4ccncc4)c(cc3Cc3c(Cc2cc1NCc1ccncc1)cc(OC)c(c3)NCc1ccncc1)OC.[Ag]&&fes.cat1;GEGWEV,0.7824
"[Dy].[O-]C(=O)c1ccc(cc1)P(=O)(c1ccc(cc1)C(=O)[O-])c1ccc(cc1)C(=O)[O-].[O-]C=O&&kgd,UNKNOWN.cat0;GENGIR",0.8864
C(Cn1ncnc1)Cn1ncnc1.[O-]C(=O)c1cc(C(=O)[O-])c(cc1C(=O)[O-])C(=O)[O-].[Zn]&&ERROR.cat0;GEPDAI,0.8751
Cl[Zn]Cl.O=C(NCc1ccncc1)NCc1ccncc1&&ERROR.cat2;GEQVAB,0.8336
CC1(C)C2CCC1(C)c1c2nc2c(n1)cc1c(c2)nc2c(n1)C1C(C2(C)CC1)(C)C.[Ag][Ag]&&UNKNOWN.cat1;GERFUF,0.5134
[O-]C(=O)c1ccccc1C(=O)[O-].[OH2][Cd].n1ccc(cc1)C1=N[C](N([N]1)Cn1ncnc1)c1ccncc1&&sql.cat1;GERMAT,0.8869
COc1cc2c(c3ccc(cc3)C(=O)[O-])c3cc(OC)c(cc3c(c2cc1OC)c1ccc(cc1)C(=O)[O-])OC.O.[Co].[O]&&ERROR.cat0;GESDUF,0.8785
COc1cc2c(c3ccc(cc3)C(=O)[O-])c3cc(OC)c(cc3c(c2cc1OC)c1ccc(cc1)C(=O)[O-])OC.O.[Ni].[O]&&ERROR.cat0;GESFAN,0.8869
[Cu].c1ccc2c(c1)c(C#Cc1ccncc1)c1c(c2C#Cc2ccncc2)cccc1&&ERROR.cat1;GESTOO,0.2637
O=C(C=Cc1ccncc1)C=Cc1ccncc1.[Ag]&&ERROR.cat1;GEXFOG,0.8944
O=C1N2CCNC(=O)c3cccc(n3)C(=O)NCCN3CCNC(=O)c4nc(C(=O)NCCN(CCN5[Ni]2N2[C]1C=CC=C2C5=O)CCNC(=O)c1cccc(n1)C(=O)NCC3)ccc4.[Na]&&fes.cat1;GICRUH,0.8704
[C]#N.[C][Ni][C].[Cd]&&ERROR.cat0;GIFKAH,0.8632
Cl[Co].O=C(c1cc(cc(c1)C(=O)Nc1ccc(cc1)C(=O)[O-])C(=O)Nc1ccc(cc1)C(=O)[O-])Nc1ccc(cc1)C(=O)[O-].[O][Co]&&hcb.cat1;GIJCAF,0.8943
CCOc1cc(C2=CC(=[C]C(=C2)C(=O)[O-])C(=O)[O-])c2c(c1c1c(OCC)cc(c3c1ccc(c3)Cl)c1cc(cc(c1)C(=O)[O-])C(=O)[O-])ccc(c2)Cl.[O][Zn][O].[Zn]&&hcb.cat0;GINLIA,0.873
N#Cc1ccc(cc1)C=Cc1ccc(cc1)C=Cc1ccc(cc1)C#N.[Cu].c1ccc(cc1)P(c1ccccc1)CP(c1ccccc1)c1ccccc1&&ERROR.cat0;GIPPAX,0.8366
"Cc1nc2c(n1Cc1ccc(cc1)C1=NC(=[N]=C([N]1)c1ccc(cc1)Cn1c(C)nc3c1cccc3)c1ccc(cc1)Cn1c(C)nc3c1cccc3)cccc2.[Ag]&&ERROR,hcb.cat1;GIQGAP",0.2753
"Cc1nc2c(n1Cc1ccc(cc1)c1cc(cc(c1)c1ccc(cc1)Cn1c(C)nc3c1cccc3)c1ccc(cc1)Cn1c(C)nc3c1cccc3)cccc2.[Ag]&&ERROR,hcb.cat1;GIQGET",0.381
[Cd].[O-]C(=O)c1ccc(cc1)c1ccc(cc1)C(=O)[O-]&&UNKNOWN.cat0;GIQHAQ,0.8359
[O-]C(=O)c1ccc(cc1)NNc1ccc(cc1)C(=O)[O-].[O-]C(=O)c1ccc(cc1)[N][N]c1ccc(cc1)C(=O)[O-].[Zn][Zn].n1ccc(cc1)C=Cc1ccncc1.n1ccc(cc1)[C]=[C]c1ccncc1&&pcu.cat2;GIQWEJ,0.8819
[O-]C(=O)C1=[C]C23C4=C5C6([C]7[C]8C4([C]1)[C]8[C]67)[C]=C([C]C15[C]4[C]2[C]3[C]14)C(=O)[O-].[O-]C(=O)C1=[C]C23C4=C5C6([C]7[C]8C4([C]1)[C]8[C]67)[C]C(=[C]C15[C]4[C]2[C]3[C]14)C(=O)[O-].[Zn][O]([Zn])([Zn])[Zn]&&pcu.cat0;GISGEW,0.8964
[O-]C(=O)c1ccc(cc1)OCC(COc1ccc(cc1)C(=O)[O-])(COc1ccc(cc1)C(=O)[O-])COc1ccc(cc1)C(=O)[O-].[O-]C(=O)c1ccc(cc1)OC[C]COc1ccc(cc1)C(=O)[O-].[Zn]12[O]3456[Zn]7[O]89%101[Zn]3[O]27([Zn]48)([Zn]59)[Zn]6%10.[Zn][O]([Zn])([Zn])[Zn]&&UNKNOWN.cat0;GISNED,0.9004
[Cd].[OH2][Cd]([OH2])[OH2].[O]S(=O)(=O)[O].n1ccc(cc1)C1C(c2ccncc2)C(C1c1ccncc1)c1ccncc1&&UNKNOWN.cat0;GISZUF,0.6515
[O-]C(=O)c1ccc(cc1)CN1[CH]C=C(C=C1)C=Cc1ccncc1.[O][Cd]&&UNKNOWN.cat0;GITFUM,0.8921
[O-]C(=O)CN(C1=[N]=C(N=C([N]1)Nc1ccc(cc1)C(=O)[O-])Nc1ccc(cc1)C(=O)[O-])CC(=O)[O-].[O][Zn]&&ant.cat0;GITPIK,0.8778
C1=C[N]C=N1.C1=C[N][C]=N1.[CH]C1N=C[N]C1[CH].[CH][CH][N][CH][N][CH][CH].[C]1=N[CH]C=N1.[Zn]&&mer.cat0;GITSUY,0.8988
ClC1=C(Cl)[N]C=N1.ClC1=NC=N[C]1Cl.[Zn]&&rho.cat0;GITVIP01,0.8694
[O-]C(=O)CN(C1=[N]=C(N=C([N]1)Nc1ccc(cc1)C(=O)[O-])Nc1ccc(cc1)C(=O)[O-])CC(=O)[O-].[Zn]&&UNKNOWN.cat0;GITWOX,0.8831
[Ag][Ag].[Ga].n1ccc(cc1)C(=C1C=CC=N1)C1=C[CH]C=N1.n1ccc(cc1)[C](C1=CC=C[N]1)C1=CC=C[N]1.n1ccc(cc1)[C](C1=C[CH]C=N1)C1=CC=C[N]1.n1ccc(cc1)[C](C1=C[CH]C=N1)C1=NC=C[CH]1&&ERROR.cat3;GIWCAR,0.871
[Cd].[O-]C(=O)c1ncccn1&&ERROR.cat0;GIXGOK,0.8821
[Co].n1ccc(cc1)c1cc(cc(n1)c1ccncc1)c1cccnc1&&pcu-h.cat0;GIXJEE,0.8793
[Ni].[O-]C(=O)CC(C(=O)[O-])O.n1ccc(cc1)c1ccncc1&&ERROR.cat0;GIXNAE,0.8999
Cc1[nH][n-]c(c1c1c(C)[n-][nH]c1C)C.[Co][Co].[O-]C(=O)c1ccc(cc1)c1ccc(cc1)C(=O)[O-]&&pcu.cat1;GIYJAB,0.7851
[La].[O-]C(=O)c1ccc(cc1)C(C(F)(F)F)(C(F)(F)F)c1ccc(cc1)C(=O)[O-]&&UNKNOWN.cat0;GIYSAJ,0.6848
[Cd].[O-]C(=O)C1CC(CC(C1)C(=O)[O-])C(=O)[O-].n1ccc(cc1)C=Cc1ccncc1&&ERROR.cat0;GIYTAK,0.8781
C1=CC2([C]3[C]4N1[C]4[C]23)C12C=CN3[C]4[C]1[C]2[C]34.[O-]C(=O)C1CC(CC(C1)C(=O)[O-])C(=O)[O-].[Zn]&&tfz-d.cat0;GIYTEO,0.8805
[Cd].[O-]C(=O)c1ncccn1&&ERROR.cat0;GOBGAG,0.8949
Cl[Zn]Cl.n1ccc(cc1)c1nc(c([nH]1)c1ccncc1)c1ccncc1&&UNKNOWN.cat1;GOCNOC,0.7971
O.[Ba].[O-]C(=O)CN(C1CCCCC1N(CC(=O)[O-])CC(=O)[O-])CC(=O)[O-]&&ERROR.cat0;GOHWEH,0.4502
[Co].[N]([CH]c1ccncc1)[N][CH]c1ccncc1.n1ccc(cc1)C=NN=Cc1ccncc1.n1ccc(cc1)[CH][N]N=Cc1ccncc1&&ERROR.cat0;GOKTEH,0.8469
"[Cd].[O-]C(=O)c1ccc(cc1)OCC(COc1ccc(cc1)C(=O)[O-])(COc1ccc(cc1)C(=O)[O-])COCC(COc1ccc(cc1)C(=O)[O-])(COc1ccc(cc1)C(=O)[O-])COc1ccc(cc1)C(=O)[O-]&&ERROR,UNKNOWN.cat1;GORLIK",0.8859
[Cd].[O-]C(=O)c1ccc(cc1)c1cc(c2ccc(cc2)C(=O)[O-])c(cc1c1ccc(cc1)C(=O)[O-])c1ccc(cc1)C(=O)[O-].[O][Cd][O]&&bpq.cat0;GOSDEZ,0.8961
[O-]C(=O)c1ccc(cc1)c1cc(c2ccc(cc2)C(=O)[O-])c(cc1c1ccc(cc1)C(=O)O[Zn]([O])([O])[O])c1ccc(cc1)C(=O)[O-].[O-]C(=O)c1ccc(cc1)c1cc(c2ccc(cc2)C(=O)[O-])c2-c3ccc(cc3)C(=O)O[Zn](O[C](c3ccc(-c1c2)cc3)O[Zn]([O])([O])([O])[O])([O])[O].[O][Zn].[O][Zn][O]&&ERROR.cat1;GOSDID,0.8669
[O-]C(=O)c1cc2ccccc2c(c1O)Cc1c(O)c(cc2c1cccc2)C(=O)[O-].[O][Dy](O[Dy]([O])([O])([O])[OH2])([O])([O])([O])[OH2]&&ERROR.cat1;GOTNEK,0.571
O=C1N2CN3C(=O)N4C5C3N3CN6C2C2N1CN1C(=O)N7C8C1N(CN2C6=O)C(=O)N8CN1C2N(C7)C(=O)N6C2N(C1=O)CN1C2N(C6)C(=O)N6CN7C(=O)N(C4)C4N(CN5C3=O)C(=O)N(C74)CN(C26)C1=O.[O][Sr]1([O])([O])([O])O[Sr](O1)([O])([O])([O])[O].[Sr]1O[Sr]O1&&ERROR.cat0;GOVHAC,0.6934
[Ni]1[O][O]1.[O-]C(=O)c1cc(cc(c1)C(=O)[O-])C(=O)[O-]&&hcb.cat5;GOVMEJ,0.8939
[O-]C(=O)c1ccc(cc1)c1ccc(cc1)C(=C(c1ccc(cc1)c1ccc(cc1)C(=O)[O-])c1ccc(cc1)c1ccc(cc1)C(=O)[O-])c1ccc(cc1)c1ccc(cc1)C(=O)[O-].[Zn]&&UNKNOWN.cat0;GOVSER,0.8981
O=C(Nc1ccncc1)CCCCCCC(=O)Nc1ccncc1.[Co].[O-]C(=O)c1ccc(cc1)Oc1ccc(cc1)C(=O)[O-]&&pcu.cat0;GOVXIA,0.8758
[CH]1[N]C=C[C]([CH]1)c1ccncc1.[CH]=C[C](c1ccncc1)[CH].[Co].[N]C=C[C](c1ccncc1)[CH].[O]N(=O)=O.n1ccc(cc1)c1ccncc1&&ERROR.cat1;GUBVUU,0.8847
[O-]C(=O)c1ccc(cc1)C(=O)[O-].[OH2][Mn]&&ERROR.cat3;GUCXAE,0.8795
"Cc1c(C)c(CNc2cc(cc(c2)C(=O)O)C(=O)[O-])c(c(c1CNc1cc(cc(c1)C(=O)[O-])C(=O)[O-])C)C.[Sm]&&umc,UNKNOWN.cat0;GUDJOG",0.6242
[O-]C(=O)c1ccc(cc1)C1=C(SC(=C2SC(=C(S2)c2ccc(cc2)C(=O)[O-])c2ccc(cc2)C(=O)[O-])S1)c1ccc(cc1)C(=O)[O-].[OH2][Co]&&UNKNOWN.cat3;GUFBEQ,0.884
[O-]C(=O)c1ccc(cc1)C1=C(SC(=C2SC(=C(S2)c2ccc(cc2)C(=O)[O-])c2ccc(cc2)C(=O)O)S1)c1ccc(cc1)C(=O)O.[OH2][Cd].n1ccc(cc1)CCc1ccncc1&&tfz-d.cat0;GUFBOA,0.8658
"[O-]C(=O)c1ccc(cc1)C1=C(SC(=C2SC(=C(S2)c2ccc(cc2)C(=O)[O-])c2ccc(cc2)C(=O)O)S1)c1ccc(cc1)C(=O)O.[OH2][Ba][OH2]&&scu,UNKNOWN.cat0;GUFBUG",0.5347
[O-]C(=O)c1ccc2c(c1)c1cc(ccc1[nH]2)C(=O)[O-].[Zn]12[O]3456[Zn]7[O]89%101[Zn]3[O]27([Zn]48)([Zn]59)[Zn]6%10.[Zn][O]([Zn])([Zn])[Zn]&&srs.cat1;GUGJEZ,0.8958
[O-]C(=O)c1cc(C(=O)[O-])c(cc1C(=O)[O-])C(=O)[O-].[Zn].n1ccc(cc1)C1=C[CH]N(C=C1)Cc1ccc(cc1)CN1[CH]C=C(C=C1)c1ccncc1&&ERROR.cat0;GUGKIE01,0.7765
[O-]C(=O)c1ccc(cc1)c1cc(cc(c1)c1ccc(cc1)C(=O)[O-])c1ccc(cc1)C(=O)[O-].[Zn]&&ths.cat1;GUGNON,0.2548
"Cc1c(C)c(CNc2cc(cc(c2)C(=O)O)C(=O)[O-])c(c(c1CNc1cc(cc(c1)C(=O)[O-])C(=O)[O-])C)C.[La]&&umc,UNKNOWN.cat0;GUHNUU",0.4688
"Cc1c(C)c(CNc2cc(cc(c2)C(=O)O)C(=O)[O-])c(c(c1CNc1cc(cc(c1)C(=O)[O-])C(=O)[O-])C)C.[Sm]&&umc,UNKNOWN.cat0;GUHPAC",0.6772
[O-]C(=O)CN1C=CN([CH]1)Cc1ccc(cc1)CN1C=CN([CH]1)CC(=O)[O-].[OH2]1[OH2][Ca]21[OH2][OH2]2&&ERROR.cat0;GUKYUI,0.9042
[O][Cd].[O][Cd][O].n1ccc(cc1)C1=NN=N[N]1.n1ccc(cc1)C1=N[N]N=N1&&UNKNOWN.cat0;GULWEQ,0.8955
Cl[Cd].Cl[Cd]Cl.[O][Cd][O].n1ccc(cc1)C1=NN=N[N]1.n1ccc(cc1)C1=N[N]N=N1&&ERROR.cat0;GULWIU,0.8961
Cl[Cd].Cl[Cd]Cl.[O][Cd][O].n1ccc(cc1)C1=NN=N[N]1.n1ccc(cc1)C1=N[N]N=N1&&ERROR.cat0;GULWOA,0.8992
I[Zn]I.[O-]C(=O)c1ccc(cc1)c1ccc(cc1)C(=O)[O-].[O][Zn].[O]c1cccc2c1nc(C=Cc1ccncc1)cc2&&fes.cat1;GUNZAS,0.8879
[Cd].[O-]C(=O)c1ccc(cc1)c1ccc(cc1)C(=O)[O-].[O]c1cccc2c1nc(C=Cc1ccncc1)cc2&&UNKNOWN.cat0;GUNZIA,0.7975
C1CN2CCN1CC2.I[Cu]12(I)[Cu]3[Cu]1([Cu]23I)I.[CH2]N1CC[N]CC1.[C]&&crb.cat2;GUPBEZ,0.8204
C1CN2CCN1CC2.I[Cu]12(I)[Cu]3[Cu]1([Cu]23I)I&&crb.cat0;GUPBEZ01,0.8536
CC1=NC=C[N]1.CC1=N[CH]C=N1.[Cd]&&ict.cat0;GUPBOJ01,0.8803
[CH2]C1=NC=C[N]1.[CH2]C1=N[CH]C=N1.[CH2][C]1N2C3C2C2N1C32.[Cd]&&rho.cat0;GUPCEA,0.908
CCC1=NC=C[N]1.CCC1=N[CH]C=N1.[Cd]&&ana.cat0;GUPCOK,0.8921
O=N(=O)C1=NC=C[N]1.[Cd]&&sod.cat0;GUPCUQ01,0.9026
O=N(=O)C1=NC=C[N]1.O=N(=O)C1=N[CH]C=N1.[Cd]&&rho.cat0;GUPDEB,0.9042
CCCC1=NC=C[N]1.[Cd]&&ana.cat0;GUPDIF,0.8937
[Cu]1[OH2][Cu][OH2]1.[OH2][Cu][OH2].c1ccc(nc1)c1nccnc1c1ccccn1&&ERROR.cat5;GUPYIZ,0.8655
[Cu].[O-]C(=O)C(N=Cc1c([O])ccc2c1cccc2)C&&UNKNOWN.cat0;GURCUS,0.8597
[Cu][Cu].[O-]C(=O)c1ccc2c(c1)C(=O)c1c(C2=O)ccc(c1)C(=O)[O-]&&kgm.cat0;GURMOX,0.8852
[Cu].n1ncn(c1)Cc1ccc(cc1)Cn1cnnc1&&bex.cat0;GURYID,0.8523
[Cu].n1ncn(c1)Cc1ccc(cc1)Cn1cnnc1&&bex.cat0;GURYOJ,0.8791
[Cu].n1ncn(c1)Cc1ccc(cc1)Cn1cnnc1&&bex.cat1;GURYUP,0.8607
O=C(c1ccccc1OCC(COc1ccccc1C(=O)NCc1ccco1)(COc1ccccc1C(=O)NCc1ccco1)COc1ccccc1C(=O)NCc1ccco1)NCc1ccco1.[Eu]&&ctn.cat0;GUSMAJ,0.8202
C1CN2CCN1CC2.Cl[Cu][O]([Cu](Cl)(Cl)Cl)([Cu](Cl)Cl)[Cu]&&UNKNOWN.cat0;GUSPUG,0.7275
Cl[Cd].[O]c1ccc2c(c1c1c([O])ccc3c1ccc(c3)C(=O)[O-])ccc(c2)C(=O)[O-]&&ERROR.cat3;GUWXEB,0.8737
CC(=O)[C](c1ccncc1)C(=O)C.[Cu].[O-]C(=O)c1nccnc1C(=O)[O-]&&ERROR.cat1;GUXKAM,0.8914
C[C](c1cc(cc(c1)C(=O)[O-])C(=O)[O-])C.[Co].[O-]C(=O)c1cc(cc(c1)C(C)(C)C)C(=O)[O-].[OH2][Co][OH2].n1ccc(cc1)Sc1ccncc1&&sql.cat0;GUXPOF,0.8754
[O-]C(=O)c1ccc(cc1)C(=O)[O-].[O-]C(=O)c1ccc(cc1)c1cc(cc(c1)c1ccc(cc1)C(=O)[O-])C1=CC=[C]C=C1.[O-]C(=O)c1ccc(cc1)c1cc(cc(c1)c1ccc(cc1)C(=O)[O-])c1ccc(cc1)C(=O)[O-].[Zn].[Zn]1OO1.[Zn][Zn][Zn][Zn]&&MISMATCH.cat1;GUXQUM,0.8703
[O-]C(=O)c1ccc(cc1)C(=O)[O-].[O-]C(=O)c1ccc(cc1)c1cc(cc(c1)c1ccc(cc1)C(=O)[O-])c1ccc(cc1)C(=O)[O-].[Zn]&&gra.cat2;GUXRAT,0.8103
[O]P(=O)(c1ccc(cc1)P(=O)([O])[O])[O].[O][U][O]&&UNKNOWN.cat0;GUXZIJ,0.585
[O-]C(=O)c1ccc(cc1)OCc1c(C)c(COc2ccc(cc2)C(=O)[O-])c(c(c1C)COc1ccc(cc1)C(=O)[O-])C.[OH2][La][OH2]&&kgd.cat0;GUYHUF,0.5602
[O-]C(=O)c1ccc(s1)c1ccc(s1)C(=O)[O-].[Zn][Zn].n1ccc(cc1)c1ccncc1&&pcu.cat1;GUYLOC,0.8828
[O-]C(=O)c1ccc(s1)c1ccc(s1)C(=O)[O-].[Zn][Zn].n1ccc(cc1)c1ccncc1&&pcu.cat0;GUYLUI,0.7753
[O-]C(=O)c1ccc(s1)c1ccc(s1)C(=O)[O-].[Zn][Zn].n1ccc(cc1)c1ccncc1&&pcu.cat0;GUYLUI01,0.7805
[O-]C(=O)c1ccc(s1)c1ccc(s1)C(=O)[O-].[Zn][Zn].n1ccc(cc1)c1ccncc1&&pcu.cat1;GUYMAP,0.89
"[O-]C(=O)c1cc(C#Cc2ccc(cc2)C#Cc2cc(C#Cc3ccc(cc3)C#Cc3cc(cc(c3)C(=O)[O-])C(=O)[O-])cc(c2)C#Cc2ccc(cc2)C#Cc2cc(cc(c2)C(=O)[O-])C(=O)[O-])cc(c1)C(=O)[O-].[O][Cu][Cu][O]&&ERROR,ntt.cat0;HABQUY",0.8938
C1=C[N]C=N1.[O-]C(=O)c1ccc(cc1)C(=O)[O-].[Zn].c1ncn(c1)[B](n1cncc1)(n1cncc1)n1cncc1&&UNKNOWN.cat0;HABREJ,0.8508
CC(=Cc1ccncn1)c1ccncc1.[C][C](c1ccncc1)[C]c1ccncn1.[Co]&&MISMATCH.cat3;HACTEL,0.8142
[Cd].[Se]1[Re]23[Se][Re]45([Re]61[Se][Re]1([Re]73[Se][Re]61[Se]7)([Se]4)[Se]5)[Se]2.[Se]1[Re]2[Se][Re]34[Re]56[Re]71([Re]2([Se]5)[Se]6)[Se][Re]([Se]7)([Se]3)[Se]4.n1ccc(cc1)c1ccncc1&&ERROR.cat3;HADLAA,0.2726
Cc1nnc(s1)SCSc1nnc(s1)C.[Ag]&&ERROR.cat1;HADXUG,0.8103
[Ag].[La].[O-]C(=O)c1cnccc1C(=O)[O-]&&UNKNOWN.cat0;HAFPUB,0.6529
[Ca].[Ca]O[Ca].[O-]C(=O)c1ccc(cc1)P(c1ccc(cc1)C(=O)[O-])c1ccc(cc1)C(=O)[O-]&&UNKNOWN.cat0;HAFVOB,0.7596
[Mg].[O-]C(=O)c1cc(cc(c1)C(=O)[O-])c1cc(cc(c1)C(=O)[O-])C(=O)[O-].[O]&&UNKNOWN.cat0;HAFVUH,0.9025
"[O-]C(=O)c1cc(cc(c1)C(=O)[O-])c1cc(cc(c1)C(=O)[O-])C(=O)[O-].[Zn]&&pts,UNKNOWN.cat0;HAFWAO",0.8922
[Ag].[Ag]1[Ag]2[Ag][Ag]1[Ag]2.c1ccc(cc1)C1=NN=C([N]1)c1ccccc1&&ERROR.cat0;HAHPIQ,0.9008
[O-]C(=O)c1ccc(cc1)Oc1ccc(cc1)C(=O)[O-].[Zn][Zn]&&sql.cat1;HAHZUM,0.9001
[Cd].n1ccc(cc1)C=Nc1cccc2c1cccc2N=Cc1ccncc1&&ERROR.cat0;HAJJUY01,0.8271
Fc1c(Cc2ccncc2)c(F)c(c(c1F)Cc1ccncc1)F.[OH2][Cu]&&sql.cat0;HAKDUU,0.7755
"O=C(c1ccncc1)Nc1cc(cc(c1)C(=O)[O-])C(=O)[O-].[Zn][Zn]&&rtl,sql.cat0;HAMJOW",0.8952
O=C(Nc1cc(cc(c1)C(=O)[O-])C(=O)[O-])Nc1cc(cc(c1)C(=O)[O-])C(=O)[O-].[Zn].n1ccc(cc1)c1ccncc1&&ERROR.cat0;HAPHUD,0.8976
[In].[O-]C(=O)C(=O)[O-].[O-]C(=O)c1ccc(cc1)c1cc(cc(c1)c1ccc(cc1)C(=O)[O-])c1ccc(cc1)C(=O)[O-]&&ERROR.cat1;HASSUR,0.8937
[O-]C(=O)c1cccc(c1)C(=O)[O-].[O][Cu][Cu][O]&&sql.cat0;HATGUF,0.8528
"CCO.[Mn].[Mn][OH]1[Mn][OH]([Mn]1)[Mn].[O-]C(=O)C1=CC=C2C(=NN=N2)[CH]1.[O-]C(=O)C1=C[C]2C(=NN=N2)C=C1.[O-]C(=O)c1ccc2c(c1)N=N[N]2&&UNKNOWN,sql.cat0;HAWREE",0.8434
[Cd].[O-]C(=O)c1ccc2c(c1)ccc(c2)C(=O)[O-].[O-]C(=O)c1ccncc1&&UNKNOWN.cat0;HAWYUB,0.8579
OC(C(C(=O)[O-])O)C(=O)[O-].[Cu]&&ERROR.cat3;HAXSUW,0.8647
[Cr].[Na].[O-]C(=O)C(=O)[O-]&&ERROR.cat1;HAYFAP,0.6231
[Cu].[O]P(=O)(CNCP(=O)([O])[O])[O].[O][Cu][O].n1ccc(cc1)c1ccncc1&&UNKNOWN.cat0;HAZSIL,0.8947
[O-]C(=O)c1ccc(cc1)COc1cc(cc(c1)C(=O)[O-])C(=O)[O-].[OH2][Co].[OH2][Co]([OH2])([OH2])[OH2].n1ccc(cc1)CN1CCN(CC1)Cc1ccncc1&&jeb.cat0;HEBJAB,0.8768
[Cd].[O-]C(=O)C1CCC(C1(C)C)(C)C(=O)[O-]&&ERROR.cat1;HEBQAI,0.8296
[Ni].[O-]C(=O)c1ccc(cc1)S(=O)(=O)c1ccc(cc1)C(=O)[O-].c1ncn(c1)Cc1ccc(cc1)Cn1cncc1&&UNKNOWN.cat1;HECYAR,0.7472
[Ni].[O-]C(=O)c1ccc(cc1)S(=O)(=O)c1ccc(cc1)C(=O)[O-].c1ncn(c1)Cc1ccc(cc1)Cn1cncc1&&UNKNOWN.cat1;HECYAR01,0.7638
[O-]C(=O)c1ccc(cc1)Oc1ccc(cc1)C(=O)[O-].[Zn][Zn]&&pts.cat0;HEDCAW,0.8882
"[Cd].[Cd][Cd].[O-]C(=O)c1ccc(cc1)c1cc(cc(c1)C(=O)[O-])C(=O)[O-].[O][Ba]([O])([O])([O])([O])[O]&&rtl,UNKNOWN.cat0;HEFDON",0.6278
Cl[Cd].[Cd].[Cd][Cd].[O-]C(=O)c1ccc(cc1)c1cc(cc(c1)C(=O)[O-])C(=O)[O-]&&fes.cat0;HEFDUT,0.8254
[O-]C(=O)c1ccc(cc1)c1ccc(cc1)C(=O)[O-].[Zn].n1ccc(cc1)c1ccncc1&&hex.cat1;HEGJUZ,0.8827
CC(=NN=C(c1ccncc1)C)c1ccncc1.[Cu]&&sql.cat0;HEGTIY,0.7116
CC(C(=O)[O-])NS(=O)(=O)c1ccc(cc1)[C].CC(C(=O)[O-])N[S]([O])[O].[O][Mn][O]&&ERROR.cat1;HEMMER,0.8994
[Co].[O].[O][O].[V].n1ccc(cc1)c1ccncc1&&UNKNOWN.cat0;HETZUC,0.8247
O=C(c1cccnc1)OCCOC(=O)c1cccnc1.[Co]&&UNKNOWN.cat1;HEXKEB,0.7675
[Cd].[S]C#N.n1ccc(cc1)Nc1ccncc1&&pcu.cat0;HEXNII,0.7952
[O-]C(=O)c1ccc(cc1)NC1=NC(=[N]=C([N]1)Nc1ccc(cc1)C(=O)[O-])Nc1ccc(cc1)C(=O)[O-].[O][Cu][Cu][O]&&tbo.cat0;HEXVEM,0.9011
O=C1N(c2ccncc2)C(=O)c2c3c1ccc1c3c(cc2)C(=O)N(C1=O)c1ccncc1.[Zn]&&sql.cat1;HIBSES,0.8713
[O-]C(=O)c1cc(cc(c1)C(=O)[O-])C(=O)[O-].[Zn].c1cnc(cn1)C1=N[N]C(=N1)c1cnccn1.n1ccnc(c1)C1=NN=C([N]1)c1nccnc1&&UNKNOWN.cat0;HICVOG,0.8159
[Cd].[O-]C(=O)c1cc(cc(c1)C(=O)[O-])C(=O)[O-].[O][Cd].c1cnc(cn1)C1=N[N]C(=N1)c1cnccn1&&UNKNOWN.cat0;HICVUM,0.8661
[Be].[C]P(=O)([O])[C]&&UNKNOWN.cat1;HICZAU,0.8977
[OH2][Cu][OH2].n1ccc(cc1)c1ccncc1&&ERROR.cat1;HIDTUK,0.8819
[O-]C(=O)c1ccc(cc1)c1cc(C)c(cc1C)c1ccc(cc1)C(=O)[O-].[O].[Zn]&&UNKNOWN.cat0;HIFGIO,0.8915
[O-]C(=O)c1ccc(cc1)c1cc(C)c(cc1C)c1ccc(cc1)C(=O)[O-].[Zn][Zn].n1ccc(cc1)CN1CCN(CC1)Cc1ccncc1&&pcu.cat0;HIFGOU,0.753
[O-]C(=O)c1ccc(cc1)c1cc(C)c(cc1C)c1ccc(cc1)C(=O)[O-].[Zn][Zn]&&sql.cat0;HIFGUA,0.7997
[O-]C(=O)c1ccc(cc1)c1cc(C)c(cc1C)c1ccc(cc1)C(=O)[O-].[Pb][O]([Pb])([Pb])[Pb]&&pcu.cat0;HIFHEL,0.8069
[O-]C(=O)c1ccc(cc1)c1cc(C)c(cc1C)c1ccc(cc1)C(=O)[O-].[O][Pb].[Pb]&&hcb.cat1;HIFHIP,0.8747
[O-]C(=O)c1ccc(cc1)C(=O)[O-].[Zn]12[O]3456[Zn]7[O]89%101[Zn]3[O]27([Zn]48)([Zn]59)[Zn]6%10.[Zn][O]([Zn])([Zn])[Zn]&&ERROR.cat1;HIFTOG,0.8803
[O-]C(=O)c1ccc(cc1)C(=O)[O-].[Zn]12[O]3456[Zn]7[O]89%101[Zn]3[O]27([Zn]48)([Zn]59)[Zn]6%10.[Zn][O]([Zn])([Zn])[Zn]&&MISMATCH.cat1;HIFTOG01,0.9017
O=[C]c1ccc(cc1)C(=O)[O-].[C]=O.[O-]C(=O)c1ccc(cc1)C(=O)[O-].[Zn]12[O]3456[Zn]7[O]89%101[Zn]3[O]27([Zn]48)([Zn]59)[Zn]6%10.[Zn][O]([Zn])([Zn])[Zn]&&ERROR.cat1;HIFTOG02,0.882
[O-]C(=O)C1=[C][C]=C([C]=[C]1)C(=O)[O-].[Zn][O]([Zn])([Zn])[Zn]&&pcu.cat0;HIFTOG03,0.9033
C1=C[N]C=N1.[Zn]&&gis.cat0;HIFVUO,0.8974
C1=C[N]C=N1.C1=N[CH]C=N1.[Zn]&&nog.cat0;HIFWAV,0.6098
[O-]C(=O)c1ccc(cc1)OCC(COc1ccc(cc1)C(=O)[O-])(COc1ccc(cc1)C(=O)[O-])COc1ccc(cc1)C(=O)[O-].[Zn][Zn].n1ccc(cc1)C=Cc1ccncc1&&cdq.cat1;HIHGOW,0.8509
NC1=N[N]C=N1.NC1=[N]=CN=N1.[O-]C(=O)c1ccc(cc1)C(=O)[O-].[Zn]&&ERROR.cat0;HIHJUF,0.8223
"[In].[O-]C(=O)c1cc(cc(c1)C(=O)[O-])c1cc(cc(c1)C(=O)[O-])C(=O)[O-]&&unc,UNKNOWN.cat0;HIHNUJ",0.8928
Oc1cc(cc(c1)C(=O)[O-])C(=O)[O-].[Zn].c1ncn(c1)CCn1cncc1&&sql.cat1;HIKMIY,0.8124
[O-]C(=O)c1ccc(cc1)C1=C2C=CC3=[N]2[Cu]24n5c1ccc5C(=C1[N]2=C(C=C1)C(=c1n4c(=C3c2ccc(cc2)C(=O)[O-])cc1)c1ccc(cc1)C(=O)[O-])c1ccc(cc1)C(=O)[O-].[O]123[Zr]4567[Zr]89%101[Zr]1%11%122[Zr]2%1334[O]35[Zr]45%147[O]68[Zr]67%104[O]91[Zr]14%126[O]%112[Zr]%13351[O]%1474&&ftw.cat0;HIKSIF,0.896
COC(=O)[C](C1=C2c3c4[C]=c5c6[C]=C7c8c1c1[C]2C2=c9c3C3%10c4c4c5C5%11c%12c4c4C%10(C3(C(=O)OC)C(=O)OC)c3c9=C9C%102C2(c1c1c8C8%13C7=c7c6C5(c5c7=C6C8(C%13(C(=O)OC)C(=O)OC)C7=C1C2=C1C9=[C]c3c4c2c%12c5C(=C2[C](C(=O)OC)C(=O)OC)[C]6C7=[C]1)C%11(C1=CC=[C]C=C1)c1ccc(cc1)c1ccncc1)C%10(C1=CC=[C]C=C1)c1ccc(cc1)c1ccncc1)C(=O)OC.[Cd]&&ERROR.cat0;HINZAH,0.7426
O=C1N2CN3C(=O)N4C5C3N3CN6C2C2N1CN1C(=O)N7C8C1N(CN2C6=O)C(=O)N8CN1C2N(C7)C(=O)N6C2N(C1=O)CN1C2N(C6)C(=O)N6C2N(C1=O)CN1C2C7N(CN8C(=O)N(C4)C4N(CN5C3=O)C(=O)N(C84)CN7C1=O)C(=O)N2C6.[O][Mg]([O])[O]&&ERROR.cat1;HIPZAJ,0.6427
[O][Ca]([O])[O].[O][Ca]1O[C]2N3CN4C5N6CN7C3C3N2CN2[C](O1)N1CN8C9N(CN%10C1C2N(CN3C7=O)C%10=O)C(=O)N1C9N(C8=O)CN2C(=O)N3C7C2N(C1)C(=O)N7CN1C2N(C3)C(=O)N3CN7C(=O)N8CN(C4=O)C5N(C6=O)CN4C8C7N(C4=O)CN(C23)C1=O&&ERROR.cat1;HIPZEN,0.4542
O=C1N2CN3C4N5CN6C2C2N1CN1C7N8CN2[C]6O[Sr]([O])([O])([O])([O])O[C]8N2C7N(C1=O)CN1C6N(C2)C(=O)N2C6N(C1=O)CN1C(=O)N6C7C1N(C2)C(=O)N7CN1C(=O)N2CN7C(=O)N8CN(C4N(C3=O)CN3C(=O)N(C7C83)CN3C2C1N(C3=O)C6)C5=O.[O][Sr]([O])([O])[O]&&ERROR.cat1;HIPZIR,0.5223
[O-]C(=O)c1ccc(cc1)C(=O)[O-].[OH2][Zn][Zn][OH2]&&sql.cat0;HIQVUZ,0.8901
[O-]C(=O)c1ccc(cc1)C(=O)[O-].[OH2][Zn][Zn][OH2]&&sql.cat0;HIQVUZ01,0.8977
Cc1cc(cc(c1)C(=O)O)C(=O)[O-].Cc1cc(cc(c1)C(=O)[O-])C(=O)[O-].[Co].[O][Co]&&ERROR.cat0;HISJIE,0.8991
"O=C(Nc1cccnc1)CN(CC(=O)Nc1cccnc1)CCN(CC(=O)Nc1cccnc1)CC(=O)Nc1cccnc1.[O][Zn][O].[Zn]&&bex,UNKNOWN.cat0;HIVGOJ",0.7216
"[O-]C(=O)c1cc(NC2=NC3=NC(=NC4=NC(=[N]=C([N]2)N34)Nc2cc(cc(c2)C(=O)[O-])C(=O)[O-])Nc2cc(cc(c2)C(=O)[O-])C(=O)[O-])cc(c1)C(=O)[O-].[O-]C(=O)c1cc(NC2=NC3=NC(=[N]=C4N3C(=[N]=C([N]4)Nc3cc(cc(c3)C(=O)[O-])C(=O)[O-])[N]2)Nc2cc(cc(c2)C(=O)[O-])C(=O)[O-])cc(c1)C(=O)[O-].[O][Cu][Cu][O]&&ERROR,ntt.cat0;HIYGIH",0.8877
O1OOOOO1.O1OOOOO1.[C]C12c3ccccc3C(c3c1cccc3)(c1c2cccc1)[C].[O-]C(=O)C12c3ccccc3C(c3c1cccc3)(c1c2cccc1)C(=O)[O-].[Zn]&&UNKNOWN.cat0;HIZTUG,0.7699
"[O-]C(=O)c1cc(Cc2cc(cc(c2)C(=O)[O-])C(=O)[O-])cc(c1)C(=O)[O-].[O][Cu][Cu][O]&&ssa,sty.cat0;HOGLEV01",0.8614
[N][N][N].[Ni].[O-]C(=O)c1ccncc1.[OH2][Ni][OH2]&&UNKNOWN.cat0;HOGSIG,0.881
C1CN2CCN1CC2.O=C(c1ccc(cc1)C(=O)[O-])c1ccc(cc1)C(=O)[O-].[Zn][Zn]&&crs.cat0;HOHMIB,0.8992
Cc1cc(NCc2cc(C)c(c(c2)C)c2ccncc2)cc(c1c1ccncc1)C.[O-]C(=O)c1ccc(cc1)c1ccc(cc1)C(=O)[O-].[Zn][Zn]&&ERROR.cat1;HOJLID,0.8866
[O-]C(=O)c1ccc(cc1)n1c2ccc(cc2c2c1ccc(c2)C(=O)[O-])C(=O)[O-].[O-]C=O.[Zn].[Zn][Zn]&&UNKNOWN.cat0;HOKLOK,0.8461
CC1=NN=N[N]1.CC1=N[N]N=N1.[Zn]&&dia.cat0;HOKMUR,0.8895
[O-]C(=O)c1c([N])c([N])c(c(c1[N])[N])C(=O)[O-].[Zn][O]([Zn])([Zn])[Zn]&&pcu.cat0;HOLQAC01,0.9012
[O-]C(=O)c1c([N])c([N])c(c(c1[N])[N])C(=O)[O-].[Zn][O]([Zn])([Zn])[Zn]&&pcu.cat0;HOLQOQ,0.9003
[O-]C(=O)C1=[C][C]=C([C]=[C]1)C(=O)[O-].[Zn][O]([Zn])([Zn])[Zn]&&pcu.cat0;HOLQUW,0.8999
[O-]C(=O)C1=[C][C]=C([C]=[C]1)C(=O)[O-].[Zn][O]([Zn])([Zn])[Zn]&&pcu.cat0;HOLRAD,0.9014
[O-]C(=O)c1ccc(cc1)C(=O)[O-].[OH2][Co][OH2]&&ERROR.cat1;HOMTIM01,0.8957
[O-]C(=O)c1ccc(cc1)C(=O)[O-].[OH2][Ni][OH2].[O][Ni]([O])[OH2]&&ERROR.cat1;HOMTOS,0.9041
[O-]C(=O)c1ccc(cc1)S(=O)(=O)c1ccc(cc1)C(=O)[O-].[OH].[Zn]&&UNKNOWN.cat1;HONCEU,0.4405
[O-]C(=O)c1ccc(cc1)S(=O)(=O)c1ccc(cc1)C(=O)[O-].[OH].[Zn]&&UNKNOWN.cat1;HONCIY,0.468
O.[Mg].[O-]C(=O)c1ccc(cc1)S(=O)(=O)c1ccc(cc1)C(=O)[O-].[OH]&&ERROR.cat1;HONDEV,0.6325
Nc1ccc(cc1)Oc1ccc(cc1)N=Cc1ccncc1.[Cd]&&UNKNOWN.cat3;HOPXOA,0.7968
CC(C([NH]=Cc1ccccc1[O])C)[NH]=Cc1ccccc1[O].[Eu]&&hcb.cat1;HOPZAO,0.8988
[Mg].[O-]C(=O)c1ccc(cc1)C(=O)[O-].[O-][n+]1ccc(cc1)c1cc[n+](cc1)[O-]&&UNKNOWN.cat0;HOQMIL,0.8564
[Mg].[O-]C(=O)c1ccc(cc1)C(=O)[O-].[O-][n+]1ccc(cc1)c1cc[n+](cc1)[O-]&&UNKNOWN.cat0;HOQMIL01,0.849
[Mg].[O-]C(=O)c1ccc(cc1)C(=O)[O-].[O-][n+]1ccc(cc1)c1cc[n+](cc1)[O-]&&UNKNOWN.cat0;HOQMIL02,0.8538
[Mg].[O-]C(=O)c1ccc(cc1)C(=O)[O-].[O-][n+]1ccc(cc1)c1cc[n+](cc1)[O-]&&UNKNOWN.cat0;HOQMIL03,0.8503
[Mg].[O-]C(=O)c1ccc(cc1)C(=O)[O-].[O-][n+]1ccc(cc1)c1cc[n+](cc1)[O-]&&UNKNOWN.cat0;HOQMIL04,0.8571
[Mg].[O-]C(=O)c1ccc(cc1)C(=O)[O-].[O-][n+]1ccc(cc1)c1cc[n+](cc1)[O-]&&UNKNOWN.cat0;HOQMOR,0.8359
[O-]C(=O)c1ccc(cc1)Oc1ccc(cc1)C(=O)[O-].[O][Co]&&ERROR.cat7;HOTNAG,0.8789
[Cd].[O-]C(=O)c1ccc(cc1)c1ccc(cc1)C(=O)[O-].n1cc(cc(c1)c1nnc([nH]1)c1ccncc1)c1nnc([nH]1)c1ccncc1&&pcu.cat0;HOVGIK,0.8479
Br[C]1C(=O)C(=O)[C](C(=O)C1=O)Br.O=C1[C](Br)C(=O)C(=O)C(=C1[O])Br.[Cr].[Mn]&&ERROR.cat1;HOWHIM,0.8836
[Ag].n1ncn(c1)n1cnnc1&&UNKNOWN.cat0;HOWPOA,0.895
C1N2CN3CN1CN(C2)C3.[N]1CN2C[N]CN(C1)C2.[O-]C(=O)c1cnccc1C(=O)[O-].[O][Cd]&&UNKNOWN.cat0;HOWPOZ,0.901
[O-]C(=O)c1cnccc1C(=O)[O-].[O][Cd].n1ccc(cc1)c1ccncc1&&UNKNOWN.cat0;HOWQAM,0.8977
[O-]C(=O)c1cccc(c1c1c(cccc1C(=O)[O-])C(=O)[O-])C(=O)[O-].[OH2][Mg]([OH2])([OH2])[OH2].[OH2][Mg][OH2]&&ERROR.cat1;HOWRES,0.8991
[O-]C(=O)c1ccc(cc1)P(c1ccc(cc1)C(=O)[O-])c1ccc(cc1)C(=O)[O-].[Zn]&&hcb.cat7;HOWTIX,0.8918
[O-]C(=O)Cc1ccccc1C(=O)[O-].[Sn][O]1[Sn][O]([Sn]1)[Sn]&&nbo.cat0;HOXGEH,0.883
[Cu].[Cu]O[W]123O[W]45([O])O[W]6(O2)(O[Cu])O[W]27(O[W]8(O1)([O])O[W]1([O])(O2)O[W]29(O[W](O5)(O[W]5(O4)(O[W](O3)(O8)([O])O[W](O5)(O1)([O])O9)[O])([O])O[W](O6)(O7)([O])O2)[O])[O].n1ccc(cc1)c1ccncc1&&ERROR.cat1;HOXHUY,0.8862
CSc1ccc(cc1)c1cc2c(cc1c1ccc(cc1)SC)c1cc(c3ccc(cc3)SC)c(cc1c1c2cc(c2ccc(cc2)SC)c(c1)c1ccc(cc1)SC)c1ccc(cc1)SC.[Ag].[Ag][Ag].[OH2][Ag]&&UNKNOWN.cat0;HOXJIO,0.6873
"[Cu][Cu].[O-]C(=O)c1cc(Nc2ccncc2)cc(c1)C(=O)[O-]&&rtl,sql.cat0;HOYKUD",0.8633
[Cu][Cu].[O-]C(=O)c1ccc(cc1)c1cc(cc(c1)C(=O)[O-])C(=O)[O-]&&UNKNOWN.cat0;HOYQIX,0.8894
[Cu][Cu].[O-]C(=O)c1cc(Nc2cncnc2)cc(c1)C(=O)[O-]&&rtl.cat0;HOYRAQ,0.8661
[O-]C(=O)CCn1cnc2c1[N]C(=N[CH]2)N.[OH2][Co][OH2]&&sql.cat0;HOZBAB,0.8135
[Cd].[O-]C(=O)CCn1cnc2c1nc(N)nc2.[O].[O][Cd][O]&&ERROR.cat0;HOZBUV,0.8959
[Li].[O-]C(=O)c1ccc(cc1)NC1=[N]=C(N=C([N]1)Nc1ccc(cc1)C(=O)O)Nc1ccc(cc1)C(=O)O&&ERROR.cat0;HOZFEJ,0.8304
[Cu].[O-]C(=O)C=CC(=O)[O-]&&ERROR.cat0;HUBWUY,0.8958
[In].[O-]C(=O)C1=C[C]=CC(=C1)C(=O)[O-].[O-]C(=O)c1cc(cc(c1)C(=O)[O-])C1=CC=[C]C=C1&&sql.cat3;HUCBEN,0.6155
[O-]C(=O)c1ccc(cc1)C(=O)[O-].[Zn]&&hcb.cat1;HUCGAO,0.8946
[O-]C(=O)C.[OH2][Mn][O]([Mn]([OH2])[OH2])[Mn]&&ERROR.cat7;HUCGAP,0.8596
[Cu].[O-]C(=O)c1cc(cc(c1)C(=O)[O-])C(=O)[O-]&&hcb.cat5;HUDHET,0.9022
CC1=N[N]C(=C1C1=C(C)[N]N=C1C)C.C[C]1N=NC(=C1C1=C(C)N=N[C]1C)C.[O-]C(=O)c1ccc(cc1)c1ccc(cc1)C(=O)[O-].[Zn][O]([Zn])([Zn])[Zn]&&UNKNOWN.cat0;HUDMOK,0.8938
[O-]C(=O)c1cc(ccc1O)c1cc(cc(c1)c1ccc(c(c1)C(=O)[O-])O)c1ccc(c(c1)C(=O)[O-])O.[OH2][Cu][Cu][OH2]&&ERROR.cat1;HUDWOU,0.8535
"[Ag].n1ccnc(c1)Cc1nccnc1&&nbo-a,UNKNOWN.cat0;HUFHEX",0.3808
"[Ag].n1ccnc(c1)Cc1nccnc1&&nbo-a,UNKNOWN.cat0;HUFHIB",0.3758
"[Ag].n1ccnc(c1)Cc1nccnc1&&nbo-a,UNKNOWN.cat0;HUFHOH",0.4499
"[Ag].n1ccnc(c1)Cc1nccnc1&&nbo-a,UNKNOWN.cat0;HUFHUN",0.9076
"[Ag].n1ccnc(c1)Cc1nccnc1&&nbo-a,UNKNOWN.cat0;HUFJAV",0.6198
"[Ag].n1ccnc(c1)Cc1nccnc1&&nbo-a,UNKNOWN.cat0;HUFJEZ",0.6256
"[Cd].[N]1[N][C]N([C]1)c1cc(cc(c1)n1ccnc1)n1ccnc1.[O-]C(=O)c1ccc(cc1)OCC(COc1ccc(cc1)C(=O)[O-])(COc1ccc(cc1)C(=O)[O-])COCC(COc1ccc(cc1)C(=O)[O-])(COc1ccc(cc1)C(=O)[O-])COc1ccc(cc1)C(=O)[O-]&&fsc,UNKNOWN.cat0;HUFKUQ",0.8954
[Cu][OH]([Cu])[Cu].[O]S(=O)(=O)[O]&&ERROR.cat1;HUKDOG,0.893
C(Sc1ccncc1)CSc1ccncc1.[Zn]&&UNKNOWN.cat1;HUKSEM,0.7161
C(CSc1ccncc1)CCSc1ccncc1.[Zn]&&UNKNOWN.cat1;HUKSIQ,0.8512
O=C(c1ccncc1)SCCSC(=O)c1ccncc1.[Zn]&&UNKNOWN.cat3;HUKSOW,0.8934
Cl[Mn].[Mn].[O-]C(=O)c1c(C)c(C)c(c(c1C)C)B(c1c(C)c(C)c(c(c1C)C)C(=O)[O-])c1c(C)c(C)c(c(c1C)C)C(=O)[O-]&&the.cat0;HUMWET,0.8909
"[O-]C(=O)c1ccc(cc1)c1cc(cc(c1)c1ccc(cc1)C(=O)[O-])c1c2O[C]=[C]Oc2c(c2c1O[C]=[C]O2)c1cc(cc(c1)c1ccc(cc1)C(=O)[O-])c1ccc(cc1)C(=O)[O-].[O][Cu][Cu][O]&&ssb,stu.cat0;HUNCIE",0.9045
[O-]C(=O)c1ccc(cc1Cl)[N][N]c1ccc(c(c1)Cl)C(=O)[O-].[OH2][Zn]&&ERROR.cat1;HUPSOC,0.8434
[Co].[O-]C(=O)c1cc(cc(c1)C(=O)[O-])C(=O)[O-].[OH2][Co]&&ERROR.cat0;HURGEH,0.885
[Co].[O-]C(=O)c1ccc(cc1)c1ccc(cc1)C(=O)[O-]&&hex.cat1;HURGOR,0.8732
[O-]C(=O)c1ccc(cc1)C(=O)[O-].[OH2][Cu]&&ERROR.cat1;HURHAE01,0.8981
[Cu].[O-]C(=O)c1cc(cc(c1)C(=O)[O-])C(=O)[O-]&&hcb.cat5;HURHEI,0.9005
Br[Ag].c1ccc(cc1)P(c1ccccc1)CNc1ccncc1&&ERROR.cat1;HUTGUZ,0.8293
[O-]C(=O)c1ccc(cc1)Oc1ccc(cc1)C(=O)[O-].[Zn]&&UNKNOWN.cat0;HUTZAX01,0.8178
[Au][Au].[C]1=CC=[C]C=C1&&UNKNOWN.cat1;HUVBIK,0.8911
[Ag].c1ccc(nc1)N(c1ccccn1)c1cccnc1&&ERROR.cat3;HUVKAK,0.8512
O=c1ccn(cc1)Cc1c(Cn2ccc(=O)cc2)c(Cn2ccc(=O)cc2)c(c(c1Cn1ccc(=O)cc1)Cn1ccc(=O)cc1)Cn1ccc(=O)cc1.[Co]&&pcu.cat0;HUWSUN,0.8893
C1=N[CH]C(=N[CH]1)[N][N]c1cnccn1.[Ag].[O][Ag]&&cpf.cat1;HUXDIN,0.4024
[Ni].[O-]C(=O)c1cc(cc(c1)C(=O)[O-])C(=O)[O-]&&srs.cat1;HUYKER,0.8972
[Cd].c1ccc2c(c1)n(cn2)c1ccc(cc1)c1ccc(cc1)n1cnc2c1cccc2&&pcu.cat0;HUZFOY,0.888
CC(C(C(=O)[O-])NCc1ccncc1)C.Cl[Zn]&&UNKNOWN.cat0;IBICAZ,0.8966
CC(C(C(=O)[O-])NCc1ccncc1)C.[Zn]Br&&UNKNOWN.cat0;IBICED,0.9011
CC(C(C(=O)[O-])NCc1ccncc1)C.Cl[Zn]&&UNKNOWN.cat0;IBICIH,0.9025
CC(C(C(=O)[O-])NCc1ccncc1)C.[Zn]Br&&UNKNOWN.cat0;IBICON,0.9017
CC(C(C(=O)[O-])NCc1ccncc1)C.Cl[Zn]&&UNKNOWN.cat0;IBICUT,0.8946
CC(C(C(=O)[O-])NCc1ccncc1)C.[Zn]Br&&UNKNOWN.cat0;IBIDAA,0.8986
[In].[S]&&ERROR.cat0;IBIHAE,0.8022
[N]C(C(=O)[N]c1ccc(cc1)[N]C(=O)C(C(C)C)[N])C(C)C.[Zn]&&ERROR.cat1;IBOWUT,0.8808
[O-]C(=O)COc1cccc(c1)OCC(=O)[O-].[OH2][Cd]&&ERROR.cat3;IBOYII,0.9001
[Cu].n1ccc(cc1)OCC(COc1ccncc1)(COc1ccncc1)COc1ccncc1&&UNKNOWN.cat0;IBOZEG,0.8823
[Co].n1ccc(cc1)COc1ccccc1c1ccccc1OCc1ccncc1&&hcb.cat0;IBUVUX,0.7705
[O-]C(=O)c1cc(C(=O)[O-])c(cc1C(=O)[O-])C(=O)[O-].[Zn].c1ncn(c1)c1ccc(cc1)N(c1ccc(cc1)n1cncc1)c1ccc(cc1)n1cncc1&&UNKNOWN.cat0;IBUYAH,0.8449
"[In].[O-]C(=O)c1cc(Cc2cc(cc(c2)C(=O)[O-])C(=O)[O-])cc(c1)C(=O)[O-]&&sra,UNKNOWN.cat0;ICALOP",0.8862
"[Co]O[Co].[O-]C(=O)c1cc(Cc2cc(cc(c2)C(=O)[O-])C(=O)[O-])cc(c1)C(=O)[O-]&&uni,UNKNOWN.cat0;ICAMEG",0.8982
[Cd].[O-]C(=O)C=Cc1ccc(cc1)C=Cc1ccncc1&&UNKNOWN.cat0;ICAWUF,0.7814
O=C(c1cccc(n1)C(=O)[O-])NCc1ccncc1.[Cd]&&hcb.cat0;ICEFED,0.4825
CCOC(=C(c1ccccc1)[O])c1ccccc1.[Zn].n1ccc(cc1)CCc1ccncc1&&UNKNOWN.cat1;ICETER,0.8302
[O-]C(=O)c1c(O)c(O)c(c(c1O)O)C(=O)[O-].[OH2][Sc][O]([Sc][OH2])[Sc][OH2]&&acs.cat0;ICISAP,0.8983
[Cu].[Cu]1[OH][Cu][OH]1.[O-]C(=O)[O-]&&ERROR.cat0;ICISOD,0.8858
[O-]C(=O)c1cc(NC2=NC(=[N]=C([N]2)Nc2cc(cc(c2)C(=O)[O-])C(=O)[O-])Nc2cc(cc(c2)C(=O)[O-])C(=O)[O-])cc(c1)C(=O)[O-].[Zn]&&UNKNOWN.cat0;ICODIP,0.895
[O-]C(=O)c1cc(NC2=NC(=[N]=C([N]2)Nc2cc(cc(c2)C(=O)[O-])C(=O)[O-])Nc2cc(cc(c2)C(=O)[O-])C(=O)[O-])cc(c1)C(=O)[O-].[Zn]&&UNKNOWN.cat0;ICODIP01,0.9026
"[O-]C(=O)c1ccc(s1)C(=O)[O-].[OH2][La][OH2].[O]N(=O)=O&&acs,UNKNOWN.cat0;ICORAV",0.4392
C[Si](c1ccncc1)(c1ccncc1)C.Cl[Cu]Cl&&ERROR.cat0;IDELAG,0.9029
C[Si](c1ccncc1)(c1ccncc1)C.Cl[Cu]Cl&&ERROR.cat0;IDELAG01,0.8994
[O-]C(=O)c1ccc(cc1)C(=O)[O-].[O].[V]&&rna.cat0;IDIWOH,0.9028
[O-]C(=O)c1ccc(cc1)C(=O)[O-].[O].[V]&&rna.cat0;IDIWOH01,0.8988
[O-]C(=O)c1ccc(cc1)C(=O)[O-].[O].[V]&&rna.cat0;IDIWOH02,0.8999
[O-]C(=O)c1ccc(cc1)C(=O)[O-].[O].[V]&&rna.cat0;IDIWOH03,0.9052
[O-]C(=O)c1ccc(cc1)C(=O)[O-].[O].[V]&&rna.cat0;IDIWOH04,0.8991
[O-]C(=O)c1ccc(cc1)C(=O)[O-].[O].[V]&&rna.cat0;IDIWOH05,0.9021
[O-]C(=O)c1ccc(cc1)C(=O)[O-].[O].[V]&&rna.cat0;IDIWOH06,0.8985
[O-]C(=O)c1ccc2c(c1)ccc(c2)C(=O)[O-].[OH].[Zn]&&UNKNOWN.cat0;IDIXAU,0.8762
[Cd].[Cd][Cd].[O-]C(=O)C1=CC(=C[C]=C1)c1ccc(cc1)C(=O)[O-].[O-]C(=O)C1=C[C]=CC(=C1)c1ccc(cc1)C(=O)[O-].[O-]C(=O)c1ccc(cc1)c1cc(cc(c1)C(=O)[O-])C(=O)[O-]&&sql.cat0;IDUZAK,0.824
[O-]C(=O)c1ccc(cc1)C(=O)[O-].[OH2][Zn].[Zn]&&hxl.cat0;IFACAT,0.8989
[O-]C(=O)c1ccc(cc1)C(=O)[O-].[OH2][Zn].[Zn]&&hxl.cat0;IFACAT01,0.8968
[O-]C(=O)c1ccc(cc1)C(=O)[O-].[OH2][Zn].[Zn]&&hxl.cat0;IFACAT02,0.8967
C1CN2CCN1CC2.[O-]C(=O)c1cc(C)c(cc1C)C(=O)[O-].[Zn][Zn]&&pcu.cat0;IFAGON,0.8691
[Mg].[O-]C(=O)CCCCC(=O)[O-].[O][Mg]&&UNKNOWN.cat0;IFASOZ,0.9019
[Cd].c1ccc(nc1)N(c1ccccn1)c1cccc(n1)N(c1ccccn1)c1ccccn1&&ERROR.cat0;IGADAX,0.8929
Cl[Cu](Cl)Cl.Cl[Cu]Cl.[O-]C(=O)c1ccc(cc1)N.[O][Cr][O]([Cr][O])[Cr][O]&&ERROR.cat2;IGAGUU,0.8941
Cl[Cu](Cl)Cl.Cl[Cu]Cl.Nc1cccc(c1)C(=O)[O-].[O][Cr][O]([Cr][O])[Cr][O]&&ERROR.cat0;IGAHAB,0.4885
C1CNCCSCc2ccccc2OCCOc2c(CS1)cccc2.I[Cu]12[Cu]3([Cu]1([Cu]23I)I)I&&sql.cat1;IGOBUC,0.8687
O=C1N(c2ccncc2)C(=O)c2c3c1ccc1c3c(cc2)C(=O)N(C1=O)c1ccncc1.[Cd].[O-]C(=O)c1ccc(cc1)Oc1ccc(cc1)C(=O)[O-]&&sql.cat0;IGOJIZ,0.8923
[Cu].c1ccc2c(c1)N=C[N]2&&ERROR.cat5;IGOYUA,0.6732
CCc1c(Cn2cncc2)c(CC)c(c(c1Cn1cncc1)CC)Cn1cncc1.Cl[Co]Cl&&hcb.cat1;IGUBES,0.8991
CCc1c(Cn2cncc2)c(CC)c(c(c1Cn1cncc1)CC)Cn1cncc1.Cl[Co]Cl&&hcb.cat1;IGUBES01,0.8986
C[C](c1ccncc1)[N]N=C(c1ccncc1)C.Oc1cc(cc(c1)C(=O)[O-])C(=O)[O-].[Co]&&UNKNOWN.cat1;IGUKIG,0.6688
[Cd].[O-]C(=O)c1ccc(cc1)c1ccncc1.[O-]C(=O)c1cccc(c1)c1ccncc1&&bcu.cat0;IGUVIR01,0.8136
"[O-]C(=O)c1ccc(cc1)c1ccc(c2c1N[C](N2)c1ccc(cc1)[C]1Nc2c(N1)c(ccc2c1ccc(cc1)C(=O)[O-])c1ccc(cc1)C(=O)[O-])c1ccc(cc1)C(=O)[O-].[Zn]12[O]3456[Zn]7[O]89%101[Zn]3[O]27([Zn]48)([Zn]59)[Zn]6%10.[Zn][O]([Zn])([Zn])[Zn]&&hea,UNKNOWN.cat0;IHABAW",0.8837
[Cu].[O-]C(=O)c1ccc(cc1)C(=O)[O-].c1ccc(cc1)P(c1ccccn1)c1ccccn1&&UNKNOWN.cat1;IHEWAV,0.7174
[O-]C(=O)CCC(=O)[O-].[O-]C(=O)[C][C]C(=O)[O-].[OH2][La]&&UNKNOWN.cat0;IHIMAP01,0.0387
[Er].[O-]C(=O)c1c(C)c(C)c(c(c1C)C)C(=O)[O-]&&pcu.cat0;IJASAO,0.8143
[Er].[O-]C(=O)c1c(C)c(C)c(c(c1C)C)C(=O)[O-]&&pcu.cat0;IJASAO01,0.8167
"[O-]C(=O)c1ccc(cc1c1cc(ccc1C(=O)[O-])C(=O)[O-])C(=O)[O-].[OH2][Cu]([OH2])[OH2]&&sql,UNKNOWN.cat1;IJEFIN",0.8993
"O[Ni]([OH2])[OH2].[O-]C(=O)c1ccc(cc1c1cc(ccc1C(=O)[O-])C(=O)[O-])C(=O)[O-]&&sql,UNKNOWN.cat1;IJEFUZ",0.9013
[Ag].c1ccc(cn1)COc1cc(OCc2cccnc2)cc(c1)OCc1cccnc1&&hcb.cat1;IJISUQ,0.39
[Mn].[O-]C=O&&met.cat0;IJOMOJ04,0.8939
[Mn].[O-]C=O&&met.cat0;IJOMOJ06,0.8948
CC(=C[C]1C=C[N]C=N1)c1cccnc1.CC(=Cc1ccncn1)c1cccnc1.[Co]&&kgm.cat0;ILALOW,0.7686
[Pt].n1ccc(cc1)c1ccc(cc1)c1c(c2ccc(cc2)c2ccncc2)c(c2ccc(cc2)c2ccncc2)c(c(c1c1ccc(cc1)c1ccncc1)c1ccc(cc1)c1ccncc1)c1ccc(cc1)c1ccncc1&&ERROR.cat1;ILIXIL,0.7312
Cc1cc(COc2ccccc2C(=O)NCc2ccccc2)c(cc1COc1ccccc1C(=O)NCc1ccccc1)C.[Er]&&hcb.cat0;ILUCIC,0.8958
Cc1cc(COc2ccccc2C(=O)NCc2ccccc2)c(cc1COc1ccccc1C(=O)NCc1ccccc1)C.[Eu]&&hcb.cat0;ILUCOI,0.8939
Cc1cc(COc2ccccc2C(=O)NCc2ccccc2)c(cc1COc1ccccc1C(=O)NCc1ccccc1)C.[Sm]&&hcb.cat0;ILUCUO,0.8917
Cc1cc(COc2ccccc2C(=O)NCc2ccccc2)c(cc1COc1ccccc1C(=O)NCc1ccccc1)C.[Tb]&&hcb.cat0;ILUDAV,0.8965
[Br].[Cu]1[Cu][Cu][Cu]1.n1nnn(c1)c1ccc(cc1)Oc1ccc(cc1)n1cnnn1&&ERROR.cat1;IMIBOW,0.8634
CC(=Cc1ccncc1)c1ccncc1.[Co]&&sql.cat3;IMULAD,0.8785
[In].[O-]C(=O)c1cc(cc(c1)C(=O)[O-])C(=O)[O-].[O][In].[O][In][O]([In][O])[In][O]&&UNKNOWN.cat0;IMUVAO,0.8238
S=C(Nc1ccc(cc1)C(=O)[O-])Nc1ccc(cc1)C(=O)[O-].[Co].n1ccc(cc1)C=Cc1ccncc1&&sql.cat1;INUNAH,0.8934
S=C(Nc1ccc(cc1)C(=O)[O-])Nc1ccc(cc1)C(=O)[O-].[Co].n1ccc(cc1)c1ccncc1&&sql.cat1;INUNEL,0.7707
[Cu].n1ccc(cc1)CCc1ccncc1&&sql.cat1;IRAXUV,0.8978
[Cu][Cu].n1ccc(cc1)CCc1ccncc1&&ERROR.cat1;IRAYEG,0.8908
[C]#N.[Fe].[W]&&ERROR.cat1;IRIMIG,0.8848
[Cu].[O-]C(=O)c1ccc2c(c1)[nH]c(n2)C&&sql.cat1;IROROX,0.8467
Cc1onc(c1Cc1ccc(cc1)Cc1c(C)noc1C)C.[Ag][Ag][Ag][Ag]&&ERROR.cat0;ISAROK,0.7765
[Cu].n1ccc(cc1)c1nnc(o1)c1ccncc1&&ERROR.cat1;ISAYUW,0.7932
[OH2][Co]([OH2])[OH2].n1ccc(cc1)c1nnc(o1)c1ccncc1&&ERROR.cat1;ISEMIC,0.8935
"[Dy].[O-]C(=O)c1ccc(cc1)C1=C2C=CC3=[N]2[Ni]24n5c1ccc5C(=C1[N]2=C(C=C1)C(=c1n4c(=C3c2ccc(cc2)C(=O)[O-])cc1)c1ccc(cc1)C(=O)[O-])c1ccc(cc1)C(=O)O&&kgd,UNKNOWN.cat0;ISENUQ",0.5292
[O-]C(=O)c1cc(N=Nc2cc(cc(c2)C(=O)[O-])C(=O)[O-])cc(c1)C(=O)[O-].[Zn].n1ccc(cc1)c1ccncc1&&ERROR.cat0;ISOHEE,0.9009
[In].[O-]C(=O)C1CCC(C1(C)C)(C)C(=O)[O-]&&dia.cat0;ISOJOQ,0.8235
[Eu].[O-]C(=O)C12CC3CC(C1)CC(C2)(C3)C(=O)[O-]&&ttp.cat0;ITAHEQ,0.8179
"[In].[O-]C(=O)c1cc(cc(c1)C(=O)[O-])c1c(F)c(F)c(c(c1F)F)c1cc(cc(c1)C(=O)[O-])C(=O)[O-]&&pts,tfi.cat0;ITUVOJ",0.7478
O=S(c1ccccc1)CCCCS(=O)c1ccccc1.[Cd]&&hxl.cat0;IVAHIW,0.8941
Cl[Cu].Cl[Cu]123N4C=CC=N[C]4SC3(S[C]3N2C=CC=N3)S[C]2N1C=CC=N2&&ERROR.cat2;IVAPAX,0.8453
[O-]C(=O)C1=[C]C(=[C]C(=[C]1)C(=O)[O-])C(=O)[O-].[Ru][Ru]&&tbo.cat0;IVESOS,0.8848
Cl[Cu](Cl)Cl.[Cu].n1ccc(cc1)c1ccc(cc1)C(c1ccc(cc1)c1ccncc1)(c1ccc(cc1)c1ccncc1)c1ccc(cc1)c1ccncc1&&bex.cat3;IVETIN,0.8777
[O-]C(=O)c1cccc(c1)C(=O)[O-].[Zn].n1ccc(cc1)C#Cc1ccncc1&&sql.cat0;IWAJIA,0.8141
[Zn].n1ccc(cc1)CCc1ccncc1&&ERROR.cat1;IXAJEX,0.8166
"[Cu][Cu].[O-]C(=O)c1cc(cc(c1)c1ccncc1)C(=O)[O-]&&rtl,sql.cat0;IXAJUN",0.8928
[O-][n+]1ccc(cc1)c1cc[n+](cc1)[O-].[O]N1[CH]C=C(C=C1)C1=C[CH]N(C=C1)[O].[O]N1[CH]C=C(C=C1)c1cc[n+](cc1)[O-].[Yb]&&UNKNOWN.cat0;IXEDUK,0.7777
[Cd].c1ncn(c1)c1ccc(cc1)N=Nc1ccc(cc1)n1cncc1&&sql.cat0;IXELAZ,0.8891
Br[Cu]Br.N1=N[C]=C2C(=[C]1)[C]=NN=[C]2.N1=[C]C2=C([C]=N1)[C]=NN=[C]2.[Cu].[Cu]Br&&ERROR.cat0;IXISEN,0.8299
N1=N[C]=C2C(=[C]1)[C]=NN=[C]2.N1=[C]C2=C([C]=N1)[C]=NN=[C]2.[Cu]I&&UNKNOWN.cat0;IXISIR,0.8271
[O-]C(=O)c1ccc(cc1)C(=O)[O-].[O].[V]&&rna.cat0;IXOFEH,0.9014
[O-]C(=O)c1ccc(cc1)C(=O)[O-].[O].[V]&&rna.cat0;IXOFOR,0.9017
Oc1cc(cc(c1)C(=O)[O-])C(=O)[O-].[Zn].c1ncn(c1)c1ccc(cc1)Oc1ccc(cc1)n1cncc1&&sql.cat3;IXOHOT,0.8316
[O-]C(=O)c1ccc(cc1)C(=O)[O-].[Zn].n1ccc(cc1)NNc1ccncc1&&dmp.cat1;IXURAV,0.6422
O=C(c1cccc(c1)C(=O)Nc1ccncc1)Nc1ccncc1.[Co].[O-]C(=O)c1ccc(cc1)C(=O)[O-]&&sql.cat1;IXUWUU,0.8291
[C]#Cc1cnccc1C=Cc1ccncc1C#[C].[O-]C(=O)c1ccc(cc1)c1c(Br)c(c2ccc(cc2)C(=O)[O-])c(c(c1c1ccc(cc1)C(=O)[O-])Br)c1ccc(cc1)C(=O)[O-].[Zn][Zn]&&fsc.cat0;IYIHUU,0.8876
N#C[N]C1=[C]C(=C([C]=C1[C])[N]C#N)[C].[Ru][Ru]&&ERROR.cat3;IYIMAF01,0.8566
Br[Cu]12[S]3[W]452([S]1[Cu]4[S]5[Cu]3)[O].c1ncn(c1)c1ccc(cc1)N(c1ccc(cc1)n1cncc1)c1ccc(cc1)n1cncc1&&ths.cat1;IYOBAA,0.883
Cl[Zn]Cl.n1ccc(cc1)C1=NC(=[N]=C([N]1)c1ccncc1)c1ccncc1&&ths.cat1;IYOHOU,0.8991
Cl[Co].N#C[C]1C(=C(C(=C1C#N)C#N)C#N)C#N&&ERROR.cat3;IYOYOL,0.8951
[C]=O.[C]=O.[O-]C(=O)c1ccc(cc1)Oc1ccc(cc1)C(=O)[O-].[O-][C]=O.[O][In][O]([In])[In]&&UNKNOWN.cat0;IYUJAO,0.8263
[OH2][Co][OH2].c1ccc(cn1)[CH][N][N][CH]c1cccnc1&&ERROR.cat0;IYUMEU,0.755
N#C[C]1C(=C(C(=C1C#N)C#N)C#N)C#N.[C][C]O[C][C][C]O[C][C].[Na]&&ERROR.cat1;IYUQEZ,0.8665
[O-]C(=O)c1ccc(cc1)C(=O)[O-].[O][Cr][O]([Cr][O])[Cr][O]&&reo-e.cat0;IZEPAF,0.8942
[O-]C(=O)c1ccc(cc1)C(=O)[O-].[O][Cr][O]([Cr][O])[Cr][O]&&flu-e.cat0;IZEPEJ,0.8701
[O-]C(=O)c1cc(cc(c1)C(=O)[O-])C(=O)[O-].[O][Mo]1234O[Mo]56([O])O[Mo]7(O1)([O])[O]1[Zn]8[O]6[Mo]69([O]5[Zn]5[O]3[Mo]3%104([O]2[Zn]2[O]7[Mo]41([O])O[Mo]17%11([O]8[Mo]87(O6)(O[Mo]6([O]5[Mo]5(O3)([O])O[Mo]3(O%10)([O]2[Mo]([O]3[Zn]([O]65)[O]%118)(O4)([O])O1)[O])(O9)[O])[O])[O])[O])[O].[O][Mo]1234O[Mo]567([O])O[Mo]8(O1)([O])[O]1[Zn]9[O]6[Mo]6%107([O]5[Zn]5[O]3[Mo]374([O]2[Zn]2[O]8[Mo]41([O])O[Mo]18%11([O]9[Mo]91(O6)(O[Mo]1([O]5[Mo]5(O7)(O[Mo]67(O3)([O]2[Mo]6([O]7[Zn]([O]15)[O]%119)(O4)([O])O8)[O])[O])(O%10)[O])[O])[O])[O])[O]&&ofp.cat0;IZOWAW,0.9023
[O-]C(=O)c1cc(cc(c1)C(=O)[O-])C(=O)[O-].[O][Mo]1234O[Mo]56([O])O[Mo]78(O1)([O])[O]1[Zn]9[O]2[Mo]2%104([O]3[Zn]3[O]5[Mo]45([O]6[Zn]6%11[O]7[Mo]781([O])O[Mo]18([O]9[Mo]9(O2)([O])O[Mo]2%12(O%10)([O]3[Mo]32([O]%12[Zn]([O]19)[O]1[Mo]2([O]7[Zn]79[O]%10[Mo]%12%13(O[Mo]%14%15%16([Mo]%17%18([O]%11[Mo]%11%19%20([O]9[Mo]9%21%20([O]%19[Zn]%19[O]%20[Mo](O%11)(O%17)([O])[O]%11[Zn]([O]%15%18)[O]%15[Mo]%17(O%16)(O%12)([Mo]%12%16%15([O]%17[Zn]%15[O]%13[Mo]%10(O%21)([O])O[Mo]%10%13(O9)([O]%19[Mo]%10([O]%15%13)(O[Mo]%20%11([O])O%12)([O])O%16)[O])[O])[O])[O])[O])([O]7%14)[O])[O])[O])([O]6[Mo]12(O5)(O3)[O])(O8)[O])(O4)[O])[O])[O])[O])[O]&&rtl.cat0;IZOWEA,0.9057
[Mo].[Mo][Mo].[O-]C(=O)c1cc(cc(c1)C(=O)[O-])C(=O)[O-].[O].[O]P(=O)([O])[O].[Zn]&&ERROR.cat0;IZOWIE,0.9074
Br[Cu][Cu]Br.CC(=C(c1ccncc1)C(=O)C)[O].CC(=O)[C](c1ccncc1)C(=O)C.C[C](C(=C([O])C)c1ccncc1)[O].[Be]&&ERROR.cat0;JAFYUL,0.8457
I[Hg]I.O=C(c1ccc(cc1)C(=O)Nc1ccncc1)Nc1ccncc1&&ERROR.cat3;JAPHAK,0.8768
N#CC1=[C][C]=C([C]=[C]1)C(C1=[C][C]=C([C]=[C]1)C#N)(C1=[C][C]=C([C]=[C]1)C#N)C1=[C][C]=C([C]=[C]1)C#N.[Cu]&&dia.cat0;JARMEU,0.8991
N#CC1=[C][C]=C([C]=[C]1)C(C1=[C][C]=C([C]=[C]1)C#N)(C1=[C][C]=C([C]=[C]1)C#N)C1=[C][C]=C([C]=[C]1)C#N.[Cu]&&dia.cat0;JARMEU10,0.8959
[O-]C(=O)c1ccc(cc1)C(=O)[O-].[Zn][Zn].n1ccc(cc1)c1ccncc1&&pcu.cat1;JASNAT,0.826
[N]1[CH][C][C](C=C1)C1=[C][CH][N][C][C]1.[O-]C(=O)c1ccc2c(c1)ccc(c2)C(=O)[O-].[Zn][Zn]&&pcu.cat1;JASNEX01,0.8682
[Ag].n1ccncc1&&ERROR.cat0;JAZJIE,0.8099
[O-]C(=O)C1CCCC(C1)C(=O)[O-].[OH2][Cd][OH2]&&ERROR.cat1;JECFON,0.889
[C]=O.[C]=O.[C][O].[C][O].[O].[Cu].[O-][C]=O.[O-][C]=O.[C].[O][C][C]([C](C(C(=O)[O-])(C(=O)[O-])[O])[O])[O]&&UNKNOWN.cat0;JEDKIM,0.9023
[Ni].[O-]C(=O)c1cc(cc(c1)C(=O)[O-])C(=O)[O-]&&hcb.cat0;JEDQIS,0.8561
[C]=O.[Ni].[O-][C]=O&&ERROR.cat1;JEDQOY,0.859
"[O-]C(=O)c1ccc(cc1)N(c1ccc(cc1)C(=O)[O-])c1ccc(cc1)N(c1ccc(cc1)C(=O)[O-])c1ccc(cc1)C(=O)[O-].[Zn][O]([Zn])([Zn])[Zn]&&iac,act.cat0;JEJWEB",0.9016
"[Co].[O-]C(=O)c1ccc(cc1)N(c1ccc(cc1)C(=O)[O-])c1ccc(cc1)N(c1ccc(cc1)C(=O)[O-])c1ccc(cc1)C(=O)[O-]&&kgd,flt.cat0;JEJWIF",0.8981
[O-]C(=O)c1ccc(cc1)c1ccc(cc1)c1cc(cc(c1)c1ccc(cc1)C1=CC=[C]C=C1)c1ccc(cc1)c1ccc(cc1)C(=O)[O-].[O-]C(=O)c1ccc(cc1)c1ccc(cc1)c1cc(cc(c1)c1ccc(cc1)c1ccc(cc1)C(=O)[O-])c1ccc(cc1)c1ccc(cc1)C(=O)[O-].[Zn][O]1[Zn][O]([Zn]1)[Zn]&&UNKNOWN.cat0;JENKET,0.8871
[O-]C(=O)c1ccc(cc1)c1ccc(cc1)c1cc(cc(c1)c1ccc(cc1)c1ccc(cc1)C(=O)[O-])c1ccc(cc1)c1ccc(cc1)C(=O)[O-].[Zn][O]([Zn]1[O]([Zn])[Zn]([O]1[Zn])[O]([Zn])[Zn])[Zn]&&llj.cat0;JENKIX,0.812
O=C1NC(=O)N=C([CH]1)C(=O)[O-].[OH2][Co]([OH2])[OH2]&&ERROR.cat0;JESYOW,0.892
O.[O-]C(=O)c1ccc(c(c1)S([O])([O])[O])C(=O)[O-].[OH].[O].[Zn].n1ccc(cc1)c1ccncc1&&ERROR.cat0;JITPOS,0.8854
"Oc1cc(c(cc1P(=O)(O)[O])O)P(=O)(O)[O].Oc1cc(c(cc1P(=O)(O)[O])O)P(=O)([O])O.[Zn]&&pts,dmd.cat0;JIVFUQ",0.9006
[C]C1C=NC=C[C]1c1ccc(cc1)C(=O)[O-].[Co].[N][C](O[C][N]([C]1[C][N]([C]2[N]1([C]C1C=NC=C[C]1c1ccc(cc1)C(=O)[O-])[C]([O])O2)([C])[C])([C])[C])[O].[O-]C(=O)C([O])C&&UNKNOWN.cat0;JIZJAF,0.9029
[Co].[O-]C(=O)C([O])C.[O-]C(=O)c1ccc(cc1)c1ccncc1&&UNKNOWN.cat0;JIZJEJ,0.8991
[Co].[O-]C(=O)C([O])C.[O-]C(=O)c1ccc(cc1)c1ccncc1&&UNKNOWN.cat0;JIZJIN,0.8959
[Co].[O-]C(=O)C([O])C.[O-]C(=O)c1ccc(cc1)c1ccncc1&&UNKNOWN.cat0;JIZJOT,0.9007
[Co].[O-]C(=O)C([O])C.[O-]C(=O)c1ccc(cc1)c1ccncc1&&UNKNOWN.cat0;JIZJUZ,0.8975
[Al].[O-]C(=O)[C]1[C][C][C]([C][C]1)C(=O)[O-].[O]&&rna.cat0;JIZWAS,0.5259
[Al].[O-]C(=O)[C]1[C][C][C]([C][C]1)C(=O)[O-].[O].[O][C]([C]1[C][C][C]([C][C]1)C(=O)[O-])[O]&&rna.cat0;JIZWOG,0.8374
[O-]C(=O)Cn1cnnc1.[OH2][Cu][OH]([Cu][OH2])[Cu][OH2]&&pcu.cat0;JOCWIJ,0.8937
[Co].[O-]C(=O)C=Cc1ccncc1&&dia.cat1;JODGAM,0.7591
[Co].[O-]C(=O)c1ccc(cc1)c1ccncc1&&dia.cat1;JODGIU,0.8991
[O-]C(=O)C1=[N]=C(N=N1)N.[OH2][Cu]&&UNKNOWN.cat0;JOFKIA,0.8937
[S][Ga]1S[Ga]S[Ga]2S[Ga]3S[Ga](S1)S[Ga]1S[Ga]S[Ga](S1)S[Ga](S2)S3.n1ccc(cc1)CCc1ccncc1&&ERROR.cat1;JOGDEP,0.7975
COc1cc(c(cc1c1ccc(cc1)C(=O)[O-])OC)c1ccc(cc1)C(=O)[O-].[OH2][Ni][OH2].c1ncn(c1)c1ccc(cc1)c1ccc(cc1)n1cncc1&&sql.cat0;JOGQON,0.8885
[O-]C(=O)c1cc(cc(c1)C(=O)[O-])C(=O)[O-].[Y]1OO1&&UNKNOWN.cat0;JOHFIW,0.8641
O=C(Nc1cccnc1)NCCCCCNC(=O)Nc1cccnc1.[Ag]&&ERROR.cat1;JOHYIP,0.2453
N1=NC2=CC3=C([CH]C2=N1)OC1=C(O3)C=C2C(=NN=N2)[CH]1.N1=NC2=CC3=C([CH]C2=N1)Oc1c(O3)cc2=N[N]N=c2c1.N1=N[C]2C(=N1)C=C1C(=C2)Oc2c(O1)cc1=N[N]N=c1c2.[N]1N=c2c(=N1)cc1c(c2)Oc2c(O1)cc1=N[N]N=c1c2.[Zn]&&pcu.cat0;JOJLAX,0.9059
[Cd].[O]P(=O)(c1ccccc1)c1ccccc1.n1ccc(cc1)c1ccncc1&&sql.cat0;JOLSIO,0.7909
[O]P(=O)([C]C1=[C][C]=C([C]=[C]1)C1=NC(=[N]=C([N]1)C1=[C][C]=C([C]=[C]1)[C]P(=O)([O])[O])C1=[C][C]=C([C]=[C]1)[C]P(=O)([O])[O])[O].[Zr]&&UNKNOWN.cat0;JOLYEQ,0.899
[Cu][Cu].n1ccc(cc1)[N]C=Nc1ccncc1&&sql.cat0;JOQRIS,0.8225
[Cd].[O-]C(=O)c1ccc(cc1)Oc1ccc(cc1)C(=O)[O-].n1ccc(cc1)c1ccc(cc1)N(c1ccc(cc1)c1ccncc1)c1ccc(cc1)c1ccc(cc1)N(c1ccc(cc1)c1ccncc1)c1ccc(cc1)c1ccncc1&&ERROR.cat1;JORLEJ,0.8467
[C]=O.[Fe]O[Fe].[Fe][Fe].[O-]C(=O)C1=CC(=[C]C(=C1)C(=O)[O-])C(=O)[O-].[Pd]&&UNKNOWN.cat0;JORQAK,0.8968
[O-]C(=O)c1ccncc1C(=O)O.[OH2][Co][OH2]&&sql.cat0;JOVCII,0.8894
O=C1N(c2ccncc2)C(=O)c2c3c1ccc1c3c(cc2)C(=O)N(C1=O)c1ccncc1.[O][Zn]&&sql.cat1;JOVNUF,0.8916
C(Cc1ccncc1)Cc1ccncc1.[O-]C(=O)c1cc(C#Cc2cc(cc(c2)C(=O)[O-])C(=O)[O-])cc(c1)C(=O)[O-].[Zn]&&ERROR.cat1;JOVXOJ,0.881
[O-]C(=O)c1cc(C#Cc2cc(cc(c2)C(=O)[O-])C(=O)[O-])cc(c1)C(=O)[O-].[Zn].n1ccc(cc1)c1ccncc1&&ERROR.cat0;JOVXUP,0.9008
[O][Cu][O].c1ccc(nc1)c1nccnc1c1ccccn1&&ERROR.cat3;JOWDOO,0.8365
I[Cu]12[Cu]3([Cu]1([Cu]23I)I)I.[In].[O-]C(=O)c1cncc(c1)C(=O)[O-]&&ctn.cat0;JOXNAN,0.8926
[O-]C(=O)c1ccc(cc1)c1cc(c2ccc(cc2)C(=O)[O-])c(cc1c1ccc(cc1)C(=O)[O-])c1ccc(cc1)C(=O)[O-].[Zn][Zn].n1ccc(cc1)C=Cc1ccc(cc1)C=Cc1ccncc1&&UNKNOWN.cat0;JUCGUL,0.7885
[Co].[O-]C(=O)c1ccc(cc1)Nc1ccc(cc1)C(=O)[O-].c1ncn(c1)c1ccc2c(c1)c1cc(ccc1o2)n1cncc1&&sql.cat1;JUFBOD,0.8974
[Cd].[O-]C(=O)c1c(C)c2n(c1C)[B](F)(F)n1c([C]2c2ccccc2)c(C)c(c1C)C(=O)[O-].n1ccc(cc1)CCc1ccncc1&&sql.cat1;JUGLEE,0.8271
[O-]C(=O)c1cc([N][N]c2cc(C(=O)[O-])c(c(c2)C(=O)[O-])C(=O)[O-])cc(c1C(=O)[O-])C(=O)[O-].[OH2][Cu][Cu][OH2].[OH2][Cu][OH2].[O][Cu]([OH2])[OH2]&&UNKNOWN.cat0;JUHNIL,0.8647
O=C(c1ccc2c(c1)ccc(c2)C(=O)Nc1cccnc1)Nc1cccnc1.[O-]C(=O)c1ccc(cc1)Oc1ccc(cc1)C(=O)[O-].[Zn]&&sql.cat1;JUJVER,0.8302
C(Cc1ccncc1)Cc1ccncc1.[Ag][Ag]&&sql.cat0;JUMLEK,0.8904
C(Cc1ccncc1)Cc1ccncc1.[Ag][Ag]&&sql.cat1;JUMSOB,0.8661
[O-]C(=O)c1ccc(o1)C(=O)[O-].[Zn].n1ccc(cc1)c1ccncc1&&sql.cat1;JURYOM,0.871
COc1cc2c(c3cc(cc(c3)C(=O)O)C(=O)[O-])c3cc(OC)c(cc3c(c2cc1OC)c1cc(cc(c1)C(=O)O)C(=O)[O-])OC.[Ba]&&UNKNOWN.cat0;JUSKAL,0.6272
COc1cc2c(c3cc(cc(c3)C(=O)O)C(=O)[O-])c3cc(OC)c(cc3c(c2cc1OC)c1cc(cc(c1)C(=O)O)C(=O)[O-])OC.[Ba]&&UNKNOWN.cat0;JUSKIT,0.8119
[OH2][Cu].[O]S(=O)(=O)[O].n1ccc(cc1)c1nnc(o1)c1ccncc1&&dia.cat0;JUZXAD,0.783
[O]S(=O)(=O)[O].[O][Cu].n1ccc(cc1)c1nnc(o1)c1ccncc1&&dia.cat0;JUZXAD01,0.7989
[Co].[O]S(=O)(=O)[O].n1ccc(cc1)c1nnc(o1)c1ccncc1&&sql.cat1;JUZXEH,0.8362
[Cu].[OH2][Cu].n1ccc(cc1)c1ccncc1&&UNKNOWN.cat1;KABTIS,0.8601
"[Cd].[O-]C(=O)c1cc(cc(c1)S([O])([O])[O])C(=O)[O-]&&UNKNOWN,kgd.cat0;KABVOA",0.8927
Clc1c(Cl)c(c(c(c1Cl)Cl)Cl)[C](c1c(Cl)c(Cl)c(c(c1Cl)Cl)C(=O)[O-])c1c(Cl)c(Cl)c(c(c1Cl)Cl)C(=O)[O-].[O][Co]([O])([O])[O].[O][Co][O]&&ERROR.cat1;KACVIV,0.8799
[O-]C(=O)c1ccc(cc1)[N][N]c1ccc(cc1)C(=O)[O-].[O][In][O]([In])[In]&&lvt.cat2;KACZEV,0.8786
[O-]C(=O)c1ccc(cc1)[N][N]c1ccc(cc1)C(=O)[O-].[O][In][O]([In])[In]&&lvt.cat2;KACZIZ,0.8724
[Zn].c1ccc(cn1)C1=C2C=CC(=C(c3cccnc3)C3=NC(=C(C4=CC=C(C(=C5N=C1C=C5)c1cccnc1)[N]4)c1cccnc1)C=C3)[N]2&&ERROR.cat1;KADHOO,0.8198
[Ni][OH2][Ni].[O-]C(=O)c1cccc(c1)C(=O)[O-].n1ccc(cc1)C1C(c2ccncc2)C(C1c1ccncc1)c1ccncc1&&UNKNOWN.cat0;KALFEK,0.8814
[Ni][OH2][Ni].[O-]C(=O)c1cccc(c1)C(=O)[O-].n1ccc(cc1)C1C(c2ccncc2)C(C1c1ccncc1)c1ccncc1&&UNKNOWN.cat0;KALFIO,0.8809
[Ni]O[Ni].[O-]C(=O)c1cccc(c1)C(=O)[O-].n1ccc(cc1)C1C(c2ccncc2)C(C1c1ccncc1)c1ccncc1&&UNKNOWN.cat0;KALGAH,0.8745
[Ni][OH2][Ni].[O-]C(=O)c1cccc(c1)C(=O)[O-].n1ccc(cc1)C1C(c2ccncc2)C(C1c1ccncc1)c1ccncc1&&UNKNOWN.cat0;KALGEL,0.8223
Fc1c(F)c(ccc1c1ccncc1)c1ccncc1.[O-]C(=O)c1ccc(cc1)C(=O)[O-].[Zn][Zn]&&pcu.cat1;KANDIO,0.8341
I[Cu]1[S]2[Cu]3([Mo]452([S]1[Cu]4([S]35)I)[O])I.n1ccc(cc1)c1ccncc1&&UNKNOWN.cat1;KAPROK,0.8812
I[Cu]1[S]2[Cu]3([Mo]452([S]1[Cu]4([S]35)I)[O])I.n1ccc(cc1)c1ccncc1&&UNKNOWN.cat1;KAPRUQ,0.8608
I[Cu]1[S]2[Cu]3([W]452([S]1[Cu]4([S]35)I)[O])I.n1ccc(cc1)c1ccncc1&&UNKNOWN.cat1;KAPSAX,0.8787
[Cu].[O-]C(=O)c1ccc(cc1)C1=NN=N[N]1&&sql.cat0;KARCUD,0.8791
[Ni][O]([Ni])[Ni].[O-]C(=O)c1ccc(cc1)C(=O)[O-].[O-]C(=O)c1ccncc1&&ncb.cat0;KARLAS,0.8898
[Ni][O]([Ni])[Ni].[O-]C(=O)C=Cc1ccncc1.[O-]C(=O)c1ccc2c(c1)ccc(c2)C(=O)[O-]&&ncb.cat0;KARLIA,0.8978
O=[C][C]C=CC12[C](C2([C]1C=C[C][C]=O)C=C[C][C]=O)C=C[C][C]=O.O=[C][C]C=CC12[C](C2([C]1C=C[C][C]=O)C=C[C][C]=O)[CH]C=[C][C]=O.O=[C][C]C=CC12[C](C2([C]1C=C[C][C]=O)[CH]C=[C][C]=O)C=C[C][C]=O.O=[C][C]C=CC12[C](C2([C]1C=C[C][C]=O)[CH]C=[C][C]=O)[CH]C=[C][C]=O.[Ni][O]([Ni])[Ni]&&ERROR.cat1;KARMAT,0.9015
O=c1ccn(cc1)c1cccc(c1C(=O)[O-])C(=O)[O-].[Cd].c1ncn(c1)Cc1ccc(cc1)Cn1cncc1&&uni.cat0;KATDAM,0.8913
[O-]C(=O)C1CCC(CC1)C(=O)[O-].[OH2][Cu].n1ccc(cc1)c1nnc(o1)c1ccncc1&&sql.cat1;KATVEH,0.8955
C(Cc1ccncc1)Cc1ccncc1.[Cd].[O-]C(=O)c1ccc(cc1)C(=O)[O-]&&ERROR.cat0;KAVTEI,0.8791
[Ca].[O-]C(=O)c1ccc(cc1)S(=O)(=O)c1ccc(cc1)C(=O)[O-]&&UNKNOWN.cat0;KAXQOR,0.2508
[Co].[O-]C(=O)c1cc(cc(c1)n1cnc2c1cccc2)n1cnc2c1cccc2&&gfy.cat0;KEBDIG,0.7136
[O-]C(=O)c1ccc(cc1)c1ccc(cc1)N(c1ccc(cc1)c1ccc(cc1)C(=O)[O-])c1ccc(cc1)c1ccc(cc1)C(=O)[O-].[Zn][OH][Zn]&&UNKNOWN.cat0;KEDQAN,0.8652
"[O-]C(=O)c1cc(C#Cc2cc(cc(c2)C(=O)[O-])C(=O)[O-])cc(c1)C(=O)[O-].[O][Zn][Zn][O]&&nbo,fof.cat0;KEFBEE",0.8988
"[O-]C(=O)c1cc(C#Cc2cc(cc(c2)C(=O)[O-])C(=O)[O-])cc(c1)C(=O)[O-].[O][Zn][Zn][O]&&hyw,hyx.cat0;KEFBII",0.5245
[O-]C(=O)c1cc(C#Cc2cc(cc(c2)C(=O)[O-])C(=O)[O-])cc(c1)C(=O)[O-].[O][Zn][Zn][O]&&UNKNOWN.cat0;KEFBOO,0.8968
[Co].[O-]C(=O)c1ccc(o1)C(=O)[O-]&&ERROR.cat0;KEFWEZ,0.8842
[Cd].n1ncn(c1)C12CN3CC(C2)(CC(C1)(C3)n1cnnc1)n1cnnc1&&gfy.cat0;KEHGAH,0.8733
O=C(c1ccncc1)[N]c1ccccc1[N]C(=O)c1ccncc1.[Cu][Cu]&&ERROR.cat0;KEHGEK,0.8912
[O-]C(=O)C1=C([N]C=N1)C(=O)[O-].[Zn].n1ccc(cc1)c1ccncc1&&hcb.cat2;KEPGAP,0.8941
"[O-]C(=O)c1cc(C#Cc2ccc(cc2)C(=C(c2ccc(cc2)C#Cc2cc(cc(c2)C(=O)[O-])C(=O)[O-])c2ccc(cc2)C#Cc2cc(cc(c2)C(=O)[O-])C(=O)[O-])c2ccc(cc2)C#Cc2cc(cc(c2)C(=O)[O-])C(=O)[O-])cc(c1)C(=O)[O-].[O][Zn][Zn][O]&&scu,lwg.cat0;KEQDER",0.8971
Cc1cc(ccc1N1C=CN([CH]1)CN1C=CN([CH]1)c1ccc(cc1C)C(=O)[O-])C(=O)[O-].Cl[Zn].Cl[Zn]Cl&&ERROR.cat0;KEQDOB,0.7841
[O-]C(=O)c1ccc(cc1)c1cc(c2ccc(cc2)C(=O)[O-])c2c3c1ccc1c3c(cc2)c(cc1c1ccc(cc1)C(=O)[O-])c1ccc(cc1)C(=O)[O-].[OH2][Zn][Zn][OH2]&&sql.cat0;KEQJEX,0.7285
[O-]C(=O)COc1ccccc1OCC(=O)[O-].[OH2][Cd].n1ccc(cc1)c1ccncc1&&ERROR.cat1;KEQNOL,0.9028
[Ag].[Co].n1ccc(cc1)[C](C1=CC=C[N]1)C1=CC=C[N]1.n1ccc(cc1)[C](C1=C[CH]C=N1)C1=CC=C[N]1.n1ccc(cc1)[C](C1=C[CH]C=N1)C1=NC=C[CH]1.n1ccc(cc1)[C](C1=NC=C[CH]1)C1=CC=C[N]1.n1ccc(cc1)[C](C1=N[CH]C=C1)C1=CC=C[N]1&&utp.cat1;KESBIU01,0.855
[O-]C(=O)CNS(=O)(=O)c1ccc(cc1)C(=O)[O-].[OH2][Mn].n1ccc(cc1)c1ccncc1&&ERROR.cat0;KESGAS,0.8759
I[Zn]I.O=C(c1ccncc1)Nc1cccc(c1)NC(=O)c1ccncc1&&ERROR.cat3;KESHUN,0.8986
[Fe][O]([Fe])[Fe].[O-]C(=O)C(C)(C)C.[O]C[O].[O][Fe]([O]([Fe]([O])([O])([O])[O])[Fe]([O])[O])[O]&&ERROR.cat7;KEWHUR,0.837
[O-]C(=O)c1cc(C#Cc2cc(cc(c2)C(=O)[O-])C(=O)[O-])cc(c1)C(=O)[O-].[Zn].n1ccc(cc1)c1ccncc1&&ERROR.cat0;KEWZOD,0.9
N#C[N]C#N.N1=CC=C([C]=C1)SSc1ccncc1.N1=C[C]=C(C=C1)SSc1ccncc1.[Cu]1[S]2[Cu]3[W]4562[S]1[Cu]4[S]6[Cu][S]35&&sql.cat1;KEXDIB,0.8926
I[Cu]12[S]3[Mo]452([S]1[Cu]4[S]5[Cu]3)[O].n1ccc(cc1)SSc1ccncc1&&UNKNOWN.cat1;KEXDOH,0.9007
N#C[N]C#N.[O][Mo]1234[Cu]5[S]3[Cu][S]2[Cu]1[S]45.n1ccc(cc1)c1ccncc1&&sql.cat0;KEXDUN,0.8695
[Cu].[O-]C(=O)CN=Cc1ccccc1[O]&&UNKNOWN.cat0;KEYFIF,0.8644
[Cu].[O-]C(=O)CN=Cc1ccccc1[O]&&UNKNOWN.cat0;KEYFIF01,0.8613
S(Cc1ccncc1)Cc1cc(CSCc2ccncc2)c(cc1CSCc1ccncc1)CSCc1ccncc1.[Ag]&&UNKNOWN.cat0;KIBYEA,0.8722
C1=CN=[C](=N[CH]1)[N][C]1=N[CH]C=CN=1.[Cu]&&ERROR.cat1;KIDVID,0.8307
CC(C(C(=O)[O-])NCc1ccncc1)O.[Zn]&&UNKNOWN.cat0;KIGCEK,0.8979
N#CC(=C1C=C(C=Cc2cccnc2)CC(C1)(C)C)C#N.[Ag]&&ERROR.cat1;KIJRIG,0.7537
Cc1[nH][n-]c(c1c1c(C)[n-][nH]c1C)C.[Cd]&&sql.cat1;KIKDOZ,0.8556
[O-]C(=O)c1ccc(cc1)C(=O)[O-].[OH2][Tm]&&UNKNOWN.cat0;KINFAQ,0.3261
"N#C[C](c1c(F)c(F)c(c(c1F)F)[C](C#N)C#N)C#N.[Cu]&&pts,tfi.cat0;KINNAY",0.8449
"N#C[C](c1c(F)c(F)c(c(c1F)F)[C](C#N)C#N)C#N.[Cu]&&pts,tfi.cat0;KINNEC",0.8488
[O-]C=O.[O][Cu][O]([Gd]([O]([Cu][O])[Cu])[O]([Cu])[Cu])[Cu].[O][Gd]([O])([O])([O])([O])[O]&&ERROR.cat1;KINQUV,0.8949
[O-]C=O.[O][Cu][O]([Dy]([O]([Cu][O])[Cu])[O]([Cu])[Cu])[Cu].[O][Dy]([O])([O])([O])([O])[O]&&ERROR.cat1;KINREG,0.8787
[O-]C=O.[O][Cu][O]([Gd]([O]([Cu][O])[Cu])[O]([Cu][O])[Cu])[Cu].[O][Gd]([O])([O])([O])([O])[O]&&pcu-h.cat1;KINRIK,0.8934
[O-]C=O.[O][Cu][O]([Tb]([O]([Cu][O])[Cu])[O]([Cu][O])[Cu])[Cu].[O][Tb]([O])([O])([O])([O])[O]&&pcu-h.cat1;KINROQ,0.5307
[O-]C(=O)c1ccc(cc1)c1c(Br)c(c2ccc(cc2)C(=O)[O-])c(c(c1c1ccc(cc1)C(=O)[O-])Br)c1ccc(cc1)C(=O)[O-].[O]c1c(C#Cc2ccncc2)c([O])c(c(c1[O])C#Cc1ccncc1)[O].[Zn][Zn]&&fsc.cat0;KINSAD,0.8897
[O-]C(=O)c1cc(ccc1C(=O)[O-])C(C(F)(F)F)(C(F)(F)F)c1ccc(c(c1)C(=O)[O-])C(=O)[O-].[OH2][Er].[OH2][Er]([OH2])[OH2].[OH2][Er][OH2]&&UNKNOWN.cat0;KIPJUQ,0.3535
[O-]C(=O)c1cc(ccc1C(=O)[O-])C(C(F)(F)F)(C(F)(F)F)c1ccc(c(c1)C(=O)[O-])C(=O)[O-].[OH2][Yb].[OH2][Yb]([OH2])[OH2].[O][Yb][OH2]&&UNKNOWN.cat0;KIPKAX,0.5256
[O-]C(=O)c1cc(ccc1C(=O)[O-])C(C(F)(F)F)(C(F)(F)F)c1ccc(c(c1)C(=O)[O-])C(=O)[O-].[OH2][Y].[OH2][Y]([OH2])[OH2].[OH2][Y][OH2]&&UNKNOWN.cat0;KIPKEB,0.486
[Co][OH]([Co][OH]([Co])[Co])[Co].[O-]C(=O)C=Cc1cccnc1&&sql.cat0;KIPZEQ,0.8251
[O]c1ccccc1C=[NH]CC[NH]=Cc1ccccc1[O].[Sm]&&hcb.cat1;KITHAX,0.8938
[Eu].[O]c1ccccc1C=[NH]CC[NH]=Cc1ccccc1[O]&&hcb.cat1;KITHEB,0.8997
[Lu].[O]c1ccccc1C=[NH]CC[NH]=Cc1ccccc1[O]&&hcb.cat1;KITHIF,0.8999
[O]c1ccccc1C=[NH]CC[NH]=Cc1ccccc1[O].[Pr]&&hcb.cat1;KITHUR,0.9014
[CH]=CC=[C]COc1cc(cc(c1)C(=O)[O-])C(=O)[O-].[CH]N=CC=[C][C]1[C][CH][C](C=C1)c1ccncc1.[CH][C]COc1cc(cc(c1)C(=O)[O-])C(=O)[O-].[C][CH][C]([CH][C]C(=O)[O-])O[CH2].[O-]C(=O)[C](C=[C]C(=O)[O-])C=[C]OC[C]=[CH].[Zn]&&hms.cat0;KITVAM,0.8528
[O-]C(=O)[C]1[CH][C](OC[C]2C=Cc3c4[C]2C=CC25c4c(cc3)[CH]C5[CH]2)[CH]C(=C1)C(=O)[O-].[Zn].n1ccc(cc1)c1ccc(cc1)c1ccncc1&&ERROR.cat0;KITVEQ,0.8836
[O-]C(=O)c1ccc(cc1)[N][N]c1ccc(cc1)C(=O)[O-].[OH2][Co][OH2]&&ERROR.cat0;KIVGEC,0.9034
[O-]C(=O)c1ccc(cc1)[N][N]c1ccc(cc1)C(=O)[O-].[OH2][Cd]&&ERROR.cat1;KIVGUS,0.8804
Cc1[nH][n-]c(c1Cc1c(C)[n-][nH]c1C)C.[Ni].[O-]C(=O)c1ccc(cc1)S(=O)(=O)c1ccc(cc1)C(=O)[O-]&&ERROR.cat0;KIYBAX,0.8465
[O-]C(=O)c1ccc(cn1)C(=O)[O-].[Zn]&&UNKNOWN.cat0;KIYQIU,0.8858
[O-]C(=O)c1cc(cc(c1)C(=O)[O-])C1=C2C=CC(=C(c3cc(cc(c3)C(=O)[O-])C(=O)[O-])C3=NC(=C(C4=CC=C(C(=C5N=C1C=C5)c1cc(cc(c1)C(=O)[O-])C(=O)[O-])[N]4)c1cc(cc(c1)C(=O)[O-])C(=O)[O-])C=C3)[N]2.[O][Cu][O].[O][Cu][O]1([Mn][O]2([Cu][O])[Cu]([Cu]2[O])[O])[Cu]([Cu]1[O])[O]&&ERROR.cat0;KIYXUN,0.8935
Nc1c(cc(cc1c1ccc(cc1)C(=O)[O-])c1ccc(cc1)C(=O)[O-])c1ccc(cc1)C(=O)[O-].[Cd].n1ccc(cc1)c1ccncc1&&UNKNOWN.cat0;KOCCIQ,0.8986
[Cd].[O]C1=C([C]=C([C]=C1C1=[C][C]=C([C]=[C]1)C(=O)[O-])c1ccc(cc1)C(=O)[O-])c1ccc(cc1)C(=O)[O-].[O]C1=C([C]=C([C]=C1c1ccc(cc1)C(=O)[O-])c1ccc(cc1)C(=O)[O-])C1=[C][C]=C([C]=[C]1)C(=O)[O-].[O]C1=C([C]=C([C]=C1c1ccc(cc1)C(=O)[O-])c1ccc(cc1)C(=O)[O-])c1ccc(cc1)C(=O)[O-].n1ccc(cc1)c1ccncc1&&UNKNOWN.cat0;KOCCOW,0.8942
Nc1c(cc(cc1c1ccc(cc1)C(=O)[O-])c1ccc(cc1)C(=O)[O-])c1ccc(cc1)C(=O)[O-].[Cd].[O][Cd][O]&&UNKNOWN.cat0;KOCCUC,0.868
O[Mn]O[Mn].[Mn]O[Mn].[O-]C(=O)c1ccc(cc1)C1=NN=N[N]1.[O-]C(=O)c1ccc(cc1)C1=N[N]N=N1&&UNKNOWN.cat0;KOCWEF,0.8932
[Ni].[O-]C(=O)c1cc(cc(n1)C(=O)[O-])c1cc(nc(c1)C(=O)[O-])C(=O)[O-].[O][Ni][O]&&ERROR.cat0;KOFVOS,0.8228
[Co].[O-]C(=O)c1ccc(cc1)[Si](c1ccc(cc1)C(=O)[O-])(c1ccc(cc1)C(=O)[O-])c1ccc(cc1)C(=O)[O-]&&sra.cat1;KOHDIW,0.8878
[Na].[O-]C(=O)c1ccc(cc1)c1cc(cc(c1)c1ccc(cc1)C(=O)O)c1ccc(cc1)C(=O)[O-].[O-]C(=O)c1ccc(cc1)c1cc(cc(c1)c1ccc(cc1)C(=O)[O-])c1ccc(cc1)C(=O)[O-].[Zn][OH]([Zn])[Zn].[Zn][OH]1[Zn][OH]([Zn]21([O])([O])[OH]([Zn])[Zn][OH]2[Zn])[Zn]&&dny.cat0;KOHKIC,0.8895
[K].[O-]C(=O)c1ccc(cc1)c1cc(cc(c1)c1ccc(cc1)C(=O)O)c1ccc(cc1)C(=O)[O-].[O-]C(=O)c1ccc(cc1)c1cc(cc(c1)c1ccc(cc1)C(=O)[O-])c1ccc(cc1)C(=O)[O-].[Zn][OH]([Zn])[Zn].[Zn][OH]1[Zn][OH]([Zn]21([O])([O])[OH]([Zn])[Zn][OH]2[Zn])[Zn]&&dny.cat0;KOHKOI,0.892
[Co].[O-]C(=O)c1ccc(cc1)[Si](c1ccc(cc1)C(=O)[O-])(c1ccc(cc1)C(=O)[O-])c1ccc(cc1)C(=O)[O-]&&UNKNOWN.cat0;KOHLIE,0.898
[Mn].[O-]C(=O)c1ccc(cc1)Nc1c(cc(cc1N(=O)=O)C(=O)[O-])N(=O)=O&&UNKNOWN.cat0;KOJCUI,0.8717
[O-]C(=O)c1cc(C(=O)[O-])c(nc1C)C.[O-]C(=O)c1ccncc1.[OH2][Ni][OH]1[Ni][OH]([Ni]1)[Ni]([OH2])[OH2]&&ERROR.cat0;KOJTOU,0.708
[Cu][Cu].[O-]C(=O)c1ccc(cc1)c1ccc(cc1)C(=O)[O-]&&sql.cat1;KOJYUE,0.8983
Cl[Zn].c1ncn(c1)c1ccc(cc1)N(c1ccc(cc1)n1cncc1)c1ccc(cc1)n1cncc1&&utp.cat1;KOMCOG,0.898
Cl[Zn].c1ncn(c1)c1ccc(cc1)N(c1ccc(cc1)n1cncc1)c1ccc(cc1)n1cncc1.n1ccn(c1)c1ccc(cc1)N(c1ccc(cc1)C1=C[N]C=N1)c1ccc(cc1)n1ccnc1.n1ccn(c1)c1ccc(cc1)N(c1ccc(cc1)C1=NC=N[CH]1)c1ccc(cc1)n1ccnc1&&hcb.cat1;KOMDAT,0.8779
Cl[Cd].c1ncn(c1)c1ccc(cc1)N(c1ccc(cc1)n1cncc1)c1ccc(cc1)n1cncc1&&UNKNOWN.cat1;KOMDEX,0.8508
[O-]C(=O)c1cc(C)c(c(c1)C)c1c(C)cc(cc1C)C(=O)[O-].[O-]C(=O)c1ccc(cc1)C(=O)[O-].[O-]C(=O)c1ccc(cc1)N(c1ccc(cc1)C(=O)[O-])c1ccc(cc1)C(=O)[O-].[Zn][O]([Zn])([Zn])[Zn]&&kkm.cat0;KOPHOO,0.8973
CC1(C)c2cc(ccc2-c2c1cc(cc2)n1cncn1)n1cncn1.CC1(C)c2cc(ccc2-c2c1cc(cc2)n1ncnc1)N1[N]C=N[CH]1.Cl[Ni]Cl&&sql.cat1;KOPZIA,0.7505
CC1(C)c2cc(ccc2-c2c1cc(cc2)n1ncnc1)N1[N]C=N[CH]1.Cl[Ni]Cl&&sql.cat1;KOPZIA01,0.7882
[Co].[O-]C(=O)[C]1C=C(C(=O)[O-])C(=O)[CH]C1=O&&UNKNOWN.cat0;KOSKIO,0.8938
"COc1c(c2c(OC)c(cc(c2OC)c2ccncc2)c2ccncc2)c(OC)c(cc1c1ccncc1)c1ccncc1.Cl[Cd]Cl&&pts,tfk.cat1;KOXFUA",0.8435
COc1c(c2c(OC)c(cc(c2OC)c2ccncc2)c2ccncc2)c(OC)c(cc1c1ccncc1)c1ccncc1.[Cd]&&fes.cat0;KOXGOV,0.8575
[O-]C(=O)c1ccc(cc1)n1c2ccc(cc2c2c1ccc(c2)C(=O)[O-])C(=O)[O-].[O][Cu][Cu][O]&&gee.cat0;KOZQEX,0.9034
Cc1ccc(cc1)C1=C2C=CC(=C(c3ccncc3)C3=NC(=C(C4=CC=C(C(=C5N=C1C=C5)c1ccncc1)[N]4)c1ccc(cc1)C)C=C3)[N]2.[Zn]&&ERROR.cat0;KOZSEZ,0.8837
[C]P(c1ccccc1)C#C[P].[Cu].c1ccc(cc1)P(c1ccccc1)C#CP(c1ccccc1)c1ccccc1.n1ccc(cc1)c1ccncc1&&ERROR.cat0;KUBQAA,0.6097
[Mg].[O-]C(=O)c1cccc(c1)c1ccncc1&&UNKNOWN.cat1;KUBXOW,0.7894
Cc1ncn(c1)[B](n1cnc(c1)C)(n1cnc(c1)C)n1cnc(c1)C.[Cu]&&rho.cat0;KUCDIW,0.8615
[Cu][OH]1[Cu][OH]([Cu]1)[Cu].[O-]C(=O)CCn1c(=O)n(CCC(=O)[O-])c(=O)n(c1=O)CCC(=O)[O-].n1ccc(cc1)c1ccncc1&&UNKNOWN.cat0;KUDWAJ,0.8948
"[Fe].[O-]C(=O)c1ccc(cc1)C1=C2C=CC3=[N]2[Mn]24(n5c1ccc5C(=C1[N]2=C(C=C1)C(=c1n4c(=C3c2ccc(cc2)C(=O)[O-])cc1)c1ccc(cc1)C(=O)[O-])c1ccc(cc1)C(=O)[O-])[O]&&ERROR,kgd.cat0;KUFTAI",0.8814
[O-]C(=O)c1c2ccccc2c(c2c1cccc2)C(=O)[O-].[O][Ni][O]([Ni][O])[Ni][O]&&acs.cat0;KUGZIW,0.8881
C1=CC2=NN=N[C]2C=C1.C1=CC=C2C(=NN=N2)[CH]1.[CH]1C=CC2=NN=NC2=C1.[O-]C(=O)c1ccc(cc1)C(=O)[O-].[Zn].c1ccc2=N[N]N=c2c1.c1ccc2c(c1)N=N[N]2&&dia.cat3;KUJNOT,0.8285
C1=CC2=NN=N[C]2C=C1.C1=CC=C2C(=NN=N2)[CH]1.[CH]1C=CC2=NN=NC2=C1.[O-]C(=O)c1ccc(c(c1)N)C(=O)[O-].[O][Zn].[Zn].c1ccc2=N[N]N=c2c1.c1ccc2c(c1)N=N[N]2&&dia.cat3;KUJNUZ,0.597
[O-]C(=O)c1ccc(cc1)N(c1ccc(cc1)C(=O)[O-])c1ccc(cc1)C(=O)[O-].[Zn].n1ccc(cc1)[N][N]c1ccncc1&&ERROR.cat0;KUJTUG,0.848
[Cl].[Cu].[O-]C(=O)c1ccc(cc1)n1cnnc1.[O]&&UNKNOWN.cat0;KUKPOX,0.839
[Co][O]([Co][O]([Co])[Co])[Co].[O-]C(=O)c1ccc(cc1)C#Cc1cc(C#Cc2ccc(cc2)C(=O)[O-])cc(c1)C#Cc1ccc(cc1)C(=O)[O-]&&wys.cat1;KULLAG,0.8837
[O-]C(=O)c1ccc(cc1)C#Cc1cc(C#Cc2ccc(cc2)C(=O)[O-])cc(c1)C#Cc1ccc(cc1)C(=O)[O-].[O][Co][O]([Co][O]([Co])[Co])[Co]&&wys.cat1;KULLEK,0.8776
[O-]C(=O)C1=C[C]=C([C]=C1)C1=[C]C=C(C=[C]1)C(=O)[O-].[Zn][O]([Zn])([Zn])[Zn]&&hcb.cat1;KULMEK,0.8963
[O-]C(=O)c1ccc(cc1)OC1=C(C=[C]C=C1)Oc1ccc(cc1)C(=O)[O-].[O-]C(=O)c1ccc(cc1)OC1=CC=[C]C=C1Oc1ccc(cc1)C(=O)[O-].[O-]C(=O)c1ccc(cc1)Oc1cc(ccc1Oc1ccc(cc1)C(=O)[O-])C(C)(C)C.[Zn][O]([Zn])[Zn]&&sql.cat0;KULWAR,0.8132
[Cu]1S[W]2345S1([Cu]2S5)[Cu]3S4.n1ccc(cc1)C1=N[N]C(=N[N]1)c1ccncc1&&acs.cat0;KUMGUW,0.8977
[Cu][Cu].n1ccc(cc1)c1ccncc1&&ERROR.cat1;KUNJAF,0.8003
Nn1c(nnc1c1cccc(c1)c1ccncc1)c1cccc(c1)c1ccncc1.[Cd]&&UNKNOWN.cat0;KUNMUD,0.3923
[In].[O-]C(=O)C(=O)[O-].[O-]C(=O)c1ccc(cc1)[C]1N[C](N[C](N1)c1ccc(cc1)C(=O)[O-])c1ccc(cc1)C(=O)[O-]&&ERROR.cat1;KUNSAP,0.8905
[Eu].[O-]C(=O)c1ccc(cc1)c1cc(cc(c1)c1ccc(cc1)C(=O)[O-])c1ccc(cc1)C(=O)[O-].[O-]C(=O)c1ccc(cc1)c1cc(cc(c1)c1ccc(cc1)C(=O)[O-])c1ccc(cc1)[C]1O[In](O1)([O])([O])([O])([O])[O]&&srs.cat1;KUNSUJ,0.8922
F[Al].[O-]C(=O)[C]1[C][C][C]([C][C]1)C(=O)[O-]&&UNKNOWN.cat0;KUNTAQ,0.9006
F[Al].F[Al]F.[Al].[O-]C(=O)C1=[C][C]=C([C]=[C]1)C(=O)[O-]&&ERROR.cat0;KUNTAQ01,0.901
F[Al].[O-]C(=O)C1=[C][C]=C([C]=[C]1)C(=O)[O-]&&UNKNOWN.cat0;KUNTAQ02,0.8978
F[Al].F[Al]F.[Al].[O-]C(=O)[C]1[C][C][C]([C][C]1)C(=O)[O-]&&ERROR.cat0;KUNTAQ03,0.8931
I[Cu][Cu]I.[Cu][Cu].[O-]C(=O)c1ccc(cc1)c1cncnc1&&UNKNOWN.cat0;KUPTIA,0.8886
Cl[Zn]Cl.O=C1N(c2ccncc2)C(=O)c2c3c1ccc1c3c(cc2)C(=O)N(C1=O)c1ccncc1&&ERROR.cat0;KUQYEC,0.886
Br[Zn]Br.O=C1N(c2ccncc2)C(=O)c2c3c1ccc1c3c(cc2)C(=O)N(C1=O)c1ccncc1&&ERROR.cat0;KUQYIG,0.8895
I[Zn]I.O=C1N(c2ccncc2)C(=O)c2c3c1ccc1c3c(cc2)C(=O)N(C1=O)c1ccncc1&&ERROR.cat0;KUQYOM,0.884
[Ag].n1ncn(c1)Cc1ccc(cc1)Cn1cnnc1&&bex.cat0;KUQYUS,0.8822
[Ag].n1ncn(c1)Cc1ccc(cc1)c1ccc(cc1)Cn1cnnc1&&bex.cat1;KUQZAZ,0.8811
[Cu].[N]1[N][CH]N([CH]1)Cc1ccc2c(c1)ccc(c2)Cn1cnnc1&&bex.cat0;KUQZON,0.887
[O-]C(=O)c1ccc(cc1)[N][N]c1ccc(cc1)C(=O)[O-].[Zn].n1ccc(cc1)C1=N[N]C(=N[N]1)c1ccncc1&&pcu.cat0;KURSOH,0.8247
[Cu][Cu].[N]n1c(nnc1c1ccncc1)c1ccncc1.[O-]C(=O)c1cc(C(=O)[O-])c(cc1c1ccc(cc1)C(=O)[O-])c1ccc(cc1)C(=O)[O-]&&fsc.cat0;KUTNEU,0.8791
[O-]C(=O)c1cc(C(=O)[O-])c(cc1c1ccc(cc1)C(=O)[O-])c1ccc(cc1)C(=O)[O-].[Zn][Zn].n1ccc(cc1)C1=N[N]C(=N[N]1)c1ccncc1.n1ccc(cc1)c1nnc(nn1)c1ccncc1&&fsc.cat0;KUTNIY,0.8931
[O-]C(=O)c1cc(C(=O)[O-])c(cc1c1ccc(cc1)C(=O)[O-])c1ccc(cc1)C(=O)[O-].[Zn][Zn].n1ccc(cc1)c1ccc(cc1)c1ccncc1&&fsc.cat0;KUTNOE,0.8931
[Cu][Cu].[O-]C(=O)c1cc(C(=O)[O-])c(cc1c1ccc(cc1)C(=O)[O-])c1ccc(cc1)C(=O)[O-].n1ccc(cc1)c1ccc(cc1)c1ccncc1&&fsc.cat0;KUTNUK,0.8948
[O-]C(=O)c1cc(C(=O)[O-])c(cc1c1ccc(cc1)C(=O)[O-])c1ccc(cc1)C(=O)[O-].[Zn][Zn].n1ccc(cc1)c1ccncc1&&fsc.cat0;KUTPAS,0.8983
[O-]C(=O)c1cc(C(=O)[O-])c(cc1c1ccc(cc1)C(=O)[O-])c1ccc(cc1)C(=O)[O-].[Zn][Zn]&&sql.cat0;KUTPEW,0.9014
N1=CC=C([C]=C1)C#Cc1ccc(cc1)[Si](c1ccc(cc1)C#Cc1ccncc1)(c1ccc(cc1)C#Cc1ccncc1)c1ccc(cc1)C#Cc1ccncc1.N1=C[C]=C(C=C1)C#Cc1ccc(cc1)[Si](c1ccc(cc1)C#Cc1ccncc1)(c1ccc(cc1)C#Cc1ccncc1)c1ccc(cc1)C#Cc1ccncc1.[Cu]&&pts.cat1;KUVMIZ,0.9017
[O-]C(=O)c1ccc2c(c1)c1ccc(cc1c1c2cc(cc1)C(=O)[O-])C(=O)[O-].[O][Cd]&&bto.cat1;KUVYAD,0.8998
[Cu][Cu].[O-]C(=O)c1cc(C(=O)[O-])c(cc1c1ccc(cc1)C(=O)[O-])c1ccc(cc1)C(=O)[O-].n1ccc(cc1)c1ccncc1&&fsc.cat0;KUWCEM,0.9004
[Cd].[O][Cd]([O])([O])[O].[O]c1cc(c2ccc(cc2)C(=O)[O-])c2c(c1c1c([O])cc(c3c1ccc(c3)c1ccc(cc1)C(=O)[O-])c1ccc(cc1)C(=O)[O-])ccc(c2)c1ccc(cc1)C(=O)[O-]&&ERROR.cat0;KUYGOC,0.8967
OC(=O)c1ccc(cc1)C[NH2]CP(=O)([O])[O].[O-]C(=O)c1ccc(cc1)CNCP(=O)([O])[O].[O-]C(=O)c1ccc(cc1)C[NH2]CP(=O)([O])[O].[OH2][Sm]&&UNKNOWN.cat0;LABPUB,0.1135
Cl[Hg]Cl.O=C(c1cc(OCc2ccncc2)cc(c1)OCc1ccncc1)OCc1ccncc1&&ERROR.cat0;LACCUP,0.8903
[O-]C(=O)c1ccc(cc1)S(=O)(=O)c1ccc(cc1)C(=O)[O-].[Pb]&&bex.cat1;LACFOM,0.5188
"N#Cc1ccc(cc1)C(=O)[CH]C(=O)c1ccc(cc1)C#N.[Ag].[Fe]&&srs,UNKNOWN.cat1;LAGCAZ",0.8685
N#Cc1ccc(cc1)C(=O)[CH]C(=O)c1ccc(cc1)C#N.[Ag].[Zn]&&UNKNOWN.cat0;LAGCED,0.8887
N#Cc1ccc(cc1)C(=O)[CH]C(=O)c1ccc(cc1)C#N.[Ag].[Zn]&&UNKNOWN.cat0;LAGCIH,0.7571
N#Cc1ccc(cc1)C(=O)[CH]C(=O)c1ccc(cc1)C#N.[Ag].[Zn]&&UNKNOWN.cat0;LAGCON,0.7956
N#Cc1ccc(cc1)C(=O)[CH]C(=O)c1ccc(cc1)C#N.[Ag].[Zn]&&UNKNOWN.cat0;LAGCUT,0.8806
N#Cc1ccc(cc1)C(=O)[CH]C(=O)c1ccc(cc1)C#N.[Ag].[Cd]&&UNKNOWN.cat0;LAGDAA,0.7196
N#Cc1ccc(cc1)C(=O)[CH]C(=O)c1ccc(cc1)C#N.[Ag].[Cd]&&UNKNOWN.cat0;LAGDEE,0.5043
[Co].[O-]C(=O)c1cccnc1&&sql.cat0;LAGHOR,0.6727
[O-]C(=O)c1cc(ccc1C(=O)[O-])C(=O)[O-].[O].[Zn]&&UNKNOWN.cat0;LAGWUN,0.9001
CC(=O)[C](c1ccncc1)C(=O)C.[Cd].[Fe]&&ERROR.cat0;LAJGUZ,0.8776
CC(=C(c1ccncc1)C(=O)C)[O].CC(=O)[C](c1ccncc1)C(=O)C.Cl[Co]Cl.[Al]&&ERROR.cat0;LAJHAG,0.8867
CC(=C(c1ccncc1)C(=O)C)[O].CC(=O)[C](c1ccncc1)C(=O)C.[Al].[Cd]&&fes.cat0;LAJHEK,0.8687
Br[Cd]Br.CC(=O)[C](c1ccncc1)C(=O)C.C[C](C(=C([O])C)c1ccncc1)[O].[Al]&&fes.cat0;LAJHIO,0.8916
"OCC1OC2OC3C(CO)OC(C(C3O)O)OC3C(CO)OC(C(C3O)O)OC3C(CO)OC(C(C3O)O)OC3C(OC(OC4C(OC(OC5C(OC(OC6C(OC(OC1C(C2O)O)C(O)C6O)CO)C(O)C5O)CO)C(O)C4O)CO)C(C3O)O)CO.[K]&&UNKNOWN,rra.cat0;LAJLAL",0.4387
I[Zn]I.n1ccc(cc1)C1=NC(=[N]=C([N]1)c1ccncc1)c1ccncc1&&srs.cat1;LAKFIN,0.8998
CCOc1ccc2c(c1c1c(OCC)ccc3c1ccc(c3)C=Cc1ccncc1)ccc(c2)C=Cc1ccncc1.[Cd].[O]Cl&&ERROR.cat0;LAKHEL,0.8788
[O-][C]=O.[Ru][Ru]&&ERROR.cat0;LAPMOE,0.8986
I[Cu]12[Cu]3([Cu]1([Cu]23I)I)I.[C]1C[N]CC[N]C1&&qtz.cat0;LARVIL,0.9011
"[O-]C(=O)c1cc(OCOc2cc(cc(c2)C(=O)[O-])C(=O)[O-])cc(c1)C(=O)[O-].[O][Cu][Cu].[O][Cu][Cu][O]&&rhr,ucp.cat0;LASDEQ",0.8911
[Ni].[O]N(=O)=O&&ERROR.cat1;LASPEB,0.8537
[O-]C(=O)c1ccc(cc1)C(=O)[O-].[Zn][O]([Zn])([Zn])[Zn]&&pcu.cat0;LATFOC,0.8999
[O-]C(=O)c1ccc(cc1)C(=O)[O-].[Zn][O]([Zn])([Zn])[Zn]&&pcu.cat0;LATFUI,0.9005
C1=N[N]C=N1.F[Zn].F[Zn]F.O1OOOOOOOOO1.[N]1C=NN=C1.[Zn].[Zn]N=C[N][N]C=[N]&&ERROR.cat1;LATPIG,0.893
[O-]C(=O)c1cc(cc(c1)C(=O)[O-])C(=O)[O-].[O][Dy]&&UNKNOWN.cat0;LAVTEJ,0.8691
[Dy].[O-]C(=O)c1cc(cc(c1)C(=O)[O-])C(=O)[O-]&&rnb.cat0;LAVTEJ01,0.895
[O-]C(=O)c1cc(cc(c1)C(=O)[O-])C(=O)[O-].[O][Er]&&UNKNOWN.cat0;LAVTIN,0.8868
[O-]C(=O)c1cc(cc(c1)C(=O)[O-])C(=O)[O-].[O][Er]&&UNKNOWN.cat0;LAVTOT,0.8939
[O-]C(=O)c1cc(cc(c1)C(=O)[O-])C(=O)[O-].[O][Yb]&&UNKNOWN.cat0;LAVTUZ,0.899
[Rh].n1ccc(cc1)C#CC#Cc1ccncc1&&ERROR.cat0;LAVVAF,0.6555
[O-]C(=O)c1ccc(cc1)C(=O)[O-].[Zn][O]([Zn])([Zn])[Zn]&&pcu.cat0;LAWGEW,0.899
[O-]C(=O)c1ccc(cc1)c1ccc(cc1)C(=O)[O-].[OH2][Mn]&&ERROR.cat0;LAXNAA,0.8362
[O-]C(=O)c1ccc(cc1)c1ccc(cc1)C(=O)[O-].[OH2][Mn]&&ERROR.cat3;LAXNEE,0.8675
[Co].[O-]C(=O)c1ccc(cc1)C(=O)[O-].c1cc(cc(c1)n1cncc1)n1cncc1&&sql.cat1;LAYFOI,0.8327
[Co].[O-]C(=O)c1ccc2c(c1)ccc(c2)C(=O)[O-].c1cc(cc(c1)n1cncc1)n1cncc1&&hcb.cat0;LAYFUO,0.8872
[Co].[O-]C(=O)c1ccc(cc1)c1ccc(cc1)C(=O)[O-].c1cc(cc(c1)n1cncc1)n1cncc1&&hex.cat1;LAYGAV,0.8876
"Cl[Cd]Cl.n1ccc(cc1)N(c1ccncc1)c1ccc(cc1)C#CC#Cc1ccc(cc1)N(c1ccncc1)c1ccncc1&&cds,mcm.cat1;LAZKUU",0.8825
"Br[Cd]Br.n1ccc(cc1)N(c1ccncc1)c1ccc(cc1)C#CC#Cc1ccc(cc1)N(c1ccncc1)c1ccncc1&&sql,bex.cat0;LAZLAB",0.6709
"I[Cu][Cu]I.n1ccc(cc1)N(c1ccncc1)c1ccc(cc1)C#CC#Cc1ccc(cc1)N(c1ccncc1)c1ccncc1&&sql,bex.cat0;LAZLIJ",0.8331
[C]Cc1c(cc(cc1C(=O)[O-])C(=O)[O-])C(=O)[O-].[O][Cu][Cu][O]&&fmj.cat0;LAZXOB,0.8463
O=[C]C(=O)[O-].[C][O].[O].[Co].[Mn].[O-]C(=O)C(=O)[O-].[O-]C(=O)[C][O].[C]=O.[O-][C]=O.[O-][C]=O.[O]&&ERROR.cat5;LECHOQ,0.898
[CH]C(C1([C])C([CH])C([CH])C(C(C1[CH])[CH])([C])C12OO[C]2OO1)C(C1([C])C([CH])C([CH])C(C(C1[CH])[CH])([C])C12OO[C]2OO1)[CH].[CH][CH]C(C12OO[C]2OO1)(C(C([C](C(C(C1([C])C([CH])C([CH])C(C(C1[CH])[CH])([C])C12OO[C]2OO1)[CH])[CH])[C])[CH])[CH])[C].[CH][CH].[Co].[O]OC1([C]OO1)C1([C])C([CH])C([CH])[C]([C]C(C1[CH])[CH])C(C(C1([C])C([CH])C([CH])C(C(C1[CH])[CH])([C])C12OO[C]2OO1)[CH])[CH]&&ERROR.cat1;LEDKEM,0.8979
COc1cc(ccc1OCC(COc1ccc(cc1OC)C(=O)[O-])(COc1ccc(cc1OC)C(=O)[O-])COc1ccc(cc1OC)C(=O)[O-])C(=O)[O-].COc1cc(ccc1OC[C]COc1ccc(cc1OC)C(=O)[O-])C(=O)[O-].[Zn][O]([Zn])([Zn])[Zn]&&UNKNOWN.cat0;LEJCAG,0.8955
COc1cc(C=CC(=O)[O-])ccc1OCC(COc1ccc(cc1OC)C=CC(=O)[O-])(COc1ccc(cc1OC)C=CC(=O)[O-])COc1ccc(cc1OC)C=CC(=O)[O-].COc1cc(C=CC(=O)[O-])ccc1OC[C]COc1ccc(cc1OC)C=CC(=O)[O-].[Zn]12[O]3456[Zn]7[O]89%101[Zn]3[O]27([Zn]48)([Zn]59)[Zn]6%10.[Zn][O]([Zn])([Zn])[Zn]&&UNKNOWN.cat0;LEJCEK,0.9021
[O-]C(=O)c1ccc2c(c1)ccc(c2)OCC(COc1ccc2c(c1)ccc(c2)C(=O)[O-])(COc1ccc2c(c1)ccc(c2)C(=O)[O-])COc1ccc2c(c1)ccc(c2)C(=O)[O-].[O-]C(=O)c1ccc2c(c1)ccc(c2)OC[C]COc1ccc2c(c1)ccc(c2)C(=O)[O-].[Zn]12[O]3456[Zn]7[O]89%101[Zn]3[O]27([Zn]48)([Zn]59)[Zn]6%10.[Zn][O]([Zn])([Zn])[Zn]&&UNKNOWN.cat0;LEJCIO,0.8967
Brc1ccc2c(c1)ccc(c2c1c(ccc2c1ccc(c2)Br)OC(=O)c1ccncc1)OC(=O)c1ccncc1.[Ag][Ag]&&ERROR.cat5;LELDOW,0.8774
[O-]C(=O)c1csc(n1)c1ccncc1.[Zn]&&ERROR.cat0;LENROM,0.7452
Cl[C]1C(=O)C(=O)[C](C(=O)C1=O)Cl.[Mn]&&ERROR.cat1;LERTOT,0.8345
C1=N[N]C=N1.[Cu].[N]1=CN=NC=1.[N]1C=NN=C1&&UNKNOWN.cat1;LETFEW,0.86
[O-]C(=O)C1=CC=C2C(=NN=N2)[CH]1.[O-]C(=O)c1ccc2=N[N]N=c2c1.[OH].[Zn]&&UNKNOWN.cat0;LETRIN,0.8872
[O-]C(=O)C1=CC=C2C(=NN=N2)[CH]1.[O-]C(=O)c1ccc2=N[N]N=c2c1.[OH].[Zn]&&UNKNOWN.cat0;LETROT,0.8273
[O-]C(=O)C1=CC=C2C(=NN=N2)[CH]1.[O-]C(=O)c1ccc2=N[N]N=c2c1.[OH].[Zn]&&UNKNOWN.cat0;LETRUZ,0.7957
[O-]C(=O)C=CC1=CC(=C2C(=CN3c4ccccc4N4[Ni]3(O2)O[C]2C(=C4)C=C(C=C2C(C)(C)C)C=CC(=O)[O-])[CH]1)C(C)(C)C.[O][Cd][O]&&ERROR.cat0;LEVCIA,0.8786
"Clc1ccc2c(c1)c(cc(c2c1c([O])cc(c2c1ccc(c2)Cl)c1cc(cc(c1)C(=O)[O-])C(=O)[O-])[O])c1cc(cc(c1)C(=O)[O-])C(=O)[O-].[O][Cu][Cu][O]&&nbo,fof.cat0;LEVDIB",0.8796
[O-]C(=O)C=Cc1ccccc1O.[Zn].n1ccc(cc1)c1ccncc1&&UNKNOWN.cat0;LEVPAF,0.8957
[O-][C]=O.[Zn].n1ccc(cc1)c1ccncc1&&etb.cat0;LEVPEJ,0.8948
[O]c1ccc(c2c1nccc2)[N][N]c1ccc(cc1)S([O])([O])[O].[Zn]&&ERROR.cat1;LEYGIH,0.8956
[O-]C(=O)c1ccc(cc1)S(=O)(=O)c1ccc(cc1)C(=O)[O-].[Sr]&&UNKNOWN.cat0;LEZZEX,0.2857
[OH2][Ni]([OH2])([OH2])[OH2].n1ccc(cc1)c1ccncc1&&ERROR.cat5;LICCOQ,0.8528
[Cu].c1ccc(nc1)C1=NC=N[N]1.c1ccc(nc1)C1=N[N]C=N1&&ERROR.cat3;LICXEC,0.6542
[O-]C(=O)c1ccc(cc1)S(=O)(=O)c1ccc(cc1)C(=O)[O-].[Sr]&&UNKNOWN.cat0;LIDZOP,0.2781
[Cu].n1ccc(cc1)c1ccncc1&&ERROR.cat0;LIFGUD,0.8247
O.[N][N][N].[Na].[O]S(=O)(=O)[O].[Zn].c1ccnnc1&&ERROR.cat3;LIFWON,0.7159
[O-]C(=O)c1ccc(cc1)C=Cc1ccc(cc1)C(=O)[O-].[Zn][O]([Zn])([Zn])[Zn]&&pcu.cat1;LIHFAK,0.9025
[O-]C(=O)c1ccc(c(c1)[O])C(=O)[O-].[O-]C=O.[Ti].[Zn][OH]([Zn])[Zn]&&ERROR.cat0;LIJFUH,0.8959
I[Cu]1[S]2[Cu]3[W]452([S]1[Cu]4([S]35)I)[O].I[Cu]1[S]2[Cu]3[W]452([S]1[Cu]4[S]35)[O].n1ccc(cc1)c1ccncc1&&hcb.cat1;LIKCOY,0.8955
[O-]C(=O)C1=[C]C2=C3C(=[C]C(=[C]C3=[C]C(=[C]2)C(=O)[O-])C(=O)[O-])[C]1.[O-]C(=O)C1=[C]C2=[C]C(=[C]C3=[C]C(=[C]C(=[C]1)[C]23)C(=O)[O-])C(=O)[O-].[O][Cu][Cu][O]&&tbo.cat0;LIKDOA,0.8983
O=C1OC(=O)C2=C3C1=[C]C1=C4[C]3C3=C([C]=C4C(=O)OC1=O)C(=O)OC(=O)C3=[C]2.O=C1OC(=O)C2=C3[C]1[C]=C1C(=O)OC(=O)C4=[C]C5=C(C3=C14)C(=[C]2)C(=O)OC5=O.[O][Cu][Cu][Cu][O]&&tbo.cat0;LIKGUJ,0.7671
[Co].n1ccc(cc1)C1=NC(=[N]=C([N]1)c1ccncc1)c1ccncc1&&ERROR.cat0;LIMSEG,0.8444
O=C(N1CCN(CC1)C(=O)CSC1CCCCC1)CSC1CCCCC1.[Ag]&&UNKNOWN.cat0;LIQCUK,0.8839
C1CN2CCN1CC2.[O-]C(=O)[O-].[O-]C(=O)c1ccc2c(c1)cc(c(c2)[O])C(=O)[O-].[O][Zn].[Ti].[Zn]&&seh.cat0;LIQDAS,0.899
I[Zn](N1[CH]C=C(C=C1)C1=[N]=C(N=C([N]1)c1ccncc1)c1ccncc1)I.I[Zn]I.[N]1[CH]C=C(C=C1)C1=[N]=C(N=[C][N]1)c1ccncc1.[N]1[CH][CH][C]([CH][CH]1)C1=[N]=C([N]C(=N1)c1ccncc1)c1ccncc1.n1ccc(cc1)C1=NC(=[N]=C([N]1)c1ccncc1)c1ccncc1&&ERROR.cat2;LIQJEC,0.8841
[Cu].n1ccc(cc1)c1ccncc1&&ERROR.cat3;LIQRUZ,0.8956
O=C(Nc1cccnc1)Nc1cccnc1.[OH2][Cd]([OH2])[OH2]&&ERROR.cat3;LISCUM,0.893
"COc1cc2c(c3cc(cc(c3)C(=O)O)C(=O)[O-])c3cc(OC)c(cc3c(c2cc1OC)c1cc(cc(c1)C(=O)O)C(=O)[O-])OC.COc1cc2c(c3cc(cc(c3)C(=O)[O-])C(=O)[O-])c3cc(OC)c(cc3c(c2cc1OC)c1cc(cc(c1)C(=O)[O-])C(=O)[O-])OC.[OH2][Ni]([OH]1[Ni]([OH2])[OH]([Ni]1[OH2])[Ni]([OH2])[OH2])[OH2]&&fsc,UNKNOWN.cat0;LITCIC",0.8908
[Cu].n1ccc(cc1)c1ccncc1&&sql.cat1;LITKIJ,0.7723
CC(C1=Nc2c([N]1)cccc2)O.[Ag]&&ERROR.cat3;LIVGEE,0.7897
[Cd].[O-]C(=O)c1ccc(cc1)N1[N]C=N[CH]1&&dia.cat0;LIVLUZ,0.8666
[Rh][Rh].c1ccc2c(c1)nc1c(n2)cccc1&&ERROR.cat0;LIWCEB,0.8344
[Ru][Ru].c1ccc2c(c1)nc1c(n2)cccc1&&ERROR.cat0;LIWCIF,0.8393
[Cd].[S]N1N=C([N]N=C1c1ccncc1)c1ccncc1&&dia.cat1;LIWFAA,0.8742
C#CCOc1cc(cc(c1)C(=O)[O-])C(=O)[O-].OC(C(c1ccncc1)O)c1ccncc1.[Zn]&&sql.cat3;LIWPUE,0.675
Cc1nccn1CCCn1ccnc1C.[Co].[O-]C(=O)c1ccc(cc1)c1ccc(cc1)C(=O)[O-]&&hex.cat1;LIZSOE,0.8706
[Ni][OH2][Ni][OH2][Ni].[O-]C(=O)c1cc(cc(c1)C(=O)[O-])C(=O)[O-].n1ncn(c1)CCn1cnnc1&&sql.cat0;LOBHAM,0.8974
[Ni][OH]1[Ni][OH]([Ni]1)[Ni].[O-]C(=O)c1ccncc1&&ERROR.cat0;LOCZUA,0.4064
[Ni][OH]1[Ni][OH]([Ni]1)[Ni].[O-]C(=O)c1ccncc1&&ERROR.cat0;LODBAJ,0.7661
[O-]C(=O)c1ccc(cc1)C(=O)[O-].[Zn].n1cc([nH]c1)c1ccc(cc1)c1[nH]cnc1&&dia.cat1;LODPOL,0.8668
Cl[Au][P](c1ccccc1)(c1ccccc1)COc1c2Cc3cc(cc(c3OCP(c3ccccc3)c3ccccc3)Cc3cc(cc(Cc4c(c(Cc1cc(c2)C(C)(C)C)cc(c4)C(C)(C)C)OCP(c1ccccc1)c1ccccc1)c3OCP(c1ccccc1)c1ccccc1)C(C)(C)C)C(C)(C)C.[Au]&&ERROR.cat1;LOFRON,0.8535
[O]C(C(C(=O)[O-])O)C(=O)[O-].[O][Cd].n1ccc(cc1)c1ccncc1&&UNKNOWN.cat1;LOFVOT,0.8854
[O-][n+]1ccc(cc1)c1cc[n+](cc1)[O-].[O]CC(NCc1ccc(cc1)C(=O)[O-])(C[O])C[O].[O]N1[CH]C=C(C=C1)c1cc[n+](cc1)[O-].[O][V]123O[V]4([O]5673[V]2([O])(O[V]7(O[V]6(O4)[O])[O])O[V]5(O1)[O])[O].[Tb]&&ERROR.cat1;LOFVUY,0.8945
[O-][n+]1ccc(cc1)c1cc[n+](cc1)[O-].[O]CC(NCc1ccc(cc1)C(=O)[O-])(C[O])C[O].[O]N1[CH]C=C(C=C1)c1cc[n+](cc1)[O-].[O][V]123O[V]4([O]5673[V]2([O])(O[V]7(O[V]6(O4)[O])[O])O[V]5(O1)[O])[O].[Tb]&&ERROR.cat1;LOFVUY01,0.8986
[N]1[CH]C=C(C=C1)c1ccncc1.[O]C(C(C(=O)[O-])O)C(=O)[O-].[O][Cd]&&UNKNOWN.cat1;LOFVUZ,0.8834
[C][C][S].[C][S].[Cd].[Cd]S[Cd]S[Cd]([Se][Cd]12[Se][Cd]3([Se][Cd](S[Cd]S[Cd])S[Cd]S[Cd])[Se][Cd]([Se]2)([Se][Cd]([Se]1)([Se]3)[Se][Cd])[Se][Cd])S[Cd]S[Cd].[Cd]S[Cd][Se][Cd].[Cd][Se][Cd].[S]C1=[C][C]=[C][C]=[C]1.[S]C1=[C][C][C][C][C]1.[S][C]=[C]&&ERROR.cat1;LOGXEM,0.8991
[Mn].[O-]C(=O)c1cncnc1&&ERROR.cat0;LOHVOV,0.8287
[Au].[C]#N.[Fe].n1ccc(cc1)c1nnc(nn1)c1ccncc1&&ERROR.cat1;LOJLAZ,0.8897
[Au].[C]#N.[Fe].n1ccc(cc1)c1nnc(nn1)c1ccncc1&&ERROR.cat1;LOJLAZ01,0.8973
O=C(c1ccncc1)Nc1ccc(cc1)Cc1ccc(cc1)NC(=O)c1ccncc1.[Cu]&&UNKNOWN.cat3;LOKGEY,0.8932
O=C(c1ccncc1)Nc1ccc(cc1)Cc1ccc(cc1)NC(=O)c1ccncc1.[Cu]&&UNKNOWN.cat3;LOKGIC,0.8988
O=C(c1ccncc1)Nc1ccc(cc1)Cc1ccc(cc1)NC(=O)c1ccncc1.[Ag]&&ERROR.cat1;LOKGUO,0.8633
O=C=O.[O-]C(=O)c1cc(cc(c1)C(=O)[O-])c1cc(cc(c1)C(=O)[O-])C(=O)[O-].[O-]C=O.[O][Tm].[Tm]&&UNKNOWN.cat0;LOLREL,0.8798
[Cd].[O]N(=O)=O.n1ccc(cc1)c1ccc(cc1)c1ccccn1&&ERROR.cat0;LOMFEY,0.901
[Cd].[O]N(=O)=O.n1ccc(cc1)c1ccc(cc1)c1ccccn1&&ERROR.cat0;LOMFIC,0.9038
[Er].[O-][n+]1ccc(cc1)c1cc[n+](cc1)[O-].[O]N1[CH]C=C(C=C1)C1=C[CH]N(C=C1)[O]&&fes.cat1;LOMLOO,0.8612
CC(C1=[N]=C(N=N1)C(C)(C)C)(C)C.[Ag].[Ag]1[Ag]2[Ag][Ag]1[Ag]2&&ERROR.cat0;LONJOP,0.8802
Cl[Mn].Cl[Mn]Cl.N1=Nc2c(=N1)cc1c(=NN=N1)c2&&ERROR.cat0;LONVER,0.8999
N1=Nc2c(=N1)cc1c(=NN=N1)c2.[OH2][Mn](Cl)Cl.[OH2][Mn]Cl&&ERROR.cat0;LONVIV,0.9031
[In].[O-]C(=O)c1ccc(cc1)C(=O)[O-].[O]&&UNKNOWN.cat0;LOQLEJ,0.8996
[Ga].[O-]C(=O)c1ccc(cc1)C(=O)[O-].[O]&&UNKNOWN.cat0;LOQLIN,0.774
CCOc1cc(C#CC2=C[C]=NC=C2)c2c(c1c1c([O])cc(c3c1ccc(c3)Cl)C#Cc1ccncc1)ccc(c2)Cl.CCOc1cc(C#Cc2ccncc2)c2c(c1c1c(OCC)cc(c3c1ccc(c3)Cl)C#Cc1ccncc1)ccc(c2)Cl.[O][Cu][O]&&sql.cat0;LOQYAS,0.8272
Clc1ccc2c(c1)c(C#Cc1ccncc1)cc(c2c1c([O])cc(c2c1ccc(c2)Cl)C#Cc1ccncc1)[O].[O][Cu]&&ERROR.cat1;LOQYEW,0.8876
COc1ccc2c(c1c1c(OC)ccc3c1cccc3c1ccc(cc1)C(=O)[O-])cccc2c1ccc(cc1)C(=O)[O-].[O][Cu][Cu][O]&&sql.cat3;LOSCUT,0.8851
"CCCCCCCCOc1cc(c(cc1c1cc(nc(c1)c1cccnc1)c1cccnc1)OCCCCCCCC)c1cc(nc(c1)c1cccnc1)c1cccnc1.[Co]&&pts,sur.cat0;LOTDIJ",0.713
[O][Ni][O].n1ccc(cc1)c1ccc(cc1)c1ccncc1&&sql.cat1;LOTNOX,0.8731
N1=[C][C]=C([C]=[C]1)c1c2[C]=[C][C]=[C]c2c(c2=[C][C]=[C][C]=c12)C1=[C][C]=N[C]=[C]1.[C]1=[C]c2c([C]=[C]1)c(C1=[C][C]=N[C]=[C]1)c1c(c2C2=[C][C]=N[C]=[C]2)[C]=[C][C]=[C]1.[Ni]&&sql.cat1;LOTNUD01,0.8902
[Co].[O-]C(=O)c1ccc(cc1)C(=O)[O-].[O-][n+]1ccccc1c1cccc[n+]1[O-]&&UNKNOWN.cat0;LOVVAV,0.8879
[C]C=CC=N[O].[Co].[O-]C(=O)c1ccc(cc1)C(=O)[O-].[O-][n+]1ccccc1c1ccccn1&&fsc.cat0;LOVVEZ,0.894
[O-]C(=O)C1=CN=N[CH]1.[O-]C(=O)C1=C[N]N=C1.[Zn][O]([Zn])[Zn]&&UNKNOWN.cat0;LOWKUF,0.8986
O=C(N1CCCC1C(=O)[O-])c1cc(cc(c1)C(=O)[O-])C(=O)[O-].[Cd].[Cd]OO[Cd].c1ncn(c1)c1cc(cc(c1)n1cncc1)n1cncc1&&ERROR.cat0;LOXBEH,0.8846
[O-]C(=O)c1ccc(cc1)C(C(F)(F)F)(C(F)(F)F)c1ccc(cc1)C(=O)[O-].[Zn]&&UNKNOWN.cat3;LOYMET,0.3571
[Co][O]([Zn])[Co].[O-]C(=O)c1cc(cc(c1)C(=O)[O-])C(=O)[O-]&&sab.cat0;LUBNAZ,0.8977
[O-]C(=O)c1ccc(cc1)N(c1ccc(cc1)C(=O)[O-])c1ccc(cc1)C(=O)[O-].[O-]C(=O)c1ccc(cc1)[N]c1ccc(cc1)C(=O)[O-].[Zn].[Zn][O]([Zn]([O]([Zn])[Zn])[O]([Zn])[Zn])[Zn].[Zn][O]([Zn])([Zn])[Zn].[Zn][O]123([Zn])[Zn]456[O]789%10[Zn]%11%121[O]14([Zn]427[O]275%11[Zn]381[O]6%124([Zn]2)[Zn]7)([Zn]9)[Zn]%10&&UNKNOWN.cat0;LUCDOE,0.8816
N#Cc1ccc(cc1)C#N.[Ni]&&ERROR.cat3;LUCKEZ,0.7039
[O-]C(=O)c1cc(cc(c1)C(=O)[O-])C(=O)[O-].[O][Cu][Cu][O]&&tbo.cat0;LUDLED,0.8432
[O-]C(=O)c1cc(cc(c1)C(=O)[O-])C(=O)[O-].[O][Cu][Cu][O]&&tbo.cat0;LUDLIH,0.8435
[Zn].[Zn]I.[Zn][Zn].n1ccc(cc1)C1=NC(=[N]=C([N]1)c1ccncc1)c1ccncc1&&ths.cat1;LUDTUZ,0.9044
I[Zn]I.[Zn]I.n1ccc(cc1)C1=NC(=[N]=C([N]1)c1ccncc1)c1ccncc1&&ths.cat1;LUDVEL,0.8992
I[Zn]I.n1ccc(cc1)C1=NC(=[N]=C([N]1)c1ccncc1)c1ccncc1&&ths.cat1;LUDVOV,0.9011
[Cu].[O-]C(=O)c1ccc(cc1)N1[N]C=N[CH]1&&dia.cat1;LUFBUL,0.782
[Cd].[O-]C(=O)c1ccc(cc1)N1[N]C=N[CH]1&&UNKNOWN.cat0;LUFCAS,0.8523
N#C[C](C(=S)[S])C#N.[Cu].[Cu]Br&&UNKNOWN.cat0;LUFMOO,0.8956
[O-]C(=O)c1cc(NCc2ccncc2)cc(c1)C(=O)[O-].[O][Mn]&&UNKNOWN.cat0;LUFNAC01,0.8995
[O-]C(=O)c1cc(NCc2ccncc2)cc(c1)C(=O)[O-].[O][Mn]&&UNKNOWN.cat0;LUFNAC02,0.8991
[O-]C(=O)c1cc(NCc2ccncc2)cc(c1)C(=O)[O-].[O][Mn]&&UNKNOWN.cat0;LUFNAC03,0.8975
[O-]C(=O)c1cc(NCc2ccncc2)cc(c1)C(=O)[O-].[O][Mn]&&UNKNOWN.cat0;LUFNAC04,0.8994
[O-]C(=O)c1cc(NCc2ccncc2)cc(c1)C(=O)[O-].[O][Mn]&&UNKNOWN.cat0;LUFNAC05,0.8974
[C]#N.[Fe].[Ni].[O]OO[O].n1ccncc1&&ERROR.cat0;LUFQUZ02,0.7998
[O-]C(=O)c1ccc2c(c1)c1ccc(cc1c1c2cc(cc1)C(=O)[O-])C(=O)[O-].[OH2][Cu][Cu][OH2]&&tbo.cat0;LUKLIN,0.9024
[C]C#Cc1ccc(cc1)C(=O)[O-].[N][Co]([O])[N].[N][Co][N].[O-]C(=O)c1ccc(cc1)C#Cc1ccc(cc1)C(=O)[O-].[O][Co]&&sql.cat1;LULVOF,0.6886
COP(=O)([N]S(=O)(=O)c1ccc2c(c1)cccc2)OC.[Na].[Nd]&&UNKNOWN.cat1;LULZAV,0.749
[Cd].[O-]C(=O)C=Cc1cnc[nH]1&&dia.cat3;LUMDIG,0.7029
N1=NN=C([N]1)c1cc(C2=NN=N[N]2)c(cc1C1=NN=N[N]1)C1=NN=N[N]1.[C]#N.[Cu]&&ERROR.cat0;LUMYEZ,0.8926
N1=NN=C([N]1)c1cc(C2=NN=N[N]2)c(cc1C1=NN=N[N]1)C1=NN=N[N]1.[C]#N.[Cu]&&ERROR.cat0;LUMYID,0.8942
N1=NN=C([N]1)c1cc(C2=NN=N[N]2)c(cc1C1=NN=N[N]1)C1=NN=N[N]1.[C]#N.[Cu]&&ERROR.cat0;LUMYOJ,0.8922
O.[Na].[O].[O][O].[V]&&ERROR.cat0;LUPQES,0.2905
[O-]C(=O)c1cc(N(=O)=O)c(cc1N(=O)=O)C(=O)[O-].[O-]C(=O)c1ccc(cc1)N(c1ccc(cc1)C(=O)[O-])c1ccc(cc1)C(=O)[O-].[Zn][O]([Zn])([Zn])[Zn]&&UNKNOWN.cat0;LUPSAS,0.8983
[Ni][O]([Ni])[Ni].[O-]C(=O)c1ccc(cc1)C(=O)[O-].n1ccc(cc1)C1=NN=N[N]1.n1ccc(cc1)C1=N[N]N=N1&&ncb.cat0;LUPVEZ,0.8817
[Co][O]([Co])[Co].[O-]C(=O)c1ccc(cc1)C(=O)[O-].n1ccc(cc1)C1=NN=N[N]1&&ncb.cat0;LUPVOJ,0.885
C[Si](C#Cc1cnccc1C=Cc1ccncc1)(C)C.[O-]C(=O)c1ccc(cc1)c1cc(c2ccc(cc2)C(=O)[O-])c(cc1c1ccc(cc1)C(=O)[O-])c1ccc(cc1)C(=O)[O-].[Zn][Zn]&&fsc.cat0;LURGEL,0.8856
[Mn].[O-]C(=O)c1ccc(cc1)C(=O)[O-].[O-][n+]1ccc(cc1)c1cc[n+](cc1)[O-]&&UNKNOWN.cat0;LUSHIR,0.8665
[Mn].[O-]C(=O)c1ccc(cc1)C(=O)[O-].[O-][n+]1ccc(cc1)c1cc[n+](cc1)[O-]&&UNKNOWN.cat0;LUSHUD,0.8474
[Mn].[O-]C(=O)c1ccc(cc1)C(=O)[O-].[O-][n+]1ccc(cc1)c1cc[n+](cc1)[O-]&&UNKNOWN.cat0;LUSJAL,0.8082
[Mn].[O-]C(=O)c1ccc(cc1)C(=O)[O-].[O-][n+]1ccc(cc1)c1cc[n+](cc1)[O-]&&UNKNOWN.cat0;LUSJEP,0.8782
[Mn].[O-]C(=O)c1ccc(cc1)C(=O)[O-].[O-][n+]1ccc(cc1)c1cc[n+](cc1)[O-]&&UNKNOWN.cat0;LUSJIT,0.8757
[Mn].[O-]C(=O)c1ccc(cc1)C(=O)[O-].[O-][n+]1ccc(cc1)c1cc[n+](cc1)[O-]&&UNKNOWN.cat0;LUSJOZ,0.8754
[CH]C(=[CH])c1cccc2c1cccc2c1cc(cc(c1)C(=O)[O-])C(=O)[O-].[O-]C(=O)C1=C[C]=CC(=C1)C(=O)[O-].[O][Cu][Cu][O]&&kgm.cat1;LUSYEF,0.8768
[O-]C(=O)c1c(F)c(F)c(c(c1F)F)C(=O)[O-].[OH2][Cd][OH2]&&sql.cat0;LUTKOC,0.5176
[O-]C(=O)c1cc(cc(c1)S([O])([O])[O])C(=O)[O-].[O][Cu]([O])[O]&&ERROR.cat3;LUVLUJ,0.8995
[O-]C(=O)C([O])C.[O-]C(=O)c1ccc(cc1)c1ccncc1.[Zn]&&UNKNOWN.cat0;LUVTAY,0.8927
[O-]C(=O)C([O])C.[O-]C(=O)c1ccc(cc1)c1ccncc1.[Zn]&&UNKNOWN.cat0;LUVTEC,0.9006
[Cd].[O-]C(=O)c1ccc(cc1)C(=O)[O-]&&qtz.cat0;LUWKEV,0.8798
"[O-]C(=O)c1cc(C#CC#Cc2cc(cc(c2)C(=O)[O-])C(=O)[O-])cc(c1)C(=O)[O-].[OH2][Cu][Cu][OH2].[OH2][Cu][Cu][OH3]&&nbo,fof.cat0;LUYHAP",0.8895
[Cu][Cu].[O-]C(=O)CCCC(=O)[O-].n1ccc(cc1)CCc1ccncc1&&rob.cat0;MABKEG,0.8093
[Cu][Cu].[O-]C(=O)CCCC(=O)[O-].n1ccc(cc1)CCc1ccncc1&&rob.cat0;MABKIK,0.8207
[Cu][Cu].[O-]C(=O)CCCC(=O)[O-].n1ccc(cc1)CCc1ccncc1&&rob.cat0;MABKIK01,0.8735
[Co].[O-]C(=O)c1ccc(cc1)c1ccc(cc1)C(=O)[O-].n1ccc(cc1)c1ccncc1&&ERROR.cat0;MABLAD,0.7652
S1Cc2ccc(cc2)CSCc2ccc(C1)cc2.[Cu]I&&UNKNOWN.cat1;MADVUJ,0.8331
S1Cc2ccc(cc2)CSCc2ccc(C1)cc2.[Cu]Br&&UNKNOWN.cat1;MADWAQ,0.8405
Cl[Cu][Cu]Cl.S1Cc2ccc(cc2)CSCc2ccc(C1)cc2&&sql.cat0;MADWEU,0.7058
[CH2]Oc1cc(cc(c1)C(=O)[O-])C(=O)[O-].[O-]C(=O)c1cc(OCCCOc2cc(cc(c2)C(=O)[O-])C(=O)[O-])cc(c1)C(=O)[O-].[O][Cu][Cu][O]&&UNKNOWN.cat0;MAFJIO,0.897
O=C(c1ccc(cc1)C(=O)Nc1cccnc1)Nc1cccnc1.[Cu]&&ERROR.cat0;MAJGIP,0.7416
[Cu].n1ccc(cc1)c1ccncc1&&ERROR.cat3;MAKZUV,0.722
CC(c1cc(cc(c1N1C=CN([CH]1)c1c(cc(cc1C(C)C)C(=O)[O-])C(C)C)C(C)C)C(=O)[O-])C.[Ce]&&bcu.cat0;MALYIJ,0.8092
"CC1=C(C2=C(C)C(=[C]C(=C2C)c2ccncc2)c2ccncc2)C(=C([C]=C1c1ccncc1)c1ccncc1)C.[Zn]&&iac,act.cat0;MANLIX",0.8997
[Cd].n1ccc(cc1)[N][C]1N(Cc2c1cccc2)c1ccncc1&&ERROR.cat1;MAQTAA,0.8675
[O-]C=O.[Zn].n1ncn(c1)c1ccc(cc1)Cc1ccc(cc1)n1cnnc1&&sdb.cat1;MARCUF,0.866
[Cd].[O-]C=O.n1ncn(c1)c1ccc(cc1)Cc1ccc(cc1)n1cnnc1&&sdb.cat1;MARDIU,0.8683
O.[Ba].[O-]C(=O)c1ccc(cc1)S(=O)(=O)c1ccc(cc1)C(=O)[O-]&&ERROR.cat0;MARJEW,0.3647
O.[Ba].[O-]C(=O)c1ccc(cc1)S(=O)(=O)c1ccc(cc1)C(=O)[O-]&&ERROR.cat0;MARJIA,0.3919
O.[Ba].[O-]C(=O)c1ccc(cc1)S(=O)(=O)c1ccc(cc1)C(=O)[O-]&&ERROR.cat0;MARKEX,0.6234
[Cd].[N]1OOO1.O=O.O=O.n1ccc(cc1)c1nnc(nn1)c1ccncc1&&UNKNOWN.cat1;MARKUL,0.8741
O=C(c1cccnc1)OCC(COC(=O)c1cccnc1)(COC(=O)c1cccnc1)COC(=O)c1cccnc1.[Ag]&&sql.cat1;MASQED,0.481
[O][Mo]1234[Cu]5[S]3[Cu][S]2[Cu]1[S]45.n1ccc(cc1)c1ccncc1&&ERROR.cat0;MATBAM,0.8819
O=C1N(c2ccncc2)C(=O)c2c3c1ccc1c3c(cc2)C(=O)N(C1=O)c1ccncc1.[O-]C(=O)c1ccc2c(c1)ccc(c2)C(=O)[O-].[Zn][Zn]&&pcu.cat1;MATVAF,0.8855
O=C1N(c2ccncc2)C(=O)c2c3c1ccc1c3c(cc2)C(=O)N(C1=O)c1ccncc1.[O-]C(=O)c1ccc(cc1)c1ccc(cc1)C(=O)[O-].[Zn][Zn]&&pcu.cat1;MATVEJ,0.9025
[O-]C(=O)c1ccc(cc1)c1ccc(cc1)C(c1ccc(cc1)c1ccc(cc1)C(=O)[O-])(c1ccc(cc1)c1ccc(cc1)C(=O)[O-])c1ccc(cc1)c1ccc(cc1)C(=O)[O-].[Zn]&&UNKNOWN.cat1;MAVNOO,0.8904
[O-]C(=O)C1=[C][C]=C([C]=[C]1)C1=[C][C]=C([C]=[C]1)C(C1=[C][C]=C([C]=[C]1)C1=[C][C]=C([C]=[C]1)C(=O)[O-])(C1=[C][C]=C([C]=[C]1)C1=[C][C]=C([C]=[C]1)C(=O)[O-])C1=[C][C]=C([C]=[C]1)C1=[C][C]=C([C]=[C]1)C(=O)[O-].[O][Zn].[Zn]&&sql.cat0;MAVNUU,0.8928
O=N(=O)c1cc(ccc1Oc1cc(cc(c1)C(=O)O)C(=O)[O-])C(=O)[O-].O=N(=O)c1cc(ccc1Oc1cc(cc(c1)C(=O)[O-])C(=O)[O-])C(=O)[O-].[O-]C(=O)c1cc(cc(c1)C(=O)O[Co]([OH2])([OH2])([OH2])([OH2])[OH2])Oc1ccc(cc1N(=O)=O)C(=O)[O-].[OH2][Co].[OH2][Co]([OH2])([OH2])[OH2]&&ERROR.cat5;MAVTUA,0.9014
N1=CC=N[N]1.[CH]1C=NN=N1.[O-]C(=O)c1ccc(cc1)C(=O)[O-].[Zn]&&UNKNOWN.cat0;MAZSUD,0.8892
O[O](O)[Ag].[Ag].[C]1N=N[C]=N1&&UNKNOWN.cat0;MEBMEM01,0.8987
N1=CC=N[C]1.[C]1=N[CH]C=N1.[Zn]&&ana.cat0;MECWIB,0.8918
[Cu].[O-]C(=O)CC(C(=O)[O-])O.n1ccc(cc1)SSc1ccncc1&&sql.cat1;MEFMEQ,0.873
"Cl[Mn][Mn]Cl.[O-]C(=O)c1cc(cc(c1)C1=C2C=CC3=[N]2[Ni]24n5c1ccc5C(=C1[N]2=C(C=C1)C(=c1n4c(=C3c2cc(cc(c2)C(=O)[O-])C(=O)[O-])cc1)c1cc(cc(c1)C(=O)[O-])C(=O)[O-])c1cc(cc(c1)C(=O)[O-])C(=O)[O-])C(=O)[O-].[O][Mn](O[Mn]O[Mn]([O])([O])[O])([O])[O]&&scu,tbo.cat0;MEGBAD",0.8874
"Cl[Cd]Cl.[O-]C(=O)c1cc(cc(c1)C1=C2C=CC3=[N]2[Mn]24(N5[C]61=CC=[C]56C(=C1[N]2=C(C=C1)C(=[C]12N4[C]1(=C3c1cc(cc(c1)C(=O)[O-])C(=O)[O-])C=C2)c1cc(cc(c1)C(=O)[O-])C(=O)[O-])c1cc(cc(c1)C(=O)[O-])C(=O)[O-])(Cl)Cl)C(=O)[O-].[O-]C(=O)c1cc(cc(c1)C1=[C]23C=C[C]43=[N]2[Mn]23(n5c1ccc5C(=[C]15[N]3=[C]1(C(=c1n2c(=C4c2cc(cc(c2)C(=O)[O-])C(=O)[O-])cc1)c1cc(cc(c1)C(=O)[O-])C(=O)[O-])C=C5)c1cc(cc(c1)C(=O)[O-])C(=O)[O-])(Cl)Cl)C(=O)[O-].[O][Cd][Cd][O].[O][Cd][O]&&scu,tbo.cat0;MEGBEH",0.8938
[O-]C(=O)c1ccncc1C(=O)O.[OH2][Zn][OH2]&&sql.cat0;MEGCOR,0.8913
"[O-]C(=O)c1cc(C#CC#Cc2cc(C#CC#Cc3cc(cc(c3)C(=O)[O-])C(=O)[O-])cc(c2)C#CC#Cc2cc(cc(c2)C(=O)[O-])C(=O)[O-])cc(c1)C(=O)[O-].[O][Cu][Cu][O]&&ERROR,ntt.cat0;MEHMET",0.8954
S=[C]1=NN=C(O1)c1ccncc1.[OH2][Zn][OH2]&&sql.cat0;MEKDIQ,0.8632
[O-]C(=O)c1ccccc1C(=O)[O-].[OH2][Co]&&ERROR.cat1;MEPFET,0.5416
[O-]C(=O)C(=O)[O-].[Zn]&&ERROR.cat1;MESTOU,0.8999
[Ni].n1ccc(cc1)c1ccncc1&&sql.cat1;METMUT,0.8686
[Co].n1ccc(cc1)c1ccncc1&&sql.cat1;METNII,0.8747
[Co].n1ccc(cc1)c1ccncc1&&sql.cat1;METNUU,0.8812
[Co].n1ccc(cc1)c1ccncc1&&sql.cat1;METPAC,0.8956
[Ni].n1ccc(cc1)c1ccncc1&&sql.cat1;METPEG,0.878
[Co].n1ccc(cc1)c1ccncc1&&sql.cat1;METPIK,0.8796
[Cu].n1ccc(cc1)C=Cc1ccncc1&&ERROR.cat0;MEVBUK,0.8423
[O-]C(=O)c1ccc(cc1)c1ccc(cc1)C(=O)[O-].[O][Fe][O]([Fe][O])[Fe][O]&&acs.cat1;MIBMER,0.8999
[O-]C(=O)c1ccc(cc1)C(=O)[O-].[Zn][O]([Zn])([Zn])[Zn]&&pcu.cat0;MIBQAR,0.9015
[O-]C(=O)c1ccc(cc1)C(=O)[O-].[Zn][O]([Zn])([Zn])[Zn]&&pcu.cat0;MIBQAR01,0.8992
[O-]C(=O)c1ccc(cc1)C(=O)[O-].[Zn][O]([Zn])([Zn])[Zn]&&pcu.cat0;MIBQAR02,0.9017
[O-]C(=O)c1ccc(cc1)C(=O)[O-].[Zn][O]([Zn])([Zn])[Zn]&&pcu.cat0;MIBQAR03,0.899
[O-]C(=O)c1ccc(cc1)C(=O)[O-].[Zn][O]([Zn])([Zn])[Zn]&&pcu.cat0;MIBQAR04,0.9025
[O-]C(=O)c1ccc(cc1)C(=O)[O-].[Zn][O]([Zn])([Zn])[Zn]&&pcu.cat0;MIBQAR05,0.8992
[O-]C(=O)c1ccc(cc1)C(=O)[O-].[Zn][O]([Zn])([Zn])[Zn]&&pcu.cat0;MIBQAR06,0.8987
[O-]C(=O)c1ccc(cc1)C(=O)[O-].[Zn][O]([Zn])([Zn])[Zn]&&pcu.cat0;MIBQAR07,0.9017
[O-]C(=O)c1ccc(cc1)C(=O)[O-].[Zn][O]([Zn])([Zn])[Zn]&&pcu.cat0;MIBQAR08,0.9016
[O-]C(=O)c1ccc(cc1)C(=O)[O-].[Zn][O]([Zn])([Zn])[Zn]&&pcu.cat0;MIBQAR09,0.8989
[O-]C(=O)c1ccc(cc1)C(=O)[O-].[Zn][O]([Zn])([Zn])[Zn]&&pcu.cat0;MIBQAR10,0.8981
[O-]C(=O)c1ccc(cc1)C(=O)[O-].[Zn][O]([Zn])([Zn])[Zn]&&pcu.cat0;MIBQAR11,0.904
[O-]C(=O)c1ccc(cc1)C(=O)[O-].[Zn][O]([Zn])([Zn])[Zn]&&pcu.cat0;MIBQAR12,0.8971
[O-]C(=O)c1ccc(cc1)C(=O)[O-].[Zn][O]([Zn])([Zn])[Zn]&&pcu.cat0;MIBQAR13,0.897
[O-]C(=O)c1ccc(cc1)C(=O)[O-].[Zn][O]([Zn])([Zn])[Zn]&&pcu.cat0;MIBQAR14,0.9001
[O-]C(=O)c1ccc(cc1)C(=O)[O-].[Zn][O]([Zn])([Zn])[Zn]&&pcu.cat0;MIBQAR15,0.8986
[O-]C(=O)c1ccc(cc1)C(=O)[O-].[Zn][O]([Zn])([Zn])[Zn]&&pcu.cat0;MIBQAR16,0.9009
[O-]C(=O)c1ccc(cc1)C(=O)[O-].[Zn][O]([Zn])([Zn])[Zn]&&pcu.cat0;MIBQAR17,0.9004
[O-]C(=O)c1ccc(cc1)C(=O)[O-].[Zn][O]([Zn])([Zn])[Zn]&&pcu.cat0;MIBQAR18,0.895
[O-]C(=O)c1ccc(cc1)C(=O)[O-].[Zn][O]([Zn])([Zn])[Zn]&&pcu.cat0;MIBQAR19,0.8994
[O-]C(=O)c1ccc(cc1)C(=O)[O-].[Zn][O]([Zn])([Zn])[Zn]&&pcu.cat0;MIBQAR20,0.896
C(Cc1ccncc1)Cc1ccncc1.O.[Cd].[O-]C(=O)c1cc(cc(c1)Oc1ccc(cc1)C(=O)[O-])Oc1ccc(cc1)C(=O)[O-].[OH2][Cd]&&UNKNOWN.cat0;MICCUY,0.8865
[Mn].[O-]C(=O)c1cc(cc(c1)Oc1ccc(cc1)C(=O)[O-])Oc1ccc(cc1)C(=O)[O-].[OH2][Mn]&&UNKNOWN.cat0;MICDEJ,0.7825
Fc1c(Cc2ccncc2)c(F)c(c(c1F)Cc1ccncc1)F.[Cd]&&sql.cat1;MICMUH,0.6226
Fc1c(Cc2ccncc2)c(F)c2c(c1F)c(F)c(c(c2F)Cc1ccncc1)F.[Cd]&&sql.cat0;MICSAT,0.6183
[O-]C(=O)c1ccc(cc1)C1=NC(=[N]=C([N]1)c1ccc(cc1)C(=O)[O-])c1ccc(cc1)C(=O)[O-].[O][Zn].[Zn]&&ERROR.cat0;MIDCAF,0.8979
S=[C]1=NN=C(O1)c1ccncc1.[OH2][Co][OH2]&&sql.cat0;MIDJIT,0.8528
[Cd].[O-]C(=O)c1ccc(cc1)c1cc(cc(c1)c1ccc(cc1)C(=O)[O-])c1ccc(cc1)C(=O)[O-]&&ths.cat1;MIFGEP01,0.5424
[O-]C(=O)c1ccc(cc1)c1cc(c2ccc(cc2)C(=O)[O-])c(cc1c1ccc(cc1)C(=O)[O-])c1ccc(cc1)C(=O)[O-].[Zn]&&fsc.cat0;MIFKUJ,0.868
[Mg].[O-]C(=O)c1ccc(cc1)c1cc(c2ccc(cc2)C(=O)[O-])c(cc1c1ccc(cc1)C(=O)[O-])c1ccc(cc1)C(=O)[O-]&&pts.cat0;MIFLIY,0.8948
[O-]C(=O)c1ccc(cc1)C1=[C]C(=C([C]=C1c1ccc(cc1)C(=O)[O-])c1ccc(cc1)C(=O)[O-])c1ccc(cc1)C(=O)[O-].[O][Ni][O]&&sql.cat0;MIFMIZ,0.7809
[Ni].[O-]C(=O)c1cc(cc(c1)n1cnc2c1cccc2)n1cnc2c1cccc2&&gfy.cat0;MIFPUO,0.7498
[Mn].[O-]C(=O)c1cc(cc(c1)n1cnc2c1cccc2)n1cnc2c1cccc2&&gfy.cat0;MIFQOJ,0.7728
[Co].[O-]C(=O)c1cccnc1c1ncccc1C(=O)[O-].[OH2][Sm]([OH2])[OH2]&&ERROR.cat0;MIFTEC,0.4611
[Co].[O-]C(=O)c1cccnc1c1ncccc1C(=O)[O-].[OH2][Eu]([OH2])[OH2]&&ERROR.cat0;MIFTIG,0.5383
[Co].[O-]C(=O)c1cccnc1c1ncccc1C(=O)[O-].[OH2][Gd]([OH2])[OH2]&&ERROR.cat0;MIFTUS,0.7171
[Co].[O-]C(=O)c1cccnc1c1ncccc1C(=O)[O-].[OH2][Tb]([OH2])[OH2]&&ERROR.cat0;MIFVEE,0.1908
[Dy].[O-]C(=O)C(=O)[O-].[O-]C(=O)c1ccc(cc1)C1=C2C=CC3=[N]2[Cu]24n5c1ccc5C(=C1[N]2=C(C=C1)C(=c1n4c(=C3c2ccc(cc2)C(=O)[O-])cc1)c1ccc(cc1)C(=O)O)c1ccc(cc1)C(=O)[O-].[O-]C(=O)c1ccc(cc1)C1=C2C=CC3=[N]2[Cu]24n5c1ccc5C(=C1[N]2=C(C=C1)C(=c1n4c(=C3c2ccc(cc2)C(=O)[O-])cc1)c1ccc(cc1)C(=O)[O-])c1ccc(cc1)C(=O)O&&ERROR.cat0;MIHMAS,0.8026
[Ag].[Eu].[O-]C(=O)c1cnccc1C(=O)[O-]&&UNKNOWN.cat0;MIJSEF,0.5491
[Ag].c1ccc(cc1)P(c1ccccc1)c1cc(cc(c1)P(c1ccccc1)c1ccccc1)P(c1ccccc1)c1ccccc1&&UNKNOWN.cat0;MIJXUZ,0.6358
[Al].[O-]C(=O)[C]1[C][C][C]([C][C]1)C(=O)[O-].[O]&&rna.cat0;MILQIJ,0.608
C1N2CN3CN1CN(C2)C3.[O-]C(=O)c1ccc2c(c1)ccc(c2)C(=O)[O-].[Zn].[Zn][Zn]&&UNKNOWN.cat0;MIMSOS,0.5634
C1N2CN3CN1CN(C2)C3.[O-]C(=O)c1ccc2c(c1)ccc(c2)C(=O)[O-].[Zn].[Zn][Zn]&&UNKNOWN.cat0;MIMSUY,0.8944
[O-]C(=O)c1cccnc1.[Zn]&&lvt.cat0;MIMVEJ,0.6175
[Cr].[O-]C(=O)[C]1[C][C][C]([C][C]1)C(=O)[O-].[O]&&rna.cat0;MINVUA,0.9002
[Cr].[O-]C(=O)[C]1[C][C][C]([C][C]1)C(=O)[O-].[O]&&rna.cat0;MINVUA01,0.9018
[O-]C(=O)COc1cccc(c1)OCC(=O)O.[OH2][Ca][OH2]&&ERROR.cat1;MIPGAU,0.8035
N1=CC2=[N]=C([CH]1)Oc1cc3cc(c1)OC1=[N]=C(Oc4cc(O2)cc(c4)OC2=[N]=C(O3)C=N[CH]2)[CH]N=C1.[Ag]&&UNKNOWN.cat0;MIPMUV,0.8433
N1=CC2=[N]=C([CH]1)ON1[CH]C3=[N]=C([CH]1)OC1=[N]=C(OC4=[N]=C(O2)[CH]N(OC2=[N]=C(O3)C=N[CH]2)[CH]4)[CH]N=C1.[Zn]&&hcb.cat1;MIPNEG,0.7764
Cl[Cu]Cl.N1=CC2=[N]=C([CH]1)Oc1cc3cc(c1)OC1=[N]=C(Oc4cc(O2)cc(c4)OC2=[N]=C(O3)C=N[CH]2)[CH]N=C1&&hcb.cat1;MIPNIK,0.7263
COC(C(c1ccc(cc1)c1ccc(cc1)C(=O)[O-])OC)c1ccc(cc1)c1ccc(cc1)C(=O)[O-].[Zn][O]([Zn])([Zn])[Zn]&&UNKNOWN.cat3;MIQNUX,0.8471
[Cu].[La].[O-]C(=O)C1=CC=C([N][CH]1)c1ccc(cn1)C(=O)[O-].[O-]C(=O)c1ccc(nc1)c1ccc(cn1)C(=O)[O-]&&UNKNOWN.cat1;MIQWIU,0.8736
[Cu].[O-]C(=O)[C]1C=CC(=NC1Cl)c1ccc(cn1)C(=O)[O-].[O-]C(=O)c1ccc(nc1)c1ccc(cn1)C(=O)[O-].[Pr]&&UNKNOWN.cat1;MIQWOA,0.8744
Br[C]1C(=O)C(=O)[C](C(=O)C1=O)Br.[Fe].[Mn]&&ERROR.cat0;MIRFOK,0.8698
[Cu].[O-]C(=O)c1cc(cc(c1)C(=O)[O-])C(=O)[O-]&&hcb.cat2;MITGEB,0.6896
Cl[Cd][Cd]Cl.[Cd].[O-]C(=O)c1cc(cc(c1)C(=O)[O-])C(=O)[O-]&&mmm.cat0;MITSEO,0.8321
I[Cu][Cu]I.O=C(c1ccncc1)Oc1cccc(c1)OC(=O)c1ccncc1&&sql.cat0;MIWJOT,0.8578
"[O-]C(=O)c1cc(cc(c1)C(=O)[O-])N1[CH][C](N=N1)c1ccc(cc1)[C]1N=NN([CH]1)c1cc(cc(c1)C(=O)[O-])C(=O)[O-].[OH2][Cu][Cu][OH2]&&UNKNOWN,cpx.cat0;MIXBAY",0.8985
"[O-]C(=O)c1cc(cc(c1)C(=O)[O-])n1nnc(c1)c1cccc(c1)c1nnn(c1)c1cc(cc(c1)C(=O)[O-])C(=O)[O-].[OH2][Cu][Cu][OH2]&&ssb,stx.cat0;MIXBEC",0.8795
N#C[N]c1cc(C)c(cc1C)[N]C#N.[Ru][Ru]&&ERROR.cat0;MIXJOU,0.7572
[O-]C(=O)CCCC(=O)[O-].[OH2][Zn].n1ccc(cc1)[N][N]c1ccncc1&&ERROR.cat0;MIXLAI,0.8569
"[O-]C(=O)c1ccc(cc1)c1cc(cc(c1)c1ccc(cc1)C(=O)[O-])c1cc(cc(c1)c1cc(cc(c1)c1ccc(cc1)C(=O)[O-])c1ccc(cc1)C(=O)[O-])c1cc(cc(c1)c1ccc(cc1)C(=O)[O-])c1ccc(cc1)C(=O)[O-].[O][Ni][O]([Ni][O])[Ni][O]&&nia,jjt.cat0;MIXZOK",0.8998
CC1=N[N]C(=C1C1=C(C)[N]N=C1C)C.CC1=N[N]C(=[C]1)C.CC1=N[N][C]=C1C1=C(C)[N][N][C]1C.C[C]1N=NC(=C1C1=C(C)N=N[C]1C)C.C[C]1N=NC(=C1[C]1[C](C)[N]N=C1C)C.C[C]1N=NC(=[C]1)C.C[C]1N=N[C]=C1C1=C(C)[N][N][C]1C.C[C]1[N]N=C([C]1)C.C[C]1[N]N=C([C]1C1=C(C)[N]N=C1C)C.[Ag].[Ag][Ag].[Ag][Ag][Ag].[Ag][Ag][Ag][Ag].[N][N]&&ERROR.cat3;MIYGOR,0.8699
CC1=C(C(=N[N]1)C)C1=C(C)N=N[C]1C.CC1=N[N]C(=C1C1=C(C)[N]N=C1C)C.CC1=N[N]C(=C1[C]1C(=NN=C1C)C)C.C[C]1N=NC(=C1C1=C(C)N=N[C]1C)C.[Cu]&&lcv.cat3;MIYGUX,0.8613
[O-]C(=O)c1ncccc1C(=O)[O-].[Tb]&&ERROR.cat0;MOGNAY,0.8024
O=C(c1cncc(c1)C(=O)Nc1cccnc1)Nc1cccnc1.[Co][Co].[O-]C(=O)C1CCC(CC1)C(=O)[O-]&&sql.cat1;MOJQOT,0.844
[Ag].c1ccc2c(c1)n(CCCCn1cnc3c1cccc3)cn2&&ERROR.cat1;MOKQIO,0.8187
[O]c1ccccc1C=[NH]CC[NH]=Cc1ccccc1[O].[Yb]&&hcb.cat1;MOKYUI,0.8954
[O-]C(=O)C.[O]NC(=O)c1ccc(cc1)N.[Zn]&&ERROR.cat0;MOMRIR,0.5788
CCCN1C(=S)[N]c2c1ncnc2N.Cl[Cu].[Cu]1[Cu][Cu][Cu]1&&bor.cat0;MONXIY,0.898
Cl[Co]Cl.c1ncn(c1)c1ccc(cc1)C12CC3CC(C1)CC(C2)(C3)c1ccc(cc1)n1cncc1&&UNKNOWN.cat1;MOPLEK,0.883
O=C(c1ccncc1)Nc1cccnc1.[Co]&&sql.cat1;MOVPAO,0.867
O=C(c1ccncc1)Nc1cccnc1.[Co]&&sql.cat0;MOVPOC,0.8915
C(CCP(c1ccccc1)c1ccccc1)CCP(c1ccccc1)c1ccccc1.NC(C([S])(C)C)C(=O)[O-].[Au][Au].[Cu].[P][Au][Au]&&ERROR.cat1;MOVQIZ,0.8817
NC(C([S])(C)C)C(=O)[O-].[Au][Au].[Cu]&&ERROR.cat0;MOVREW,0.8833
Cl[Zn]Cl.c1ccc2c(c1)n(cn2)Cc1ccc(cc1)Cn1cnc2c1cccc2&&ERROR.cat1;MOWPOE,0.6707
[Co].[O-]C(=O)c1ccc(cc1)C(=O)[O-]&&bcg.cat0;MOXDIN,0.8885
[Co].[O-]C(=O)c1ccc(cc1)C(=O)[O-]&&bcg.cat0;MOXDIN01,0.8872
[Co].[O-]C(=O)c1ccc(cc1)c1ccc(cc1)C(=O)[O-]&&hex.cat1;MOXDOT,0.8875
[Co].[O-]C(=O)c1ccc(cc1)c1ccc(cc1)C(=O)[O-]&&hex.cat1;MOXDOT01,0.8777
[Cu].n1ccc(cc1)OCC(COc1ccncc1)(COc1ccncc1)COc1ccncc1&&sra.cat1;MOXPEV,0.7554
O[Zn].n1ccc(cc1)c1ccncc1&&ERROR.cat1;MOYGIR,0.9026
O.[Co].[O-]C(=O)c1cc(cc(c1)C(C)(C)C)C(=O)[O-]&&ERROR.cat0;MOYMET,0.8946
CCCC1(CCC)c2cc(ccc2-c2c1cc(cc2)C(=O)[O-])C(=O)[O-].[Zn].c1ncn(c1)Cc1ccc(cc1)Cn1cncc1&&hcb.cat0;MOYNOE,0.8194
CCCC1(CCC)c2cc(ccc2-c2c1cc(cc2)C(=O)[O-])C(=O)[O-].[Cd].c1ncn(c1)Cc1ccc(cc1)Cn1cncc1&&hcb.cat0;MOYNUK,0.8617
Cl[Co]Cl.c1ccc2c(c1)n(cn2)Cc1ccc(cc1)Cn1cnc2c1cccc2&&ERROR.cat1;MOYQEX,0.6619
[Co].[O-]C(=O)c1cccc(n1)C(=O)[O-].n1ccc(cc1)c1nnc(s1)c1ccncc1&&UNKNOWN.cat1;MOYWUT,0.823
COc1cc(c(cc1c1ccncc1)OC)c1ccncc1.[Cd].[O-]C(=O)c1ccc(cc1)Oc1ccc(cc1)C(=O)[O-]&&sql.cat0;MOZDEM,0.8709
[O-]C(=O)c1ccc(cc1)S(=O)(=O)c1ccc(cc1)C(=O)[O-].[OH2][Cd][Cd][OH2]&&ERROR.cat1;MUBREI,0.5875
[Co].[O-]C(=O)c1ccc(cc1)C(=O)[O-].n1ccc(cc1)[N][N]c1ccncc1&&sql.cat3;MUBXUD,0.8793
Cl[Zn]Cl.c1ccc2c(c1)n(cn2)Cc1ccc(cc1)Cn1cnc2c1cccc2&&ERROR.cat1;MUCMON,0.5933
"[O-]C(=O)c1ccc(cc1)N(c1ccc(cc1)C(=O)[O-])c1ccc(cc1)c1ccc(cc1)N(c1ccc(cc1)C(=O)[O-])c1ccc(cc1)C(=O)[O-].[O][Mg][O]&&lvt,lil.cat1;MUDLON",0.8503
"[O-]C(=O)c1cc(C#Cc2cc(C#Cc3cc(cc(c3)C(=O)[O-])C(=O)[O-])cc(c2)C#Cc2cc(cc(c2)C(=O)[O-])C(=O)[O-])cc(c1)C(=O)[O-].[O][Zn][Zn][O]&&ERROR,ntt.cat0;MUDTAH",0.897
CSc1c(C(=O)[O-])c(SC)c(c(c1SC)C(=O)[O-])SC.[Pb]&&ERROR.cat0;MUDTIP,0.8875
CSc1c(C(=O)[O-])c(SC)c(c(c1SC)C(=O)[O-])SC.[Pb]&&acs.cat0;MUDTOV,0.8903
[S][Zn][S].[Zn].n1ccc(cc1)c1ccncc1&&ERROR.cat3;MUFTUD,0.7826
[O-]C(=O)C1=CC2=NN=N[C]2C=C1.[O-]C(=O)C1=CC=C2C(=NN=N2)[CH]1.[OH].[Zn]&&UNKNOWN.cat0;MUGHED,0.8859
N#C[N]C#N.[Cu].n1ccc(cc1)c1ccncc1&&sql.cat1;MUHKIJ,0.8309
Nc1cc(cc(c1)C(=O)[O-])C(=O)[O-].Nn1c(nnc1c1ccncc1)c1ccncc1.[Cd]&&ERROR.cat0;MUJKAF,0.8978
[O-]C(=O)C1=C([N]C=N1)C(=O)[O-].[O-]C(=O)C1=NC=N[C]1C(=O)[O-].[OH2][Zn].[Zn][OH2][Zn]&&UNKNOWN.cat0;MULQOA,0.8958
"[O-]C(=O)c1cc(cc(c1)c1cc(cc(c1)C(=O)O)C(=O)[O-])c1cc(cc(c1)C(=O)[O-])C(=O)[O-].[Zn]&&bnn,UNKNOWN.cat0;MULXOI",0.896
[O-]C(=O)C=CC(=O)[O-].[Zn].n1ccn(c1)c1ccc(cc1)C1=NN=N[N]1&&ERROR.cat0;MUMLIR,0.8938
N#Cc1ccc(cc1)C1=C2C=CC(=C(c3ccncc3)C3=NC(=C(C4=CC=C(C(=C5N=C1C=C5)c1ccncc1)[N]4)c1ccc(cc1)C#N)C=C3)[N]2.[Co]&&ERROR.cat0;MUMYAW,0.8969
Clc1ccc(cc1)C1=C2C=CC(=C(c3ccncc3)C3=NC(=C(C4=CC=C(C(=C5N=C1C=C5)c1ccncc1)[N]4)c1ccc(cc1)Cl)C=C3)[N]2.[Co]&&ERROR.cat0;MUMZAX,0.8346
"[O-]C(=O)c1ccc(cc1)c1nnc([nH]1)c1cc(cc(c1)C(=O)[O-])C(=O)[O-].[O-]C=O.[Tb]&&ERROR,UNKNOWN.cat0;MUNLUE",0.8869
[O-]C(=O)CCC(=O)[O-].[OH2][Lu][OH2]&&ERROR.cat0;MURTUO,0.0448
[Cd].[O-]C(=O)CCN(Cc1ccccn1)Cc1ccccn1.[O]S(=O)(=O)[O]&&hcb.cat0;MUSMET,0.9031
N#CC(C(c1ccc(cc1)[C](C#N)C#N)(C#N)C#N)(c1ccc(cc1)[C](C#N)C#N)C#N.[Zn].n1ccc(cc1)c1ccncc1&&UNKNOWN.cat0;MUVGUG,0.8056
N1=NN=C([N]1)c1cc(cc(c1)C1=NN=N[N]1)C1=NN=N[N]1.[O][Fe].[O][Fe]Cl&&the.cat0;MUWQEB,0.8974
Cl[Mn]Cl.n1ccc(cc1)c1cc(nc(c1)c1ccccn1)c1ccccn1&&ERROR.cat1;MUZJIB,0.6439
[O-]C(=O)c1cncc(c1)C(=O)[O-].[O][Mg]&&UNKNOWN.cat0;NABMUA,0.8816
[O-]C(=O)[C]C=NC=[C]C(=O)[O-].[O][Mg]&&UNKNOWN.cat0;NABMUA01,0.8744
[O-]C(=O)c1cc(cc(c1)C(=O)[O-])C(=O)[O-].[O][Y]&&UNKNOWN.cat0;NADZID,0.1678
[Co].n1ccc(cc1)C1=NN=C([N]1)c1ccccn1&&nbo.cat0;NAGQET,0.8157
[Ni].[O-]C(=O)c1ccc(cc1)c1ccc(cc1)C(=O)[O-]&&ERROR.cat2;NAHNEQ,0.8962
[O-]C(=O)c1ccc(cc1)c1cc(cc(c1)c1ccc(cc1)C(=O)O)c1ccc(cc1)C(=O)[O-].[O][Ba]&&UNKNOWN.cat0;NALWOO,0.7733
[O-]C(=O)c1ccc(s1)c1ccc(s1)C(=O)[O-].[Zn]&&ERROR.cat1;NARMOK,0.9004
[Co].[O-]C(=O)c1c[n-][nH]c1c1ccccc1.n1ccc(cc1)c1ccncc1&&pcu.cat0;NARTIL,0.8813
[Co].[Na].[O-]C(=O)C(=O)[O-].[O-]C(=O)c1cc(C(=O)[O-])c(cc1C(=O)[O-])C(=O)[O-]&&UNKNOWN.cat0;NASDIW,0.6
[C]c1ccc(cc1)C1=C2C=CC3=[N]2[Cu]24n5c1ccc5C(=C1[N]2=C(C=C1)C(=c1n4c(=C3c2ccc(cc2)C(=O)[O-])cc1)c1ccc(cc1)C(=O)[O-])c1ccc(cc1)C(=O)[O-].[C]c1ccc(cc1)C1=c2ccc3=C(C4=[N]5[Cu]6([N]7=C1C=CC7=C(c1ccc(cc1)C(=O)[O-])c1n6c(C(=C5C=C4)c4ccc(cc4)C(=O)[O-])cc1)n23)c1ccc(cc1)C(=O)[O-].[O][Cd]&&fes.cat1;NAYHUS,0.8912
[O-]C(=O)c1ccc(cc1)C1=C2C=CC3=[N]2[Co]24n5c1ccc5C(=C1[N]2=C(C=C1)C(=c1n4c(=C3c2ccc(cc2)C(=O)[O-])cc1)c1ccc(cc1)C(=O)[O-])c1ccc(cc1)C(=O)[O-].[OH2][Cd]&&fes.cat1;NAYJAA,0.8933
[O-]C(=O)c1ccc(cc1)C1=C2C=CC3=[N]2[Fe]24n5c1ccc5C(=C1[N]2=C(C=C1)C(=c1n4c(=C3c2ccc(cc2)C(=O)[O-])cc1)c1ccc(cc1)C(=O)[O-])c1ccc(cc1)C(=O)[O-].[O][Cd]&&fes.cat1;NAYJEE,0.8909
[O-]C(=O)c1ccc(cc1)C1=C2C=CC3=[N]2[Zn]24n5c1ccc5C(=C1[N]2=C(C=C1)C(=c1n4c(=C3c2ccc(cc2)C(=O)[O-])cc1)c1ccc(cc1)C(=O)[O-])c1ccc(cc1)C(=O)[O-].[OH2][Cd]&&fes.cat0;NAYJUU,0.8477
[O-]C(=O)C1=C([N]C(=N1)c1ccccn1)C(=O)[O-].[O-]C(=O)C1=NC(=N[C]1C(=O)[O-])c1ccccn1.[OH2][Mn][OH2]&&ERROR.cat1;NAZPIP,0.8997
[O-]C(=O)c1ccc2c(c1)ccc(c2)C(=O)[O-].[Zn][Zn].n1ccc(cc1)C=Cc1ccc(cc1)C=Cc1ccncc1&&pcu.cat0;NEBNOZ,0.887
[Cu].[Mn].[O-]C(=O)c1ccc(cc1)OCC(COc1ccc(cc1)C(=O)[O-])(COc1ccc(cc1)C(=O)[O-])COc1ccc(cc1)C(=O)[O-].[O][Cu][O]&&ERROR.cat0;NEDVUP,0.8797
[Mn].[O-]C(=O)c1ccc(cc1)OCC(COc1ccc(cc1)C(=O)[O-])(COc1ccc(cc1)C(=O)[O-])COc1ccc(cc1)C(=O)[O-]&&kgd.cat0;NEDWAW,0.8988
[Co].[Mn].[O-]C(=O)c1ccc(cc1)OCC(COc1ccc(cc1)C(=O)[O-])(COc1ccc(cc1)C(=O)[O-])COc1ccc(cc1)C(=O)[O-].[O][Co][O]&&ERROR.cat0;NEDWEA,0.8877
"[Mn].[O-]C(=O)c1ccc(cc1)OCC(COc1ccc(cc1)C(=O)[O-])(COc1ccc(cc1)C(=O)[O-])COc1ccc(cc1)C(=O)[O-].[O][Ni]([O])([O])[O].[O][Ni][O]&&bex,fsh.cat0;NEDWIE",0.8937
[O-]C(=O)c1ccc(cc1)OCC(COc1ccc(cc1)C(=O)[O-])(COc1ccc(cc1)C(=O)[O-])C.[Zn].c1ncn(c1)c1ccc(cc1)n1cncc1&&tfz-d.cat0;NEHNEV,0.8835
[O-]C(=O)C=Cc1cnc[nH]1.[Zn]&&dia.cat3;NEHZIK,0.3261
[C]=O.[O].[O].[O-]C(=O)[C].[O-][C]=O.[Zn]&&ERROR.cat3;NEJBAF,0.8976
C[Si](c1ccncc1)(c1ccc(cc1)[Si](c1ccncc1)(C)C)C.[Cu]&&UNKNOWN.cat2;NEJHOA,0.8095
C(Cc1ccncc1)Cc1ccncc1.[Ag][Ag]&&sql.cat0;NENRIJ,0.8726
C1N2CN3CN1CN(C2)C3.O=C(c1cccc(c1)C(=O)[CH]C(=O)C(C)(C)C)[CH]C(=O)C(C)(C)C.[Cu]&&UNKNOWN.cat0;NENVAE,0.8671
[O-]C(=O)c1ccc(cc1)C(=O)[O-].[O][Er]([O])[O]&&ERROR.cat0;NERMON,0.3574
O=c1ccn(cc1)c1ccncc1.[Co].[O]C1=C[CH]N(C=C1)c1ccncc1.[O][Dy]&&sql.cat1;NERNIH,0.8923
"[Cu].[O]P(=O)(CN(CP(=O)([O])[O])CCCCCCN(CP(=O)([O])[O])CP(=O)([O])[O])[O].n1ccc(cc1)c1ccncc1&&ERROR,UNKNOWN.cat0;NERSOU",0.8963
"[Cu].[O]P(=O)(CN([C]P(=O)([O])[O])CCCCCCN(CP(=O)([O])[O])[C]P(=O)([O])[O])[O].n1ccc(cc1)CCc1ccncc1&&ERROR,UNKNOWN.cat0;NERSUA",0.6992
C[C](c1ccncc1)[N][N][C](c1ccncc1)C.[Co][Co].[O-]C(=O)c1ccc(cc1)c1ccc(cc1)C(=O)[O-]&&pcu.cat0;NESSOV,0.8586
C[C](c1cccnc1)[N][N][C](c1cccnc1)C.[CH2]C(=NN=C(c1cccnc1)[CH2])c1cccnc1.[Ni][OH2][Ni].[O-]C(=O)c1ccc(cc1)C(=O)[O-]&&ecu.cat0;NESTAI,0.8887
[Co].[O-]C(=O)c1ccnc(c1)C(=O)[O-].[OH]&&UNKNOWN.cat0;NEVVAM,0.8932
[Co].[O-]C(=O)c1ccnc(c1)C(=O)[O-].[OH]&&UNKNOWN.cat0;NEVVAM01,0.8834
[Co].[O-]C(=O)c1ccnc(c1)C(=O)[O-].[OH]&&UNKNOWN.cat0;NEVVAM02,0.8877
[Co].[O-]C(=O)c1ccnc(c1)C(=O)[O-].[OH]&&UNKNOWN.cat0;NEVVIU,0.8878
[Co].[O-]C(=O)c1ccnc(c1)C(=O)[O-].[OH]&&UNKNOWN.cat0;NEVVIU01,0.8865
[Co].[O-]C(=O)c1ccnc(c1)C(=O)[O-].[OH]&&UNKNOWN.cat0;NEVVIU02,0.8861
O=C1N2CN3C(=O)N4C5C3N3CN6C2C2N1CN1C(=O)N7C8C1N(CN2C6=O)C(=O)N8CN1C2N(C7)C(=O)N6C2N(C1=O)CN1C2N(C6)C(=O)N6C2N(C1=O)CN1C2C7N(CN8C(=O)N(C4)C4N(CN5C3=O)C(=O)N(C84)CN7C1=O)C(=O)N2C6.[O][Yb]([O])([O])([O])[O]&&UNKNOWN.cat0;NEWSAL,0.4097
S=C1[CH]C=C(C=N1)C(=O)[O-].[Co]&&UNKNOWN.cat0;NEYBEZ,0.7733
C1CN2CCN1CC2.I[Cu]12(I)[Cu]3[Cu]1[Cu]23(I)I.I[Cu]12[Cu]3[Cu]1[Cu]23(I)(I)I&&UNKNOWN.cat0;NEYYOG,0.903
O=C(c1cc(cc(c1)C(=O)Nc1ccc(cc1)C(=O)[O-])C(=O)Nc1ccc(cc1)C(=O)[O-])Nc1ccc(cc1)C(=O)[O-].[O][Cd]&&hcb.cat1;NICYUV,0.8899
[O-]C(=O)c1cc(O)cc(c1)O.[OH2][Sr][OH2]&&ERROR.cat1;NIDBOS,0.8853
[O]C1=[C](C)(C)C2=CC3=NC(=CC4=CC=C(C=C5N=C(C=C1[N]2)C=C5)[N]4)C=C3.[O]C1=[C](C)(C)C2=NC1=CC1=CC=C([N]1)C=C1C=CC(=N1)C=C1[N]C(=C2)C=C1.[Zn]&&ERROR.cat1;NIDFAI,0.8944
[O-]C(=O)C1=[C][C]=C([C]=[C]1)C1=[C][C]=C([C]=[C]1)C(=O)[O-].[O].[V]&&rna.cat0;NIGBOW,0.8953
[Co][O]([Co])([Co])[Co].[O-]C(=O)c1ccc(cc1)c1cc(cc(c1)c1ccc(cc1)C(=O)[O-])c1ccc(cc1)C(=O)[O-]&&the.cat1;NIGPAW,0.8822
[Fe].[O-]C=O&&met.cat0;NIHBIQ,0.8893
[Fe].[O-]C=O&&met.cat0;NIHBIQ01,0.8906
[Fe].[O-]C=O&&met.cat0;NIHBIQ02,0.8924
[Ag].n1ccc(cc1)C=Cc1ccncc1&&ERROR.cat0;NIHCOX,0.8325
[CH2]CN(CCNCCC(=O)[O-])[CH2].[C]=O.[O].[O].[O-]C(=O)C[CH2].[O-][C]=O.[O][Ce][O]&&ERROR.cat8;NIKDAM,0.3211
[Ni].[O].[V].[W].c1ncn(c1)Cc1ccc(cc1)Cn1cncc1&&ERROR.cat0;NILGIA,0.8659
[Co].[O].[V].[W].c1ncn(c1)Cc1ccc(cc1)Cn1cncc1&&ERROR.cat0;NILGOG,0.8723
[Co].n1ccc(cc1)SSc1ccncc1&&UNKNOWN.cat3;NIMBIV,0.8276
[O-]C(=O)c1ccc(cc1)c1ccc(c2c1nsn2)c1ccc(cc1)C(=O)[O-].[Zn][Zn]&&sql.cat1;NIMGOH,0.8727
O=N(=O)C1=C([C]=[C]C(=[C]1)C(=O)[O-])C(=O)[O-].O=N(=O)C1=[C]C(=[C][C]=C1C(=O)[O-])C(=O)[O-].[O-]C(=O)C1=[C][C]=C([C]=[C]1)C(=O)[O-].[O][Zn][O]([Zn][O]([Zn][O])([Zn])[Zn])([Zn])[Zn]&&ERROR.cat0;NIMXIS,0.8962
[O-]C(=O)c1cc(cc(c1)C(=O)[O-])C(=O)[O-].[O][Fe][Fe][O]&&tbo.cat0;NINVAI,0.8634
O1OC23OC43c3c2c2c5c6c3C37C6(O7)OOC67OC87c7c6c6C9%10OOC%115C2(OOC25c%12c%13C%141OC1%14c%13c%13c%14c%12C2(O5)OOC25OC%125[C]5C2=C2C%15%16OOC%17%14C%13(OOC%13%14[C]%18C%19=C%20C%21(C%19(OO1)O%21)OOC1%19C(OO4)(O1)c1c%19c4c%19c%21c1C1(OO3)OC%211OOC13C(OO8)(O1)c1c3c3C8%21OOC%22%19C4(OOC4%19[C]%20C%20=C%18C%14(O%13)OOC%13%14C%18(OOC%16(O%15)[C]2C2=C5C5%15C2(O%15)OOC2%15c%16c%18c%14c%14C%18(OOC4%20O%19)OC4%18c%14c%16C%15(O2)OOC2%14C(OOC%15%16c7c(c6C%10(O9)OO%12)C%15(OO5)O%16)(c1c2c3C%21(O8)OO4)O%14)O%13)O%22)O%17)O%11.O1OC23OC43c3c2c2c5c6c3C37C6(O7)OOC67OC87c7c6c6C9%10OOC%115C2(OOC25c%12c%13C%141OC1%14c%13c%13c%14c%12C2(O5)OOC25OC%125c5c2c2C%15%16OOC%17%14C%13(OOC%13%14c%18c%19C%20(OO1)OC1%20c%19c%19c%20c%18C%14(O%13)OOC%13%14C%18(OOC%16(O%15)c2c2c5C5%15C2(O%15)OOC2%15c%16c%18c%14c%14C%18%21OOC%22%20C%19(OOC%19%20c%23c%24c(C%25(OO4)OC%24%25OO1)c1C4(OO3)OC34c1c%23C%19(O%20)OOC14c%19c%20C%23(OO3)C(OO8)(O%23)c%20c3C8(OOC%20%23c7c(c6C%10(O9)OO%12)C%20(OO5)O%23)OC58c3c%19C4(O1)OOC%21(O%18)c%14c%16C%15(O2)OO5)O%22)O%13)O%17)O%11.[Fe].[O-]C(=O)c1cc(cc(c1)C(=O)[O-])C(=O)[O-]&&ntv.cat0;NINVEM,0.783
[O-]C(=O)c1cc(cc(c1)C(=O)[O-])C(=O)[O-].[O][Zn][O]1[Zn]OO[Zn]1&&sab.cat0;NIWYAV,0.8956
[O-]C(=O)c1cc(cc(c1)C(=O)[O-])C(=O)[O-].[Zn].[Zn][O]([Zn])([Zn])[Zn]&&UNKNOWN.cat0;NIWYOJ,0.8722
Br[Cd]Br.CC(c1cc2Sc3cc(cc(c3OCc3cccnc3)Sc3cc(cc(Sc4c(c(Sc(c1)c2OCc1cccnc1)cc(c4)C(C)(C)C)OCc1cccnc1)c3OCc1cccnc1)C(C)(C)C)C(C)(C)C)(C)C&&pts.cat0;NIYJAI,0.8423
[O-]C(=O)c1ccc(cc1)P(=O)(c1ccc(cc1)C(=O)[O-])c1ccc(cc1)C(=O)[O-].[Zn][OH]1[Zn][OH]([Zn]1)[Zn]&&kgd.cat0;NIYZIG,0.8966
N1=CC=N[N]1.[CH]1C=NN=N1.[O-]C(=O)c1cc(cc(c1)S([O])([O])[O])C(=O)[O-].[OH2][Cu]([OH2])[OH2].[OH2][Cu][OH]([Cu][OH]([Cu][OH2])[Cu][OH2])[Cu]&&ERROR.cat1;NIZNIV,0.7035
I[Zn]I.n1ccc(cc1)C1=NC(=[N]=C([N]1)c1ccncc1)c1ccncc1&&srs.cat1;NIZZEC,0.8627
[Ag].c1ccc(cc1)c1cc2CCc3cc(-c4cc(CCc5cc(-c(n1)c2)nc(c5)c1ccccc1)cc(n4)c1ccccc1)nc(c3)c1ccccc1.c1ccc(cc1)c1cc2CCc3cc(nc(c3)c3ccccc3)C3=CC(=C[C]=N3)CCc3cc(-c(n1)c2)nc(c3)c1ccccc1.c1ccc(cc1)c1cc2CCc3cc(nc(c3)c3ccccc3)C3=N[C]=CC(=C3)CCc3cc(-c(n1)c2)nc(c3)c1ccccc1&&ERROR.cat3;NOBKUK,0.6088
[Co].[O-]C(=O)C1=NN=N[C]1C(=O)[O-].[O-]C(=O)C1=N[N]N=C1C(=O)[O-].n1ccc(cc1)c1ccncc1&&UNKNOWN.cat0;NOBVOR,0.8293
[O-]C(=O)C1=[C][C]=C([C]=[C]1)C(=O)[O-].[Zn][O]([Zn])([Zn])[Zn]&&pcu.cat0;NODTEH,0.9007
[O-]C(=O)C1=[C][C]=C([C]=[C]1)C(=O)[O-].[Zn][O]([Zn])([Zn])[Zn]&&pcu.cat0;NODTIL,0.9025
[O-]C(=O)C1=[C][C]=C([C]=[C]1)C(=O)[O-].[Zn][O]([Zn])([Zn])[Zn]&&pcu.cat0;NODTOR,0.8965
[Cd].[O-]C(=O)c1cc(OCc2ccc(cc2)C(=O)[O-])cc(c1)OCc1ccc(cc1)C(=O)O&&UNKNOWN.cat0;NOFMIG,0.8417
Cc1[nH][n-]c(c1c1c(C)[n-][nH]c1C)C.[Cu]I&&ERROR.cat1;NOFQEG,0.8824
C(Cn1cncc1)Oc1ccc2c(c1)cc(cc2)OCCn1cncc1.[Cd].[O-]C(=O)c1ccc(cc1)C(=O)[O-]&&sql.cat1;NOHBUJ,0.8062
N#Cc1ccc(cc1)C1=C2C=CC(=C(c3ccncc3)C3=NC(=C(C4=CC=C(C(=C5N=C1C=C5)c1ccncc1)[N]4)c1ccc(cc1)C#N)C=C3)[N]2.[Zn]&&ERROR.cat0;NOJXUG,0.8939
COc1ccc(cc1)C1=C2C=CC(=C(c3ccncc3)C3=NC(=C(C4=CC=C(C(=C5N=C1C=C5)c1ccncc1)[N]4)c1ccc(cc1)OC)C=C3)[N]2.[Zn]&&ERROR.cat0;NOJYAN,0.8474
Oc1ccc(cc1)C1=C2C=CC(=C(c3ccncc3)C3=NC(=C(C4=CC=C(C(=C5N=C1C=C5)c1ccncc1)[N]4)c1ccc(cc1)O)C=C3)[N]2.[Zn]&&ERROR.cat0;NOJYER,0.8912
O1O[P]231(OO3)OO2.[O][O].[K].[O].[O]OO[P]1([O])([O])([O])OO1.[O]P(=O)([O])[O].[W]&&ERROR.cat2;NOKTUE,0.8831
[O-]C(=O)CN1CC(=O)N(CC1=O)CC(=O)[O-].[Pb]&&ERROR.cat0;NOLVER,0.8736
[Co].[O-]C(=O)c1ccc(cc1)Oc1ccc(cc1)C(=O)[O-].c1ncn(c1)c1ccc(s1)n1cncc1&&sql.cat3;NOLXIX,0.7599
[O-]C(=O)c1ccc(cc1)Oc1ccc(cc1)C(=O)[O-].[Zn].c1ncn(c1)c1ccc(s1)n1cncc1&&sql.cat3;NOLXOD,0.7395
O=C(c1ccncc1)NCc1c(F)c(F)c(c(c1F)F)CNC(=O)c1ccncc1.O=C(c1ccncc1)[N]Cc1c(F)c(F)c(c(c1F)F)C[N]C(=O)c1ccncc1.[Cu]&&sql.cat0;NOMVER,0.8277
[Mn].[O-]C(=O)c1c(cccc1C(=O)[O-])Oc1ccc(cc1)C(=O)[O-].[O][Mn]&&UNKNOWN.cat0;NOPJOT,0.874
[Cu]Br.c1ccc(cn1)c1nc2c(n1Cn1nnc3c1cccc3)cccc2&&ERROR.cat0;NOQLUC,0.8872
N#Cc1ccc(cc1)C1=C2C=CC(=C(c3ccncc3)C3=NC(=C(C4=CC=C(C(=C5N=C1C=C5)c1ccncc1)[N]4)c1ccc(cc1)C#N)C=C3)[N]2.[Zn]&&ERROR.cat0;NORRIW,0.8899
"O=C(Nc1ccccc1NC(=O)Nc1ccc(cc1)N(=O)=O)NCc1cccc(c1)CNC(=O)Nc1ccccc1NC(=O)Nc1ccc(cc1)N(=O)=O.[K]&&sql,hcb.cat2;NOWCIN",0.8614
[O-]C(=O)CN(C(C(c1ccccc1)[O])C)C.[O][Cd].[O][Cd]Cl&&ERROR.cat1;NOWHIQ,0.8809
[Cd].[O-]C(=O)c1ccc(cc1)[Si](c1ccc(cc1)C(=O)[O-])(c1ccc(cc1)C(=O)[O-])c1ccc(cc1)C(=O)[O-]&&UNKNOWN.cat0;NOZZOT,0.883
[Cd].[O-]C(=O)c1ccc(cc1)[Si](c1ccc(cc1)C(=O)[O-])(c1ccc(cc1)C(=O)[O-])c1ccc(cc1)C(=O)[O-]&&UNKNOWN.cat0;NOZZUZ,0.8852
[Cu].[O-]C(=O)c1cc(cc(c1)n1cncc1)C(=O)[O-].[OH2][Cu][Cu][OH2]&&UNKNOWN.cat0;NUBPIL,0.8966
[O-]C(=O)c1ccc(cc1)C1=[C]NN=C1C.[O-]C(=O)c1ccc(cc1)c1c(C)[n-][nH]c1C.[O-]C(=O)c1ccc(cc1)c1c(C)[n-][nH]c1[C].[Zn]&&dia.cat3;NUCBIY,0.8418
[Cd].[O-]C(=O)c1ccc(cc1)c1c(C)[n-][nH]c1C&&sql.cat1;NUCBUK,0.8985
[O-]C(=O)c1ccc(cc1)c1c(C)[n-][nH]c1C.[OH2][Cu].[OH2][Cu][Cu][OH2].[O]S(=O)(=O)[O]&&bex.cat0;NUCCAR,0.865
[Mg].[O-]C(=O)c1ccnc(c1)C(=O)[O-].[OH]&&UNKNOWN.cat0;NUDLIJ,0.891
[Mg].[O-]C(=O)c1ccnc(c1)C(=O)[O-].[OH]&&UNKNOWN.cat0;NUDLOP,0.8743
[Mg].[O-]C(=O)c1ccnc(c1)C(=O)[O-].[OH]&&UNKNOWN.cat0;NUDLOP01,0.8799
[Mg].[O-]C(=O)c1ccnc(c1)C(=O)[O-].[OH]&&UNKNOWN.cat0;NUDMEG,0.8771
[Mg].[O-]C(=O)c1ccnc(c1)C(=O)[O-].[OH]&&UNKNOWN.cat0;NUDMOQ,0.885
[Mg].[O-]C(=O)c1ccnc(c1)C(=O)[O-].[OH]&&UNKNOWN.cat0;NUDMUW,0.8822
[Mg].[O-]C(=O)c1ccnc(c1)C(=O)[O-].[OH]&&UNKNOWN.cat0;NUDMUW01,0.8856
"[O-]C(=O)c1cc(c2cc(cc(c2)C(=O)[O-])C(=O)[O-])c(cc1c1cc(cc(c1)C(=O)[O-])C(=O)[O-])C(=O)[O-].[O][Zn][OH2].[Zn]&&kgm,UNKNOWN.cat0;NUFBEX",0.8972
[O-]C(=O)c1cc(cc(c1)C(=O)O)c1cc(C(=O)[O-])c(cc1C(=O)[O-])c1cc(cc(c1)C(=O)O)C(=O)O.[OH2][Zn]&&fes.cat0;NUFBIB,0.8528
CC(SCc1nc2ccccc2nc1CSC(C)(C)C)(C)C.I[Cu][Cu]I&&ERROR.cat0;NUHQEN,0.7381
[Cu].[O-]C(=O)c1ccc(cc1C(=O)[O-])C(C(F)(F)F)(C(F)(F)F)c1ccc(c(c1)C(=O)O)C(=O)O&&ERROR.cat1;NUHYOF,0.5204
[O-]C(=O)c1c(I)c(C(=O)[O-])c(c(c1I)[N])I.[Zn].n1ccc(cc1)c1ccncc1&&cem.cat0;NULDAA,0.8972
[Co].[O-]C(=O)c1ncccc1C(=O)[O-].[OH2][Dy]([OH2])[OH2]&&hcb.cat0;NULHAF,0.8981
[Co].[O-]C(=O)c1ncccc1C(=O)[O-].[OH2][Ho]([OH2])[OH2]&&hcb.cat0;NULHEJ,0.8694
[Co].[O-]C(=O)c1ncccc1C(=O)[O-].[OH2][Er]([OH2])[OH2]&&hcb.cat0;NULHIN,0.7877
[Co].[O-]C(=O)c1ncccc1C(=O)[O-].[OH2][Tm]([OH2])[OH2]&&hcb.cat0;NULHOT,0.6577
[Cr].[O-]C(=O)C(=O)[O-].[O][La]([O])([O])[O]&&ERROR.cat3;NURVAZ,0.209
C[Si](c1ccc(cc1)n1cncc1)(c1ccc(cc1)n1cncc1)C.[Ag]&&ERROR.cat0;NUVGUH,0.7177
[O-]C(=O)C1=C[N]N=C1.[O-]C(=O)[C]1C=NN=C1.[Zn][O]([Zn])[Zn]&&UNKNOWN.cat0;NUVXOT,0.8984
[Cu].n1ccc(cc1)C1=C2C=CC3=[N]2[Cu]24n5c1ccc5C(=C1[N]2=C(C=C1)C(=c1n4c(=C3c2ccncc2)cc1)c1ccncc1)c1ccncc1&&sql.cat0;NUWCAK,0.3489
[O-]C(=O)c1ccc(cc1)c1c(C)[n-][nH]c1C.[Zn]&&dia.cat3;NUWVIM,0.796
[Cu].[O]CCNCc1cccnc1&&ERROR.cat1;NUYMIE,0.8422
N#Cc1ccc(cc1)[C](c1ccc(cc1)C#N)c1ccc(cc1)C#N.[Ag].[CH]C=[C][C](c1ccc(cc1)C#N)c1ccc(cc1)C#N.[N][Ag]&&ERROR.cat3;OBEDAA,0.7394
N#Cc1ccc(cc1)[C](C1=C(C=C([CH]1)C(C)(C)C)C(=O)c1ccc(cc1)C#N)O.N#Cc1ccc(cc1)[C](C1=C([CH]C(=C1)C(C)(C)C)C(=O)c1ccc(cc1)C#N)O.[Ag]&&ERROR.cat1;OBEKEM,0.8936
Cl[Cu].[Cu].n1ccc(cc1)CCc1ccncc1&&ERROR.cat3;OBONUO,0.8459
Cl[Cu].[Cu].n1ccc(cc1)C=Cc1ccncc1&&ERROR.cat1;OBOPAW,0.5655
[O-]C(=O)CC(=CC(=O)[O-])C(=O)[O-].[Zn][O]1[Zn][O]([Zn]1)[Zn].n1ccc(cc1)c1ccncc1&&ERROR.cat0;OBUFIB,0.8666
C1=CN2C(=[N]=C[N]2)N=C1.[O][Ag][Ag][O].c1ccn2c(n1)ncn2&&nbo.cat0;OCIYUW,0.3116
[C]#N.[O-]C(=O)c1ccnc(c1)c1nccc(c1)C(=O)[O-].[Ru].[Zn]&&UNKNOWN.cat1;ODEJEO,0.8938
CCC1(CC)c2cc(ccc2-c2c1cc(cc2)C#Cc1ccncc1)C#Cc1ccncc1.[Cu]&&sql.cat1;ODILIW,0.861
[Ag].c1ccc(cc1)P(c1ccccc1)c1cc(cc(c1)P(c1ccccc1)c1ccccc1)P(c1ccccc1)c1ccccc1&&UNKNOWN.cat1;ODIPAS,0.9005
[Ag].c1ccc(cc1)P(c1ccccc1)c1cc(cc(c1)P(c1ccccc1)c1ccccc1)P(c1ccccc1)c1ccccc1&&UNKNOWN.cat1;ODIPAS01,0.9072
I[Hg]I.[CH2]c1ccc(cc1)C1=[N]=C(N=C([N]1)c1ccc(cc1)Cn1cncc1)c1ccc(cc1)Cn1cncc1.[Hg][Hg]N1C=CN([CH]1)Cc1ccc(cc1)C1=[N]=C(N=C([N]1)c1ccc(cc1)Cn1cncc1)c1ccc(cc1)Cn1cncc1&&ERROR.cat1;ODITAX,0.8877
NC1=[N]=C(N=N1)N.[O-]C(=O)c1cc(cc(c1)C(=O)[O-])c1cc(cc(c1)C(=O)[O-])C(=O)[O-].[Zn].[Zn][Zn]&&UNKNOWN.cat0;ODIVUU,0.8608
[Cd].[O-]C(=O)c1ccc(cc1)[Si](c1ccc(cc1)C(=O)[O-])(c1ccc(cc1)C(=O)[O-])c1ccc(cc1)C(=O)[O-]&&UNKNOWN.cat0;ODIXAC,0.8787
[O-]C(=O)c1ccc(cc1)[Si](c1ccc(cc1)C(=O)[O-])(c1ccc(cc1)C(=O)[O-])c1ccc(cc1)C(=O)[O-].[O][Zn][Zn][O]&&pts.cat0;ODIXEG,0.8956
[Cd].[Cd][Cd].[O-]C(=O)C1=CC=[C]C=C1.[O-]C(=O)c1ccc(cc1)[Si].[O-][C]=O.[O]OC(=O)c1ccc(cc1)[Si](c1ccc(cc1)C(=O)[O-])C1=CC=[C]C=C1.[O][C][C]([O])[O].[O][Cd]12OO[Cd](O2)(OO1)([O])([O])[O]&&ERROR.cat1;ODIXIK,0.8846
[O-]C(=O)c1ccc(cc1)[Si](c1ccc(cc1)C(=O)[O-])(c1ccc(cc1)C(=O)[O-])c1ccc(cc1)C(=O)[O-].[Zn][OH]([Zn][OH]([Zn])[Zn])[Zn]&&kgd.cat0;ODODIW,0.8883
[O-]C(=O)c1ccc(cc1)[Si](c1ccc(cc1)C(=O)[O-])(c1ccc(cc1)C(=O)[O-])c1ccc(cc1)C(=O)[O-].[O-]C(=O)c1ccc(cc1)[Si](c1ccc(cc1)C(=O)[O-])c1ccc(cc1)C(=O)[O-].[O][Zn].[O][Zn][O]([Zn]([O])[O])([Zn]([O])[O])[Zn][O].[O][Zn][O]([Zn]([O])[O])[Zn]&&UNKNOWN.cat0;ODODUI,0.8987
[Cd].[O-]C(=O)c1cc(cc(c1)C(=O)[O-])C(=O)[O-]&&UNKNOWN.cat0;ODOXEK,0.8223
[O-]C(=O)c1ccc(cc1)c1ccc(cc1)C(=O)[O-].[Zn][O]([Zn][O]([Zn])[Zn])[Zn]&&dia.cat0;ODUNEH,0.8897
O=C(c1cccnc1)c1cccc(n1)C(=O)c1cccnc1.[Cu][Cu]&&ERROR.cat1;OFAKOX,0.8924
"Cl[Cu].n1ccc(cc1)N(c1ccncc1)c1ccc(cc1)N(c1ccncc1)c1ccncc1&&kgm,hcb.cat2;OFARAQ",0.8937
[O-]C(=O)c1ccc2c(c1)ccc(c2)C(=O)[O-].[O][Hf]123([O])[O]4[Hf]56[O]3[Hf]37([O]2[Hf]28[O]1[Hf]14([O]6[Hf]([O]53)([O]21)([O]78)([O])[O])([O])[O])([O])[O]&&bcu.cat0;OFAWAV,0.8966
[O-]C(=O)c1ccc2c(c1)ccc(c2)C(=O)[O-].[O][Hf]123([O])[O]4[Hf]56[O]3[Hf]37([O]2[Hf]28[O]1[Hf]14([O]6[Hf]([O]53)([O]21)([O]78)([O])[O])([O])[O])([O])[O]&&bcu.cat0;OFAWEZ,0.9042
Cc1ccc(cc1)C1=N[C](C(=N1)C(=O)[O-])C(=O)O.[OH2][Cd]&&lvt.cat0;OFEHAK,0.65
[Zn].n1ccc(cc1)c1cc(cc(n1)c1ccncc1)c1ccc(cc1)c1c2ccccc2cc2c1cccc2&&ERROR.cat1;OFIVOQ01,0.8905
"[Cd].[O-]C(=O)c1cc(N=Nc2cc(cc(c2)C(=O)[O-])C(=O)[O-])cc(c1)C(=O)[O-]&&pts,tfi.cat0;OFODAP",0.9017
Cl[Cd]Cl.[Cu].[O]c1ccccc1[CH][N]Cc1cccnc1&&ERROR.cat1;OFORUX,0.8156
O=C(c1cccnc1)Oc1cc2ccccc2cc1OC(=O)c1cccnc1.[Cu]&&UNKNOWN.cat5;OFUXUK,0.521
O=C(c1cccnc1)Oc1cc2ccccc2cc1OC(=O)c1cccnc1.[Cu]&&UNKNOWN.cat5;OFUYAR,0.7735
[O]c1cc(cc(c1)C(=O)[O-])C(=O)[O-].[Zn]&&apo.cat0;OFUYUL,0.8936
Oc1cc(cc(c1)C(=O)[O-])C(=O)[O-].[Zn]&&UNKNOWN.cat1;OFUZIA,0.8635
O=C1N2CN3C(=O)N4C5C3N3CN6C2C2N1CN1C(=O)N7C8C1N(CN2C6=O)C(=O)N8CN1C2N(C7)C(=O)N6C2N(C1=O)CN1C2N(C6)C(=O)N6CN7C(=O)N(C4)C4N(CN5C3=O)C(=O)N(C74)CN(C26)C1=O.[O][Yb]([O])([O])([O])[O]&&ERROR.cat0;OGAHOV,0.3864
O=C1N2CN3C(=O)N4C5C3N3CN6C2C2N1CN1C(=O)N7C8C1N(CN2C6=O)C(=O)N8CN1C2N(C7)C(=O)N6C2N(C1=O)CN1C2N(C6)C(=O)N6CN7C(=O)N(C4)C4N(CN5C3=O)C(=O)N(C74)CN(C26)C1=O.[O][Er]([O])([O])[O]&&ERROR.cat0;OGAJAJ,0.3319
O=C1N2CN3C(=O)N4C5C3N3CN6C2C2N1CN1C(=O)N7C8C1N(CN2C6=O)C(=O)N8CN1C2N(C7)C(=O)N6C2N(C1=O)CN1C2N(C6)C(=O)N6CN7C(=O)N(C4)C4N(CN5C3=O)C(=O)N(C74)CN(C26)C1=O.[O][Ho]([O])([O])([O])[O]&&ERROR.cat0;OGAJEN,0.325
O=C1N2CN3C(=O)N4C5C3N3CN6C2C2N1CN1C(=O)N7C8C1N(CN2C6=O)C(=O)N8CN1C2N(C7)C(=O)N6C2N(C1=O)CN1C2N(C6)C(=O)N6CN7C(=O)N(C4)C4N(CN5C3=O)C(=O)N(C74)CN(C26)C1=O.[O][Yb]([O])([O])[O]&&ERROR.cat0;OGAKUE,0.4097
O=C1N2CN3C(=O)N4C5C3N3CN6C2C2N1CN1C(=O)N7C8C1N(CN2C6=O)C(=O)N8CN1C2N(C7)C(=O)N6C2N(C1=O)CN1C2N(C6)C(=O)N6CN7C(=O)N(C4)C4N(CN5C3=O)C(=O)N(C74)CN(C26)C1=O.[O][Er]([O])([O])[O]&&ERROR.cat0;OGALEP,0.3236
O=C1N2CN3C(=O)N4C5C3N3CN6C2C2N1CN1C(=O)N7C8C1N(CN2C6=O)C(=O)N8CN1C2N(C7)C(=O)N6C2N(C1=O)CN1C2N(C6)C(=O)N6CN7C(=O)N(C4)C4N(CN5C3=O)C(=O)N(C74)CN(C26)C1=O.[O][Ho]([O])([O])[O]&&ERROR.cat0;OGALIT,0.3312
O=C1N2CN3C(=O)N4C5C3N3CN6C2C2N1CN1C(=O)N7C8C1N(CN2C6=O)C(=O)N8CN1C2N(C7)C(=O)N6C2N(C1=O)CN1C2N(C6)C(=O)N6CN7C(=O)N(C4)C4N(CN5C3=O)C(=O)N(C74)CN(C26)C1=O.[O][Dy]([O])([O])[O]&&ERROR.cat0;OGALOZ,0.3379
O=C1N2CN3C(=O)N4C5C3N3CN6C2C2N1CN1C(=O)N7C8C1N(CN2C6=O)C(=O)N8CN1C2N(C7)C(=O)N6C2N(C1=O)CN1C2N(C6)C(=O)N6CN7C(=O)N(C4)C4N(CN5C3=O)C(=O)N(C74)CN(C26)C1=O.[O][Gd]([O])([O])[O]&&ERROR.cat0;OGAMAM,0.3202
O=C1N2CN3C(=O)N4C5C3N3CN6C2C2N1CN1C(=O)N7C8C1N(CN2C6=O)C(=O)N8CN1C2N(C7)C(=O)N6C2N(C1=O)CN1C2N(C6)C(=O)N6CN7C(=O)N(C4)C4N(CN5C3=O)C(=O)N(C74)CN(C26)C1=O.[O][Y]([O])([O])[O]&&ERROR.cat0;OGAMOA,0.3498
[Cu].[O-]C(=O)c1ccc(cc1)C#Cc1cc(cc(c1)C(=O)[O-])C(=O)[O-].[O][Cu]([Cu]([O])[O])[O]&&agw.cat0;OGEBAF,0.8894
[O-]C(=O)c1cc(C(=O)[O-])c(cc1C(=O)[O-])C(=O)[O-].[Zn]&&nou.cat0;OGIBUD,0.8984
[Ni].n1ccc(cc1)c1ccc(cc1)c1ccc(cc1)c1ccncc1&&sql.cat1;OGODOD,0.8996
[Ni].n1ccc(cc1)c1ccc(cc1)c1ccc(cc1)c1ccncc1&&ERROR.cat1;OGODUJ,0.8979
[O-]C(=O)c1cc(C#Cc2ccc(cc2)C(=O)[O-])cc(c1)C#Cc1ccc(cc1)C(=O)[O-].[O][Cu][Cu]([O])[O].[O][Cu][Cu][O]&&pto.cat1;OGOJAX,0.8966
[O-]C(=O)c1ccc2-c3c(C(c2c1)(C)C)cc(cc3)C(=O)[O-].[Zn][Zn].n1ccc(cc1)c1ccncc1&&pcu.cat0;OGOWAJ,0.8637
Cl[Zn]Cl.c1ccc(cn1)c1ccc(cc1)C=NC1CCC(CC1)N=Cc1ccc(cc1)c1cccnc1&&ERROR.cat3;OGUGOO,0.8513
Cl[Zn]Cl.c1ccc(cn1)c1ccc(cc1)C=NC1CCC(CC1)N=Cc1ccc(cc1)c1cccnc1&&ERROR.cat3;OGUGUU,0.8539
Cl[Zn]Cl.c1ccc(cn1)c1ccc(cc1)C=NC1CCC(CC1)N=Cc1ccc(cc1)c1cccnc1&&ERROR.cat3;OGUHAB,0.8556
Cl[Zn]Cl.c1ccc(cn1)c1ccc(cc1)C=NC1CCC(CC1)N=Cc1ccc(cc1)c1cccnc1&&ERROR.cat3;OGUHEF,0.8649
[C]#N.[Cu].[S]12[Cu]345[Cu]671[W]1823[S]4[Cu]561[S]78&&ERROR.cat1;OGUMUA,0.7685
[Cu][Cu].[O-]C(=O)c1cc(OCc2ccncc2)cc(c1)C(=O)[O-]&&apo.cat0;OHAGAH,0.89
[Cu][Cu].[O-]C(=O)c1cc(OCc2cccnc2)cc(c1)C(=O)[O-]&&eea.cat0;OHAGEL,0.8918
[Cd].[O-]C(=O)c1ccc(cc1)n1cncc1&&dia.cat0;OHAKEO,0.8564
C(CCN1[N]C=N[CH]1)CCCN1[N]C=N[CH]1.[Ni]&&ERROR.cat1;OHALEP,0.872
C(Cc1ccncc1)Cc1ccncc1.[O-]C(=O)c1ccc(cc1)N(c1ccc(cc1)C(=O)[O-])c1ccccc1.[Zn]&&UNKNOWN.cat1;OHANAO,0.8891
[Cd].[O-]C(=O)C(NC(=O)C[NH3])CCC(=O)[O-]&&qtz.cat0;OHETIE,0.8224
Cc1[nH][n-]c(c1c1c(C)[n-][nH]c1C)C.[Co].[O]S(S([O])([O])[O])([O])[O]&&kag.cat0;OHOFIA,0.9056
CC1=N[N]C(=C1c1c(C)[n-][nH]c1C)C.C[C]1N=NC(=C1c1c(C)[n-][nH]c1C)C.[Zn]&&kgm.cat0;OHOFOG,0.902
[O-]C(=O)c1ccc2c(c1)cc(cc2)C(=O)[O-].[Zn]&&UNKNOWN.cat0;OHOLIH,0.8683
[O-]C(=O)c1ccc(cc1)c1cc(cc(c1)c1ccc(cc1)C(=O)[O-])c1ccc(cc1)C(=O)[O-].[OH]1[Be][OH][Be][OH][Be][OH][Be][OH][Be][OH][Be][OH][Be][OH][Be][OH][Be][OH][Be][OH][Be][OH][Be]1&&fon.cat0;OHUKIM,0.8948
[Ag].[O]S(c1cc(ccc1c1cc(nc(c1)c1ccncc1)c1ccncc1)S([O])([O])[O])([O])[O]&&ERROR.cat1;OJAFOW,0.8491
[OH2][Zn][OH2].n1ccc(cc1)C1=C[CH]N(C=C1)CCc1ccc(cc1)c1ccncc1&&sql.cat1;OJICAM,0.8046
[OH2][Zn][OH2].[O]S(=O)(=O)[O].[Zn].n1ccc(cc1)C1=C[CH]N(C=C1)CCc1ccc(cc1)c1ccncc1&&ERROR.cat0;OJICEQ,0.8688
[O-]C(=O)c1ccc(cc1)C(=O)[O-].[OH2][Sc][O]([Sc][OH2])[Sc][OH2]&&acs.cat0;OJICUG,0.8941
O=C1N(c2ccncc2)C(=O)c2c3c1ccc1c3c(cc2)C(=O)N(C1=O)c1ccncc1.[O-]C(=O)c1ccc(cc1)C(=O)[O-].[Zn][Zn]&&pcu.cat1;OJIWAG,0.8505
O=C1N(c2ccncc2)C(=O)c2c3c1ccc1c3c(cc2)C(=O)N(C1=O)c1ccncc1.[O-]C(=O)c1ccc(cc1)C(=O)[O-].[Zn][Zn]&&hxl.cat0;OJIWIO,0.6255
[O-]C(=O)C(=O)[O-].[O][Er]([O])[O]&&ERROR.cat0;OJONOQ,0.9129
N#Cc1ccc(cc1)N(c1ccc(cc1)C#N)c1ccc(cc1)C#N.[Ag][OH2][Ag]&&kgd.cat0;OKIJUO,0.6021
N#Cc1ccc(cc1)N(c1ccc(cc1)C#N)c1ccc(cc1)C#N.[Ag][OH2][Ag]&&kgd.cat0;OKIKAV,0.844
N#Cc1ccc(cc1)N(c1ccc(cc1)C#N)c1ccc(cc1)C#N.[Ag][OH2][Ag]&&kgd.cat0;OKIKEZ,0.8649
[O-]C(=O)C1=C([N]C(=N1)c1ccccc1)C(=O)[O-].[OH2][Mn][OH2]&&ERROR.cat0;OKILEA,0.8878
S(Cc1ccncc1)Cc1ccncc1.[Ag].[O-]C(=O)c1ccc(cc1)C(=O)[O-]&&hcb.cat0;OKIRIK,0.8886
[Cu].[O]N1[C]([N]C(C1(C)C)(C)C)C([C]1[N]C(C(N1[O])(C)C)(C)C)(C)C&&ERROR.cat3;OKUHEI,0.7324
[O][As]([O])[O].[Pb]&&ERROR.cat1;OKUWUN,0.8355
[C]1[C]N2[C][C]N1[C][C]2.[O-]C(=O)C1=[C]C(=C([C]=C1Cl)C(=O)[O-])Cl.[Zn][Zn]&&pcu.cat0;OLEKUM,0.2488
Cl[Cu].O=P(Nc1cccnc1)(Nc1cccnc1)Nc1cccnc1.[Cu]&&ERROR.cat3;OLOCAU,0.8627
O=C(c1ccc(cc1)C(=O)[O-])[N]c1ccc(cc1)C(=O)[O-].[Zn][O]([Zn])([Zn])[Zn]&&pcu.cat1;OLOGEC,0.9036
C(Cn1cncc1)CCn1cncc1.[O-]C(=O)c1cccc(c1)C(=O)[O-].[OH2][Cu]&&tcb.cat0;OLUCAZ,0.8673
[O-]C(=O)c1ccc(cc1)c1ccc(cc1)C(=O)[O-].[OH2][Zn]&&ERROR.cat0;OMEYEL,0.7951
O=C1OCC(N1c1cc(ccc1C(=O)[O-])c1cc(cc(c1)c1ccc(c(c1)N1C(=O)OCC1Cc1ccccc1)C(=O)[O-])c1ccc(c(c1)N1C(=O)OCC1Cc1ccccc1)C(=O)[O-])Cc1ccccc1.[Zn]&&ERROR.cat0;ONEYOW,0.8706
[Gd].[O]c1ccccc1C=[NH]CC[NH]=Cc1ccccc1[O]&&hcb.cat1;ONURAR,0.8951
[Co].[O-]C(=O)CC(C(=O)[O-])N.n1ccc(cc1)C=Cc1ccncc1&&UNKNOWN.cat0;OPIPOT,0.7992
[Cu].n1ccnc(c1)N1CCN(CC1)c1nccnc1&&sql.cat0;OPIYOC,0.7267
[Ni].n1ccnc(c1)N1CCN(CC1)c1nccnc1&&sql.cat1;OPIZAP,0.7729
[N]1C=NN=C1.[O-]C(=O)Cc1ccccc1C(=O)[O-].[Zn]&&ERROR.cat0;OPOBIF,0.8299
[Cd].[N]([CH]c1ccncc1)[N][CH]c1ccncc1.[O-]C(=O)c1ccc2-c3c(C(c2c1)(C)C)cc(cc3)C(=O)[O-]&&pcu.cat1;OPOZEZ,0.8872
[Cd].[O-]C(=O)c1cc(ccc1C(=O)[O-])C(C(F)(F)F)(C(F)(F)F)c1ccc(c(c1)C(=O)[O-])C(=O)[O-].[OH2][Cd]&&UNKNOWN.cat0;OQEPUW,0.8809
[Cd].[O-]C(=O)c1ccc(cc1)C1=C2C=CC3=[N]2[Pd]24n5c1ccc5C(=C1[N]2=C(C=C1)C(=c1n4c(=C3c2ccc(cc2)C(=O)[O-])cc1)c1ccc(cc1)C(=O)[O-])c1ccc(cc1)C(=O)[O-]&&pts.cat0;OQEROS,0.8441
[Cd].[O-]C(=O)c1ccc(cc1)C1=C2C=CC3=[N]2[Pd]24n5c1ccc5C(=C1[N]2=C(C=C1)C(=c1n4c(=C3c2ccc(cc2)C(=O)[O-])cc1)c1ccc(cc1)C(=O)[O-])c1ccc(cc1)C(=O)[O-]&&UNKNOWN.cat0;OQERUY,0.8441
[Cd].[O-]C(=O)c1ccc(cc1)C1=C2C=CC3=[N]2[Pd]24n5c1ccc5C(=C1[N]2=C(C=C1)C(=c1n4c(=C3c2ccc(cc2)C(=O)[O-])cc1)c1ccc(cc1)C(=O)[O-])c1ccc(cc1)C(=O)[O-].[O][Cd][O]&&ERROR.cat0;OQESAF,0.8342
[Cd].[O-]C(=O)c1ccc(cc1)C1=C2C=CC3=[N]2[Pd]24n5c1ccc5C(=C1[N]2=C(C=C1)C(=c1n4c(=C3c2ccc(cc2)C(=O)[O-])cc1)c1ccc(cc1)C(=O)[O-])c1ccc(cc1)C(=O)[O-]&&pts.cat0;OQESEJ,0.8436
[O-]C(=O)c1ccc(cc1)c1cc(cc(c1)C(=O)[O-])C(=O)[O-].[OH2][Yb]&&UNKNOWN.cat0;OQETEK,0.8834
Cc1c(CN2[N]C=N[CH]2)c(C)c(c(c1CN1[N]C=N[CH]1)C)CN1[N]C=N[CH]1.Cc1c(CN2[N]C=N[CH]2)c(C)c(c(c1CN1[N]C=N[CH]1)C)Cn1ncnc1.O[Cu].[Cu]&&fjh.cat0;OQIQUB,0.8552
Cc1c(CN2[CH]N=C[N]2)c(C)c(c(c1CN1[CH]N=C[N]1)C)CN1[C]=N[C]=N1.Cc1c(CN2[CH]N=C[N]2)c(C)c(c(c1CN1[C]=N[C]=N1)C)Cn1cncn1.[Cu]&&fjh.cat0;OQIQUB01,0.8673
Cc1c(CN2[N]C=N[CH]2)c(C)c(c(c1CN1[N]C=N[CH]1)C)Cn1ncnc1.[Cu]&&fjh.cat0;OQIRAI,0.8737
[O-]C(=O)c1ccc(cc1)[N][N]c1ccc(cc1)C(=O)[O-].[O][Cd]&&ERROR.cat1;OSAWUB,0.8685
I[Zn]I.n1ccc(cc1)C1=NC(=[N]=C([N]1)c1ccncc1)c1ccncc1&&srs.cat1;OSIKIL,0.7944
CCC1=NN=C[N]1.[Ag].[Ag][Ag]&&UNKNOWN.cat0;OSIWOD01,0.7562
CCC1=NN=C[N]1.[Ag].[Ag][Ag]&&UNKNOWN.cat0;OSIXEU,0.7527
CCC1=NN=C[N]1.[Ag].[Ag][Ag]&&UNKNOWN.cat0;OSIXIY,0.7577
[O-]C(=O)c1ccc(cc1)C(C(F)(F)F)(C(F)(F)F)c1ccc(cc1)C(=O)[O-].[Zn].c1ncn(c1)Cc1ccc(cc1)Cn1cncc1&&hcb.cat0;OTAQUW,0.857
[O-]C(=O)c1ccc(cc1)C(C(F)(F)F)(C(F)(F)F)c1ccc(cc1)C(=O)[O-].[Zn].c1ccc2c(c1)n(cn2)Cc1ccc(cc1)c1ccc(cc1)Cn1cnc2c1cccc2&&cdl.cat0;OTARIL,0.6092
[O-]C(=O)C1=[C]C2=C([C]=[C]1)c1c(S2(=O)=O)cc(cc1)C(=O)[O-].[O-]C(=O)C1=[C][C]=C2C(=[C]1)S(=O)(=O)c1c2ccc(c1)C(=O)[O-].[O-]C(=O)c1ccc2-c3c(S(=O)(=O)c2c1)cc(cc3)C(=O)[O-].[Zn]1[Zn][C]1.[Zn][Zn]&&sql.cat2;OVEDUP,0.849
Cl[Co]Cl.n1ccc(cc1)c1nc(c([nH]1)c1ccncc1)c1ccncc1&&UNKNOWN.cat1;OVEKIK,0.8031
Nn1c(nnc1c1cccc(c1)C(=O)[O-])c1cccc(c1)C(=O)[O-].[Zn]&&ERROR.cat1;OVEYIY,0.8908
[O-]C(=O)c1ccc(nc1)SSc1ccc(cn1)C(=O)[O-].[Zn][Zn]&&UNKNOWN.cat0;OVICUS,0.8177
[O-]C(=O)CN(c1cc(cc(c1)C(=O)[O-])C(=O)[O-])CC(=O)[O-].[O][Ni](O[Ni]([O])([O])[O])[O].[O][Ni][O]&&UNKNOWN.cat0;OVIZEZ,0.8516
Cc1c(CN2[N]C=N[CH]2)c(C)c(c(c1CN1[N]C=N[CH]1)C)CN1[N]C=N[CH]1.[O-]C(=O)C=CC(=O)[O-].[OH2][Zn][OH2]&&ERROR.cat0;OWABUK,0.9043
CC1=NN=C([N]1)C.[O-]C(=O)c1cc(cc(c1)C(=O)[O-])C(=O)[O-].[O][Zn].[O][Zn]([O])[O].[Zn]&&UNKNOWN.cat0;OWAVIS,0.8982
CC1=NN=C([N]1)C.CC1=[N]=C(N=N1)C.[O-]C(=O)c1cc(cc(c1)C(=O)[O-])C(=O)[O-].[Zn]&&UNKNOWN.cat0;OWAVOY,0.883
O=C1N(Cc2ccncc2)C(=O)c2c3c1ccc1c3c(cc2)C(=O)N(C1=O)Cc1ccncc1.[Cd].[S]C#N&&sql.cat0;OWEYIZ,0.7874
O=C1[CH]C(=O)C(=O)[CH]C1=O.[Zn]&&srs.cat1;OWITAQ,0.9009
O=C1[CH]C(=O)C(=O)[CH]C1=O.[Co]&&srs.cat1;OWITEU,0.9006
O=C1[CH]C(=O)C(=O)[CH]C1=O.[Mn].[O]c1cc([O])c(cc1[O])[O]&&srs.cat1;OWITIY,0.8982
O=C1[CH]C(=O)C(=O)[CH]C1=O.[Ni]&&srs.cat1;OWITOE,0.8994
O=C1[CH]C(=O)C(=O)[CH]C1=O.[Fe]&&srs.cat1;OWITUK,0.8991
O=C1[CH]C(=O)C(=O)[CH]C1=O.[Zn]&&srs.cat1;OWIVAS,0.8966
Cl[C]1C(=O)C(=O)[C](C(=O)C1=O)Cl.[Mn]&&srs.cat1;OWIVEW,0.8919
[O-]C(=O)c1ccc(cc1)C#Cc1ccc(cc1)C(c1ccc(cc1)C#Cc1ccc(cc1)C(=O)[O-])(c1ccc(cc1)C#Cc1ccc(cc1)C(=O)[O-])c1ccc(cc1)C#Cc1ccc(cc1)C(=O)[O-].[O][Cu][Cu][O]&&pts.cat1;OWIZAW,0.9037
[Co].[O-]C(=O)c1ccc(cc1)OCC(COc1ccc(cc1)C(=O)[O-])(COc1ccc(cc1)C(=O)[O-])COc1ccc(cc1)C(=O)[O-]&&kgd.cat0;OXALAB,0.8977
[Mn].[O-]C(=O)c1ccc(cc1)OCC(COc1ccc(cc1)C(=O)[O-])(COc1ccc(cc1)C(=O)[O-])COc1ccc(cc1)C(=O)[O-]&&kgd.cat0;OXALEF,0.8955
[In].[O-]C(=O)c1ccc(cc1)OCC(COc1ccc(cc1)C(=O)[O-])(COc1ccc(cc1)C(=O)[O-])COc1ccc(cc1)C(=O)[O-].[O]&&UNKNOWN.cat0;OXALUV,0.8927
[Cu].[Cu][Cu].[O-]C(=O)c1ccc(cc1)C1=NN=N[N]1.[O-]C(=O)c1ccc(cc1)C1=N[N]N=N1.[O-]C(=O)c1ccc(cc1)C1=N[N][N][N]1&&UNKNOWN.cat0;OYIVEY,0.8739
Cc1nccn1[BH](n1ccnc1C)n1ccnc1C.[O-]C(=O)c1ccccc1c1ccccc1C(=O)[O-].[Zn]&&UNKNOWN.cat0;OYODEM,0.8964
[Ni][O]([Ni])[Ni].[O-]C(=O)c1ccc(cc1)C(=O)[O-].[O-]C(=O)c1ccncc1&&ncb.cat0;OYUJUO,0.8855
[Co].[O-]C(=O)c1cc(cc(c1)P(=O)([O])[O])C(=O)[O-].[Zn]&&rtl.cat0;OYUSAD,0.8937
[Cu][Cu].[O-]C(=O)c1cccc(c1)C(=O)[O-]&&kgm.cat1;PACFOP,0.8871
[Cd].[O-]C(=O)C(CC(=O)[O-])CC(=O)[O-]&&ERROR.cat1;PALWIK,0.8099
[CH]C=C(C1=NN=N[N]1)C=[CH].[Cd].[Cd]n1nnc(n1)c1ccncc1.n1ccc(cc1)C1=NN=N[N]1.n1ccc(cc1)C1=N[N]N=N1&&UNKNOWN.cat0;PANYEK,0.8843
[O-]C(=O)CCn1c(=O)n(CCC(=O)[O-])c(=O)n(c1=O)CCC(=O)[O-].[Zn]&&zyl.cat0;PANYOU,0.889
[C]#N.[Mo].[OH2][Eu][OH4].[OH4][Eu][OH2]&&ERROR.cat3;PAPWIO,0.7706
[Cd][Cd].[O-]C(=O)c1cc(cc(c1)C(=O)[O-])C(=O)[O-]&&rtl.cat0;PARKUQ01,0.0719
[Cu].[O-]C(=O)c1nccnc1C(=O)[O-]&&fes.cat1;PASFAS,0.7617
[Cu].[O-]C(=O)c1nccnc1C(=O)[O-]&&fes.cat1;PASFEW,0.804
[Cu].[O-]C(=O)c1nccnc1C(=O)[O-]&&fes.cat1;PASFIA,0.7817
"[Cu].[O-]C(=O)CN(c1cc(ccc1C(=O)[O-])C(=O)[O-])CC(=O)[O-].[O][Cu].n1ccc(cc1)c1ccncc1&&sql,UNKNOWN.cat0;PASJIE",0.8715
[Cu].[O-]C(=O)C(C(=O)[O-])([O])[O].[O][Cu].[O][La]([O])[O]&&ERROR.cat0;PASLUS,0.62
O=C1N(c2cccnc2)C(=O)C2C1C1C=CC2C2C1C(=O)N(C2=O)c1cccnc1.[OH2][Cd][OH2]&&UNKNOWN.cat0;PATQEI,0.736
[O-]C(=O)c1ccc(cc1)c1ccc(cc1)N(c1ccc(cc1)c1ccc(cc1)C(=O)[O-])c1ccc(cc1)c1ccc(cc1)C(=O)[O-].[OH2][Zn][OH2].[Zn][Zn].n1ccc(cc1)c1ccncc1&&UNKNOWN.cat0;PATWOY,0.8463
CN(C(=O)c1cccc(n1)C(=O)N(c1ccncc1)C)c1ccncc1.[Ag]&&ERROR.cat0;PAVKIH,0.7788
[Ag].n1ccnc(c1)c1nnc(o1)c1nccnc1&&bcu.cat0;PAVLUU,0.7719
Br[Zn]Br.O=C(C(=O)NCc1ccncc1)NCc1ccncc1&&ERROR.cat1;PAVREK,0.8298
Cl[Zn]Cl.O=C(C(=O)NCc1ccncc1)NCc1ccncc1&&ERROR.cat1;PAVRIO,0.8017
Cl[Ti](Cl)(Cl)Cl.N#Cc1ccc(cc1)[Si]1(c2ccc(cc2)[C][N][Ti]([N][C]c2ccc1cc2)(Cl)(Cl)(Cl)Cl)c1ccc(cc1)C#N&&ERROR.cat1;PAXMOQ,0.8532
[Co].c1ccc2c(c1)n(CCCCn1cnc3c1cccc3)cn2&&hcb.cat1;PEBFEI,0.7289
[Ni]O[Ni].[O-]C(=O)c1ccc(cc1)Oc1ccc(cc1)C(=O)O.n1ccc(cc1)c1ccncc1&&bcu.cat1;PEBXIF,0.7792
[O-]C(=O)c1ccc(cc1)C(=O)[O-].[Zn][O]([Zn])([Zn])[Zn]&&pcu.cat0;PEDRIA,0.9027
[O-]C(=O)c1ccc(nc1)c1ccc(cn1)C(=O)[O-].[O][Gd]O[Gd][O]&&UNKNOWN.cat0;PEFRUP,0.8941
[O-]C(=O)c1ccc(cc1)C1=C(SC(=C2SC(=C(S2)c2ccc(cc2)C(=O)[O-])c2ccc(cc2)C(=O)[O-])S1)c1ccc(cc1)C(=O)[O-].[OH2][Zn][OH2].[Zn]&&ERROR.cat0;PEGCIP,0.8687
"N1=C[N]N([CH]1)[BH](n1ncnc1)n1ncnc1.[Fe].[Rh][Rh].n1cnn(c1)[BH](n1ncnc1)n1ncnc1&&pem,UNKNOWN.cat0;PEHBIO",0.8928
C(Cc1ccncc1)Cc1ccncc1.O=C1O[Cu]2N3[C]1C=CC=C3C(=O)O2.[Cu][Cu]&&ERROR.cat0;PEHTON,0.8964
[O-]C(=O)c1cc(cc(c1)C(=O)[O-])C(=O)[O-].[Zn]&&ctn.cat0;PEJNOJ,0.8971
[O-]C(=O)c1cc(cc(c1)C(=O)[O-])C(=O)[O-].[Zn]&&UNKNOWN.cat0;PEJNUP,0.8763
[O-]C(=O)c1cc(cc(c1)C(=O)[O-])C(=O)[O-].[Zn]&&UNKNOWN.cat0;PEJPEB,0.8597
C1=CN([CH][N]1)c1ccc(cc1)n1ccnc1.[Co][Co].[O-]C(=O)c1ccc(cc1)OCC(COc1ccc(cc1)C(=O)[O-])(COc1ccc(cc1)C(=O)[O-])COc1ccc(cc1)C(=O)[O-]&&cdq.cat1;PEJRAZ,0.8863
[Co][Co].[O-]C(=O)C1=CC=C([C]=C1)OCC(COc1ccc(cc1)C(=O)[O-])(COc1ccc(cc1)C(=O)[O-])COC1=[C]C=C(C=C1)C(=O)[O-].[O-]C(=O)c1ccc(cc1)OCC(COc1ccc(cc1)C(=O)[O-])(COc1ccc(cc1)C(=O)[O-])COC1=CC=[C]C=C1.[O-]C(=O)c1ccc(cc1)OCC(COc1ccc(cc1)C(=O)[O-])(COc1ccc(cc1)C(=O)[O-])COc1ccc(cc1)C(=O)[O-].[O][Co][Co]([O])[N].c1ncn(c1)c1ccc(cc1)c1ccc(cc1)n1cncc1&&UNKNOWN.cat0;PEJRIH,0.8789
[O-]C(=O)c1cc(cc(c1)C(=O)O)C(=O)[O-].[OH2][Cd].n1ccc(cc1)c1ccc(s1)c1ccncc1&&sql.cat1;PEKTIK,0.8407
[Co].[O-]C(=O)c1cc(cc(c1)C(=O)O)C(=O)[O-].n1ccc(cc1)c1ccc(s1)c1ccncc1&&UNKNOWN.cat0;PEKTOQ,0.8586
[O-]C(=O)c1ccc(cc1)Oc1ccc(cc1)C(=O)[O-].[Zn].n1ccc(cc1)c1ccc(s1)c1ccncc1&&UNKNOWN.cat1;PEKTUW,0.8958
Br[Cu]12[S]3[W]4562[S]1[Cu]5([S]6[Cu]34)Br.N1=[C][C]=C([C]=[C]1)C1=[C][C]=N[C]=[C]1&&ERROR.cat3;PEKYAG,0.8681
Cl[Cd].Cl[Cd]Cl.[Cd].c1ncn(c1)c1ccc(cc1)c1ccc(cc1)n1cncc1&&cds.cat0;PELWEK,0.3783
Nc1nc2c(s1)cc(cc2)C(=O)[O-].[Cd]&&sql.cat1;PELWUA,0.8601
CC(c1cc2Sc3cc(cc(c3OCc3cccnc3)Sc3cc(cc(Sc4c(c(Sc(c1)c2OCc1cccnc1)cc(c4)C(C)(C)C)OCc1cccnc1)c3OCc1cccnc1)C(C)(C)C)C(C)(C)C)(C)C.[Ag]&&sql.cat1;PEMHAS,0.6463
[Ag].[Ag]N1C=CC=C([CH]1)COc1c2Sc3cc(cc(c3OCC3=CC=CN([CH]3)[Ag])Sc3cc(cc(Sc4c(c(Sc1cc(c2)C(C)(C)C)cc(c4)C(C)(C)C)OCc1cccnc1)c3OCc1cccnc1)C(C)(C)C)C(C)(C)C&&ERROR.cat1;PEMHEW,0.768
[Cd].[O-]C(=O)c1ccc(cc1)CN1CCN(CCN(CCN(CC1)Cc1ccc(cc1)C(=O)[O-])Cc1ccc(cc1)C(=O)[O-])Cc1ccc(cc1)C(=O)[O-].[O][Cd]&&ins.cat0;PEMREG,0.8925
C(Cc1ccncc1)Cc1ccncc1.[O-]C(=O)c1ccc(o1)C(=O)[O-].[O][Zn].[Zn]&&bnn.cat0;PENNUT,0.8887
[O-]C(=O)c1ccc(cc1)C(=O)[O-].[O].[V]&&rna.cat0;PEPLOM,0.8769
[Bi].[N][C]1[C]([O])[C]([N])[C]([C]([C]1[O])[N])[O]&&ERROR.cat2;PERRAF01,0.8643
[O-]C(=O)C1=C[C]=C([C]=C1)C(=O)[O-].[Zn][O]([Zn])([Zn])[Zn]&&pcu.cat0;PEVPUD,0.8982
[O-]C(=O)C1=C[C]=C([C]=C1)C(=O)[O-].[Zn][O]([Zn])([Zn])[Zn]&&pcu.cat0;PEVQAK,0.8972
[O-]C(=O)c1ccc(cc1)C(=O)[O-].[Zn][O]([Zn])([Zn])[Zn]&&pcu.cat0;PEVQEO,0.8998
[O-]C(=O)C1=[C][C]=C([C]=[C]1)C(=O)[O-].[Zn][O]([Zn])([Zn])[Zn]&&pcu.cat0;PEVQIS,0.8986
[O-]C(=O)C1=[C][C]=C([C]=[C]1)C(=O)[O-].[Zn][O]([Zn])([Zn])[Zn]&&pcu.cat0;PEVQOY,0.9034
[O][Cu][O].n1ccc(cc1)CCc1ccncc1&&UNKNOWN.cat1;PEVVAO,0.3796
CC1=NN=C([N]1)C.[OH2][Cu][OH]1[Cu]O[Cu]1&&ERROR.cat0;PEWGEF,0.902
N#C[N]C#N.[Ni].n1ccc(cc1)CCc1ccncc1&&pcu.cat1;PEWXUL01,0.8304
O=C1N2CN3C(=O)N4C5C3N3CN6C2C2N1CN1C(=O)N7C8C1N(CN2C6=O)C(=O)N8CN1C2N(C7)C(=O)N6C2N(C1=O)CN1C2N(C6)C(=O)N6C2N(C1=O)CN1C2C7N(CN8C(=O)N(C4)C4N(CN5C3=O)C(=O)N(C84)CN7C1=O)C(=O)N2C6.[O][Er]([O])([O])([O])[O]&&UNKNOWN.cat1;PEXROB,0.522
O=C1N2CN3C(=O)N4C5C3N3CN6C2C2N1CN1C(=O)N7C8C1N(CN2C6=O)C(=O)N8CN1C2N(C7)C(=O)N6C2N(C1=O)CN1C2N(C6)C(=O)N6C2N(C1=O)CN1C2C7N(CN8C(=O)N(C4)C4N(CN5C3=O)C(=O)N(C84)CN7C1=O)C(=O)N2C6.[O][Gd]([O])([O])([O])[O]&&UNKNOWN.cat1;PEXSAO,0.5737
O=C1N2CN3C(=O)N4C5C3N3CN6C2C2N1CN1C(=O)N7C8C1N(CN2C6=O)C(=O)N8CN1C2N(C7)C(=O)N6C2N(C1=O)CN1C2N(C6)C(=O)N6C2N(C1=O)CN1C2C7N(CN8C(=O)N(C4)C4N(CN5C3=O)C(=O)N(C84)CN7C1=O)C(=O)N2C6.[O][Sm]([O])([O])([O])[O]&&UNKNOWN.cat1;PEXSES,0.5017
O=C1N2CN3C(=O)N4C5C3N3CN6C2C2N1CN1C(=O)N7C8C1N(CN2C6=O)C(=O)N8CN1C2N(C7)C(=O)N6C2N(C1=O)CN1C2N(C6)C(=O)N6C2N(C1=O)CN1C2C7N(CN8C(=O)N(C4)C4N(CN5C3=O)C(=O)N(C84)CN7C1=O)C(=O)N2C6.[O][Yb]([O])([O])([O])[O]&&UNKNOWN.cat1;PEXTET,0.5942
OC(=O)CCP(=O)([O])[O].[O][La]1([O])O[W]23([O])O[W]45([O])O[W]67(O[W](O1)(O3)([O])O[W](O7)([O])O[W]1(O[W](O4)(O6)([O])O[W](O[W](O2)(O5)[O])([O])O1)[O])[O]&&ERROR.cat3;PEYRES,0.3814
N#C[N]C#N.[Ni].n1ccc(cc1)CCc1ccncc1&&pcu.cat1;PEYSIW,0.8358
[C]=C[C][C]C=C[C][C]=O.[C]=C[C][C]C=C[C][C]=O.[C][C]=C[C](c1ccc(cc1)C(=O)[O-])C=[C][CH].[O-]C(=O)C1=CC=[C]C=C1.[O-]C(=O)c1ccc(cc1)c1cc(cc(c1)c1ccc(cc1)C(=O)[O-])c1ccc(cc1)C(=O)[O-].[OH2][La]&&ERROR.cat0;PEZCII,0.2081
S=[C]1=NN=C(O1)c1ccncc1.[OH2][Co][OH2]&&sql.cat0;PIBFEM,0.8593
[O-]C(=O)c1ccc(cc1)C1=NC(=[N]=C([N]1)c1ccc(cc1)C(=O)[O-])c1ccc(cc1)C(=O)[O-].[O][Zn].[Zn]&&ERROR.cat0;PIBNUK,0.8982
[O-]C(=O)c1ccc(cc1)C1=NC(=[N]=C([N]1)c1ccc(cc1)C(=O)[O-])c1ccc(cc1)C(=O)[O-].[O][Zn].[Zn]&&ERROR.cat0;PIBNUK01,0.901
[O-]C(=O)c1ccc(cc1)C1=NC(=[N]=C([N]1)c1ccc(cc1)C(=O)[O-])c1ccc(cc1)C(=O)[O-].[O][C][C]([O])[O].[Zn]&&UNKNOWN.cat0;PIBPAS,0.8814
[O-]C(=O)c1ccc(cc1)C1=NC(=[N]=C([N]1)c1ccc(cc1)C(=O)[O-])c1ccc(cc1)C(=O)[O-].[O][C]1O[C]1[O].[Zn]&&UNKNOWN.cat0;PIBPAS01,0.8951
[Cd].[O-]C(=O)c1ccc(cc1)C1=NC(=[N]=C([N]1)c1ccc(cc1)C(=O)[O-])c1ccc(cc1)C(=O)[O-].[O][Cd]&&ERROR.cat0;PIBPIA,0.9058
O=C=O.[Mn].[O-]C(=O)c1ccc(cc1)C1=C2C=CC(=C(c3ccc(cc3)C(=O)[O-])C3=NC(=C(C4=CC=C(C(=C5N=C1C=C5)c1ccc(cc1)C(=O)[O-])[N]4)c1ccc(cc1)C(=O)[O-])C=C3)[N]2.[Zn][Zn]&&ERROR.cat0;PIBXOP,0.8943
O=C=O.[Cd][Cd].[Mn].[O-]C(=O)c1ccc(cc1)C1=C2C=CC(=C(c3ccc(cc3)C(=O)[O-])C3=NC(=C(C4=CC=C(C(=C5N=C1C=C5)c1ccc(cc1)C(=O)[O-])[N]4)c1ccc(cc1)C(=O)[O-])C=C3)[N]2&&ERROR.cat0;PIBXUV,0.8995
[O-]C(=O)c1ccc(cc1)C(=O)[O-].[Zn]&&bcg.cat0;PICTIG,0.8791
O=C=O.[O-]C(=O)c1ccc(cc1)C1=C2C=CC3=[N]2[Fe]2456(n7c1ccc7C(=C1[N]5=C(C=C1)C(=c1n6c(=C3c3ccc(cc3)C(=O)[O-])cc1)c1ccc(cc1)C(=O)[O-])c1ccc(cc1)C(=O)[O-])O[Fe]4O2.[Zn][Zn]&&fsc.cat0;PICZAE,0.8942
[O-]C(=O)c1ccc(cc1)N(c1ccc(cc1)C(=O)[O-])c1ccc(cc1)C(=O)[O-].[Zn]&&UNKNOWN.cat0;PIFPIE,0.8916
Cc1[nH][n-]c(c1[Se]c1c(C)[n-][nH]c1C)C.Cl[Cu]Cl&&UNKNOWN.cat1;PIHCIT,0.8512
[Mn].[O-]C(=O)c1cccc(c1)c1ccncc1&&ant.cat0;PIHJOH,0.7882
Cl[Hg]Cl.c1ccc2c(c1)n(cn2)Cc1ccc(cc1)Cn1cnc2c1cccc2&&ERROR.cat1;PIHPON,0.8668
[O]P(=O)(Nc1ccncc1)Nc1ccncc1.[Zn]&&hcb.cat1;PIHQUU01,0.8217
[O]P(=O)(Nc1ccncc1)Nc1ccncc1.[Zn]&&hcb.cat1;PIHREF,0.827
[La].[O-]C(=O)c1ccc(s1)c1cc(cc(c1)c1ccc(s1)C(=O)[O-])c1ccc(s1)C(=O)[O-]&&tsg.cat0;PIHWAG,0.5901
[Cd].[O-]C(=O)c1ccc2c(c1)c1ccc(cc1c1c2cc(cc1)C(=O)[O-])C(=O)[O-]&&the.cat0;PIJJEZ,0.788
[Ce].[O-]C(=O)c1ccc(s1)c1cc(cc(c1)c1ccc(s1)C(=O)[O-])c1ccc(s1)C(=O)[O-]&&tsg.cat0;PIJROR,0.3079
"N#C[C](c1c(F)c(F)c(c(c1F)F)[C](C#N)C#N)C#N.[Ru][Ru]&&sql,hcb.cat0;PILNAB",0.8971
"N#C[C](c1ccc(cc1)[C](C#N)C#N)C#N.[Ru][Ru]&&sql,hcb.cat0;PILNEF",0.8296
[Co].[Co]OC(=O)c1ccc(cc1)N1C(=O)C2C(C1=O)C1C=CC2C2C1C(=O)N([C]2)c1ccc(cc1)C(=O)[O-]&&ERROR.cat1;PIMJEC,0.8879
[O-]C(=O)c1ccc(cc1)N1C(=O)C2C(C1=O)C1C=CC2C2C1C(=O)N(C2=O)c1ccc(cc1)C(=O)[O-].[O-]C=O.[Zn]&&UNKNOWN.cat1;PIMJOM,0.8938
C1=CC2=NN=N[C]2C=C1.C1=CC=C2C(=NN=N2)[CH]1.Cl[Co].[Co].[O-]C(=O)C1=Nc2c([N]1)cccc2.[O][Co][O].c1ccc2=N[N]N=c2c1&&ERROR.cat3;PIMKON,0.8596
C1=CC2=NN=N[C]2C=C1.Cl[Co].[Co].[N][Co](O[Co](O[Co]([O])([O])[N])[O])[O].[N][Co]Cl.[N][N][N].[O-]C(=O)C1=Nc2c([N]1)cccc2.c1ccc2=N[N]N=c2c1&&ERROR.cat7;PIMKUT,0.8494
CC(CC(N1C(=O)c2ccc3c4c2c(C1=O)ccc4C(=O)N(C3=O)C(C(=O)[O-])CC(C)C)C(=O)[O-])C.[Cd].[O][Cd].n1ccc(cc1)c1ccncc1&&UNKNOWN.cat3;PINRUB,0.8831
[Ce].[O-]C(=O)c1ccc(cc1)C1=[C][C]=C([C]=C1)N(c1ccc(cc1)c1ccc(cc1)C(=O)[O-])c1ccc(cc1)c1ccc(cc1)C(=O)[O-]&&UNKNOWN.cat0;PIQMOT,0.8692
[O-]C(=O)c1ccc(cc1)c1ccc(cc1)N(c1ccc(cc1)c1ccc(cc1)C(=O)O)c1ccc(cc1)c1ccc(cc1)C(=O)[O-].[O][Ce][O]&&sql.cat1;PIQMUZ,0.321
[Cd].[O-]C(=O)c1ccc(cc1)Oc1cc(cc(c1)Oc1ccc(cc1)C(=O)[O-])Oc1ccc(cc1)C(=O)[O-]&&UNKNOWN.cat0;PIQQAJ,0.8278
[Cd].[O-]C(=O)c1ccc(cc1)Oc1cc(cc(c1)Oc1ccc(cc1)C(=O)[O-])Oc1ccc(cc1)C(=O)[O-].[O][Cd]&&UNKNOWN.cat0;PIQQEN,0.8486
"Cc1c(CP(=O)(O)[O])c(C)c(c(c1CP(=O)(O)[O])C)CP(=O)(O)[O].Cc1c(CP(=O)(O)[O])c(C)c(c(c1CP(=O)(O)[O])C)CP(=O)([O])O.[OH2][Al]&&ERROR,UNKNOWN.cat0;PITPEP",0.3815
FC(C1=N[N]C(=N1)C(F)(F)F)(F)F.FC(C1=[N]=C(N=N1)C(F)(F)F)(F)F.[Ag]&&fes.cat3;PITYUN,0.8748
FC(C1=N[N]C(=N1)C(F)(F)F)(F)F.FC(C1=[N]=C(N=N1)C(F)(F)F)(F)F.[Ag]&&fes.cat3;PITYUN01,0.889
FC(C1=N[N]C(=N1)C(F)(F)F)(F)F.FC(C1=[N]=C(N=N1)C(F)(F)F)(F)F.[Ag]&&fes.cat3;PITYUN02,0.8541
FC(C1=[N]=C(N=N1)C(F)(F)F)(F)F.[Ag]&&fes.cat3;PITYUN04,0.8857
[O-][C]=O.[Pd]1[Pd][Pd][Pd]1&&ERROR.cat2;PIVGAE,0.8705
[C]#N.[Cu].[Cu]Br&&ERROR.cat3;PIWGEI,0.8559
[O-]C(=O)c1ccc(cc1)C(=O)[O-].[Zn].n1ccc(cc1)C=Cc1ccc(cc1)C=Cc1ccncc1&&dia.cat0;PIXHOV,0.8929
Cc1c(c2ccc(cc2)C(=O)[O-])c(C)c(c(c1c1ccc(cc1)C(=O)[O-])C)c1ccc(cc1)C(=O)[O-].[OH2][Zn].n1ccc(cc1)c1ccc(cc1)c1ccncc1&&UNKNOWN.cat0;PIXQUK,0.8853
[Cu].[N][N][N].n1ccc(cc1)C1=NN=N[N]1.n1ccc(cc1)C1=N[N]N=N1&&bcu.cat0;PIZHOX,0.8407
[O][Cu][O].n1ccc(cc1)C1=NN=N[N]1.n1ccc(cc1)C1=N[N]N=N1&&sql.cat1;PIZHUD,0.8935
[Cu].[N]=[C]C1=[C][C]=C([C]=[C]1)C1=C2[C]=[C]C3=C(C4=[C][C]=C([C]=[C]4)C#N)C4=[N]5[Cu]6(N23)[N]2=C1[C]=[C]C2=C(C1=[C][C]=C(N61)C(=C5[C]=[C]4)C1=[C][C]=C([C]=[C]1)C#N)C1=[C][C]=C([C]=[C]1)[C]=[N].[N]=[C]C1=[C][C]=C([C]=[C]1)C1=C2[C]=[C]C3=[N]2[Cu]24N5C1=[C][C]=C5C(=C1[N]4=C(C(=C4N2C(=C3C2=[C][C]=C([C]=[C]2)C#N)[C]=[C]4)C2=[C][C]=C([C]=[C]2)C#N)[C]=[C]1)C1=[C][C]=C([C]=[C]1)[C]=[N]&&MISMATCH.cat2;PIZJAJ,0.903
N1=[C][C]=C([C]=[C]1)C1=C2[C]=[C]C3=C(C4=[C][C]=N[C]=[C]4)C4=[N]5[Cu]6(N23)[N]2=C1[C]=[C]C2=C(C1=[C][C]=C(N61)C(=C5[C]=[C]4)C1=[C][C]=N[C]=[C]1)C1=[C][C]=N[C]=[C]1.[Cu]&&pts.cat0;PIZJEN,0.9027
[Fe].n1ccc(cc1)C=Cc1ccc(cc1)C(c1ccc(cc1)C=Cc1ccncc1)(c1ccc(cc1)C=Cc1ccncc1)c1ccc(cc1)C=Cc1ccncc1&&pts.cat1;POBGAQ01,0.4845
[Fe].n1ccc(cc1)C=Cc1ccc(cc1)C(c1ccc(cc1)C=Cc1ccncc1)(c1ccc(cc1)C=Cc1ccncc1)c1ccc(cc1)C=Cc1ccncc1&&pts.cat1;POBGOE01,0.8967
[O-]C(=O)c1cc(cc(c1)C1=C2C=CC3=[N]2[Mn]24(N5[C]61=CC=[C]56C(=C1[N]2=C(C=C1)C(=[C]12N4[C]1(=C3c1cc(cc(c1)C(=O)[O-])C(=O)[O-])C=C2)c1cc(cc(c1)C(=O)[O-])C(=O)[O-])c1cc(cc(c1)C(=O)[O-])C(=O)[O-])(Cl)Cl)C(=O)[O-].[O-]C(=O)c1cc(cc(c1)C1=C2C=CC3=[N]2[Mn]24(n5c1ccc5C(=C1[N]2=C(C=C1)C(=c1n4c(=C3c2cc(cc(c2)C(=O)[O-])C(=O)[O-])cc1)c1cc(cc(c1)C(=O)[O-])C(=O)[O-])c1cc(cc(c1)C(=O)[O-])C(=O)[O-])(Cl)Cl)C(=O)[O-].[O-]C(=O)c1cc(cc(c1)C1=[C]23C=C[C]43=[N]2[Mn]23(n5c1ccc5C(=[C]15[N]3=[C]1(C(=c1n2c(=C4c2cc(cc(c2)C(=O)[O-])C(=O)[O-])cc1)c1cc(cc(c1)C(=O)[O-])C(=O)[O-])C=C5)c1cc(cc(c1)C(=O)[O-])C(=O)[O-])(Cl)Cl)C(=O)[O-].[O][Zn].[Zn]&&UNKNOWN.cat0;POBVIN,0.892
OC(=O)c1ccc(c(c1)C(=O)[O-])C(=O)[O-].[Ni].[OH].[O].[O]P(=O)([O])[O].[W]&&ERROR.cat0;POBYAH,0.8196
[O-]C(=O)c1ccc(cc1)C=Cc1ccc(cc1)C(=O)[O-].[Zn]&&ERROR.cat1;POCGAR,0.7425
[In].[O-]C(=O)c1ccc(cc1)Oc1cc(cc(c1)Oc1ccc(cc1)C(=O)[O-])Oc1ccc(cc1)C(=O)[O-].[OH]&&UNKNOWN.cat0;PODGEW,0.9046
[In].[O-]C(=O)c1ccc(cc1)Oc1cc(cc(c1)Oc1ccc(cc1)C(=O)[O-])Oc1ccc(cc1)C(=O)[O-].[OH]&&UNKNOWN.cat0;PODGEW01,0.8972
[In].[O-]C(=O)c1ccc(cc1)Oc1cc(cc(c1)Oc1ccc(cc1)C(=O)[O-])Oc1ccc(cc1)C(=O)[O-].[OH]&&UNKNOWN.cat0;PODGEW02,0.8985
[N][N][N]c1cc(cc(c1)C(=O)[O-])C(=O)[O-].[O-]C(=O)c1cc(cc(c1)C(=O)[O-])n1nnc(c1)c1ccc(cc1)N(c1ccc(cc1)c1nnn(c1)c1cc(cc(c1)C(=O)[O-])C(=O)[O-])C1=CC=[C]C=C1.[O][Cu][Cu][O]&&ERROR.cat1;PODKOK,0.8954
"[O-]C(=O)c1cc(cc(c1)C(=O)[O-])n1nnc(c1)c1ccc(cc1)c1cc(cc(c1)c1ccc(cc1)c1nnn(c1)c1cc(cc(c1)C(=O)[O-])C(=O)[O-])c1ccc(cc1)c1nnn(c1)c1cc(cc(c1)C(=O)[O-])C(=O)[O-].[O][Cu][Cu][O]&&ERROR,ntt.cat0;PODKUQ",0.8961
[Cu][Cu](I)I.c1ccn([n-]1)CN(Cn1[n-]ccc1)Cn1[n-]ccc1&&ERROR.cat2;PODWIQ,0.8608
[O-]C(=O)c1ccc(cc1)c1ccc(cc1)C(=O)[O-].[OH2][Zn].[Zn].c1ncn(c1)c1ccc(cc1)N(c1ccc(cc1)n1cncc1)c1ccc(cc1)n1cncc1&&UNKNOWN.cat0;PODXEN,0.8312
Cl[Cd]Cl.c1ncn(c1)c1ccc(cc1)N(c1ccc(cc1)n1cncc1)c1ccc(cc1)n1cncc1&&lig.cat1;PODXIR,0.8416
[OH2][Co](Cl)Cl.c1ncn(c1)c1ccc(cc1)N(c1ccc(cc1)n1cncc1)c1ccc(cc1)n1cncc1&&hcb.cat1;PODXOX,0.8971
[Li].[O-]C(=O)c1ccc(cc1)c1cc(cc(c1)c1ccc(cc1)C(=O)O)c1ccc(cc1)C(=O)O&&UNKNOWN.cat0;POFHAV,0.5027
O=C(C1CCCN1C(=O)CNC(=O)c1cccnc1)N1CCCC1C(=O)Nc1cccnc1.[Ag]&&ERROR.cat5;POGCOF,0.761
O=C(C1CCCN1C(=O)CNC(=O)c1cccnc1)N1CCCC1C(=O)Nc1cccnc1.O=C(C1CCCN1C(=O)CNC(=O)c1cccnc1)N1CCCCC1C(=O)Nc1cccnc1.[Ag]&&ERROR.cat5;POGDAS,0.7948
C(Sc1ccncc1)Sc1ccncc1.[Cu]&&sql.cat1;POGRAF,0.8636
[Ag].[Ag][Ag].[C]#N.[Fe].n1ccc(cc1)c1ccc(cc1)c1ccncc1&&ERROR.cat0;POHCOG,0.8833
[Ag].[Ag][Ag].[C]#N.[Fe].n1ccc(cc1)c1ccc(cc1)c1ccncc1&&ERROR.cat0;POHCOG01,0.8836
[Ag].[Ag][Ag].[C]#N.[Fe].n1ccc(cc1)c1ccc(cc1)c1ccncc1&&ERROR.cat0;POHCOG02,0.8886
"O=C=O.[O-]C(=O)c1ccc(cc1)c1cc(cc(c1)C1=C2C=CC3=[N]2[Co]24(n5c1ccc5C(=C1[N]2=C(C=C1)C(=c1n4c(=C3c2cc(cc(c2)c2ccc(cc2)C(=O)[O-])c2ccc(cc2)C(=O)[O-])cc1)c1cc(cc(c1)c1ccc(cc1)C(=O)[O-])c1ccc(cc1)C(=O)[O-])c1cc(cc(c1)c1ccc(cc1)C(=O)[O-])c1ccc(cc1)C(=O)[O-])([O])[O])c1ccc(cc1)C(=O)[O-].[O][Co][Co]&&ERROR,UNKNOWN.cat0;POHWIU",0.8979
[Ni].[O-]C(=O)c1cc(cc(c1)C(=O)[O-])C(=O)[O-].[O][Ni].c1ncn(c1)c1ccc(cc1)n1cncc1&&ERROR.cat0;POKGEC,0.8461
C(Cn1ncnc1)CCn1ncnc1.[O-]C(=O)c1ccc(cc1)C(=O)[O-].[Zn]&&hcb.cat0;POLMUZ,0.8231
Cc1c(C=Cc2ccncc2)c(C)c(c(c1C)C=Cc1ccncc1)C.O=C(c1ccc(cc1)C(=O)[O-])c1ccc(cc1)C(=O)[O-].[Zn]&&sql.cat0;POLYOG,0.8583
I[Cu]12[Cu]3([Cu]1([Cu]23I)I)I.[O-]C(=O)c1cccnc1.[O][In][O]([In][O])[In][O]&&stp.cat0;POMMAH,0.761
[O-]C(=O)c1ccc(cc1)Oc1ccc(cc1)C(=O)[O-].[Zn][O]([Zn][O]([Zn])[Zn])[Zn]&&dia.cat0;POMXIA,0.8553
C1=N[CH]N([N]1)CC1=CC=C2C([CH]1)C1C=C(C=C[C]1C1=CC=C([CH]C1C1[C]2C=CC(=C1)CN1[CH]N=C[N]1)CN1[CH]N=C[N]1)CN1[CH]N=C[N]1.N1=C[N]N([CH]1)CC1=CC2[C](C=C1)C1=CC=C([CH]C1C1C(=CC=C([CH]1)CN1[N]C=N[CH]1)C1=CC=C([CH]C21)CN1[N]C=N[CH]1)CN1[N]C=N[CH]1.N1=C[N]N([CH]1)CC1=CC=C2C([CH]1)C1[CH]C(=CC=C1[C]1C3C4C2=CC=C(C4C3[C](C=C1)CN1[N]C=N[CH]1)CN1[N]C=N[CH]1)CN1[N]C=N[CH]1.N1=C[N]N([CH]1)Cc1ccc(cc1)c1ccc(cc1)CN1[N]C=N[CH]1.[O][Ni]O[W]123O[W]45([O])O[W]6(O1)([O])O[W]17(O[W]8(O2)([O])O[W]2(O3)([O])O[W]3(O4)([O])O[W]4(O2)(O[W](O8)(O1)([O])O[W]1(O[W](O5)(O3)([O])O[W](O6)(O7)([O])O1)(O4)[O])[O])[O]&&kgm.cat1;POPZIF,0.8856
"[Zn].n1ccc(cc1)N(c1ccncc1)c1ccc(cc1)c1nc2c(s1)nc(s2)c1ccc(cc1)N(c1ccncc1)c1ccncc1&&sql,bex.cat0;POQBEE",0.7155
O=C(NC(C(=O)[O-])Cc1ccccc1)Nc1ccccc1.[OH2][Cd][OH2]&&ERROR.cat0;POQTIZ,0.853
O=C(NC(C(=O)[O-])Cc1ccccc1)Nc1ccccc1.[OH2][Mn][OH2]&&ERROR.cat0;POQTOF,0.8217
[O-]C(=O)c1ccc2c(c1)N[C](N2)c1ccc(cc1)[C]1Nc2c(N1)ccc(c2)C(=O)[O-].[OH2][Gd]&&sql.cat0;PORLAL,0.3193
C1=CN([CH][N]1)c1ccc(cc1)N(c1ccc(cc1)n1ccnc1)c1ccc(cc1)n1ccnc1.I[Cu]12(I)[Cu]3[Cu]1([Cu]23([N])I)I.I[Cu]12[Cu]3[Cu]1[Cu]23I.N1=CCN([CH]1)c1ccc(cc1)N(c1ccc(cc1)n1ccnc1)c1ccc(cc1)n1ccnc1.[N][Cu]12(I)(I)[Cu]3[Cu]1[Cu]23([N])(I)I.c1ncn(c1)c1ccc(cc1)[N]c1ccc(cc1)n1cncc1&&fes.cat1;PORLEP,0.7869
[O-]C(=O)c1ccc(cc1)C=Cc1ccc(cc1)C(=O)[O-].[Zn].n1ccc(cc1)c1ccncc1&&dia.cat0;PORVUO,0.8248
[O-]C(=O)c1ccc(cc1)c1cnc[nH]1.[Zn]&&dia.cat1;POSGOV,0.8613
[Co].[O-]C(=O)c1ccc(cc1)c1cnc[nH]1&&dia.cat1;POSGUB,0.864
[Co]O[Co].[O-]C(=O)c1ccc(cc1)c1cc(nc(c1)c1ccncc1)c1ccncc1&&UNKNOWN.cat0;POTREX,0.8137
CC1=C(C(=N[N]1)C)C1=C(C)N=N[C]1C.CC1=N[N]C(=C1C1=C(C)[N]N=C1C)C.CC1=N[N]C(=C1c1c(C)[n-][nH]c1C)C.C[C]1N=NC(=C1C1=C(C)N=N[C]1C)C.C[C]1N=NC(=C1c1c(C)[n-][nH]c1C)C.[Co].[Co][O]([Co])([Co])[Co].[O-]C(=O)c1ccc(cc1)c1ccc(cc1)C(=O)[O-]&&ERROR.cat0;POXHER,0.8468
C1=CC=C([N]1)[C](c1ccc(cc1)n1cncc1)C1=CC=C[N]1.C1=CN=C([CH]1)[C](C1=C[CH]C=N1)c1ccc(cc1)n1ccnc1.C1=CN=C([CH]1)[C](c1ccc(cc1)n1cncc1)C1=NC=C[CH]1.Cl[Cd]Cl.[CH]1C=NC(=C1)[C](c1ccc(cc1)n1cncc1)C1=CC=C[N]1.[Ni].c1cnc(nc1)c1ncccn1&&lil.cat0;POYPAW,0.8154
[Cu].[O]c1ccccc1C=Nc1ccccc1S([O])([O])[O].n1ccc(cc1)c1ccncc1&&UNKNOWN.cat3;POYXOS,0.7809
[In].[O-]C(=O)C1=C([N]C=N1)C(=O)[O-].[O-]C(=O)C1=NC=N[C]1C(=O)[O-]&&ERROR.cat1;POZHUI,0.8549
Cl[Cd]Cl.[Ni].n1ccc(cc1)c1ccc(cc1)C(=C1C=CC=N1)C1=C[CH]C=N1.n1ccc(cc1)c1ccc(cc1)C(=C1C=CC=N1)C1=N[CH]C=C1.n1ccc(cc1)c1ccc(cc1)[C](C1=CC=C[N]1)C1=CC=C[N]1.n1ccc(cc1)c1ccc(cc1)[C](C1=C[CH]C=N1)C1=CC=C[N]1.n1ccc(cc1)c1ccc(cc1)[C](C1=C[CH]C=N1)C1=NC=C[CH]1.n1ccc(cc1)c1ccc(cc1)[C](C1=NC=C[CH]1)C1=CC=C[N]1.n1ccc(cc1)c1ccc(cc1)[C](C1=N[CH]C=C1)C1=CC=C[N]1.n1ccc(cc1)c1ccc(cc1)[C](C1=N[CH]C=C1)C1=NC=C[CH]1&&ERROR.cat1;POZRAZ,0.8636
OC(=O)c1ccc(c(c1)C(=O)[O-])c1ccc(nc1)C(=O)[O-].[OH2][Mn]&&UNKNOWN.cat1;PUBDUN,0.7938
[Gd].[O-]C(=O)c1ccc2-c3c(S(=O)(=O)c2c1)cc(cc3)C(=O)[O-]&&sxb.cat1;PUDSOX,0.7353
O=C(c1ccc(cc1)C(=O)[O-])Nc1cc(cc(c1)C(=O)[O-])C(=O)[O-].[O-]C(=O)c1c2ccccc2c(c2c1cccc2)C(=O)[O-].[Zn][O]([Zn])([Zn])[Zn]&&hww.cat0;PUFQIS,0.8815
"O=C(c1ccc(cc1)C(=O)[O-])Nc1cc(cc(c1)C(=O)[O-])C(=O)[O-].[O-]C(=O)c1ccc2c(c1)ccc(c2)C(=O)[O-].[Zn][O]([Zn])([Zn])[Zn]&&UNKNOWN,hww.cat0;PUFQOY",0.8987
O=C(c1ccc(cc1)C(=O)[O-])Nc1cc(cc(c1)C(=O)[O-])C(=O)[O-].[O-]C(=O)c1ccc(cc1)C(=O)[O-].[Zn][O]([Zn])([Zn])[Zn]&&hww.cat0;PUFQUE,0.9003
O=C(c1ccc(cc1)C(=O)[O-])Nc1cc(cc(c1)C(=O)[O-])C(=O)[O-].[O-]C(=O)c1ccc(cc1)c1ccc(cc1)C(=O)[O-].[Zn][O]([Zn])([Zn])[Zn]&&hww.cat0;PUFRIT,0.8995
[C]C(=O)N([C])[C].[Mn].[O-]C(=O)c1ccc(cc1)S(=O)(=O)c1ccc(cc1)C(=O)[O-]&&ERROR.cat0;PUGGOP,0.8165
"[O-]C(=O)c1cc(cc(c1)C(=O)[O-])c1ccc(cc1)c1ccc(cc1)c1cc(cc(c1)C(=O)[O-])C(=O)[O-].[O][Eu][O]&&lvt,lil.cat0;PUGPEO",0.8839
[O-]C(=O)c1ccc(cc1)c1cc(cc(c1)C(=O)[O-])C(=O)[O-].[Zn][O]([Zn])([Zn])[Zn]&&hwx.cat0;PUGSER,0.8881
[O-]C(=O)c1ccc(cc1)C(=O)[O-].[O-]C(=O)c1ccc(cc1)c1cc(cc(c1)C(=O)[O-])C(=O)[O-].[Zn][O]([Zn])([Zn])[Zn]&&hww.cat0;PUGSIV,0.892
[O-]C(=O)c1c2ccccc2c(c2c1cccc2)C(=O)[O-].[O-]C(=O)c1ccc(cc1)c1cc(cc(c1)C(=O)[O-])C(=O)[O-].[Zn][O]([Zn])([Zn])[Zn]&&hww.cat0;PUGSOB,0.8847
[O-]C(=O)c1ccc(cc1)c1cc(cc(c1)C(=O)[O-])C(=O)[O-].[O-]C(=O)c1ccc2c(c1)ccc(c2)C(=O)[O-].[Zn][O]([Zn])([Zn])[Zn]&&hww.cat0;PUGSUH,0.8915
[O-]C(=O)c1ccc(cc1)NC1=NC(=[N]=C([N]1)Nc1ccc(cc1)C(=O)[O-])Nc1ccc(cc1)C(=O)[O-].[O][La]&&UNKNOWN.cat0;PUJJEL,0.6194
[Cu].n1ccc(cc1)CCc1ccncc1&&cds.cat1;PUJQEQ,0.9
C[Si][C][C]C=[CH].Cl[Sb].[Sb]&&ERROR.cat3;PUJTUJ,0.6855
Br[Cu]1[S]2[Cu][S]3[Mo]42([S]1[Cu]34)([O])[S].Cc1cc([n-]n1CCCCn1[n-]c(cc1C)C)C&&UNKNOWN.cat1;PUKLAK,0.8325
[O-]C(=O)c1cc(cc(c1)S(O)([O])[O])C(=O)[O-].[O-]C(=O)c1cc(cc(c1)S([O])([O])O)C(=O)[O-].[Zn].n1ccc(cc1)c1ccncc1&&sql.cat1;PULMAM,0.9015
[O-]C(=O)COc1ccc(cc1)C(c1ccc(cc1)OCC(=O)[O-])(C)C.[OH2][Zn]([OH2])[OH2]&&hcb.cat1;PUPJEQ,0.8567
[O-]C(=O)c1ccc(cc1)C(C(F)(F)F)(C(F)(F)F)c1ccc(cc1)C(=O)[O-].[Zn]&&UNKNOWN.cat0;PUQXUV,0.5432
[O-]C(=O)c1ccc(cc1)OCC(COc1ccc(cc1)C(=O)[O-])(COc1ccc(cc1)C(=O)[O-])COc1ccc(cc1)C(=O)[O-].[Zn]&&lon.cat1;PURJAO,0.8977
[O-]C(=O)c1ccc(cc1)OCC(COc1ccc(cc1)C(=O)[O-])(COc1ccc(cc1)C(=O)[O-])COc1ccc(cc1)C(=O)[O-].[O][Zn][Zn][O].[Zn]&&pts.cat0;PURJES,0.8448
OC(=O)C1=NC(=N[C]1C(=O)[O-])c1ccncc1.[Cu].[O-]C(=O)C1=C(N=C([N]1)c1ccncc1)C(=O)O&&lcv-f.cat0;PURQOJ,0.892
OC(=O)C1=C(N=C([N]1)c1ccncc1)C(=O)[O-].OC(=O)C1=NC(=N[C]1C(=O)O)c1ccncc1.OC(=O)C1=NC(=N[C]1C(=O)[O-])c1ccncc1.[Cu]&&UNKNOWN.cat0;PURQUP,0.628
Br[Co]Br.CSc1ccc(cc1)c1c(C)c2Cc3c(C)c(Cc4c(c(Cc5c(c(Cc(c1C)c2C)c(C)c(c5C)Cn1[n-]ccc1)C)c(c(c4C)c1ccc(cc1)SC)C)C)c(c(c3C)Cn1[n-]ccc1)C&&ERROR.cat1;PURVAA,0.8166
CSc1ccc(cc1)c1c(C)c2Cc3c(C)c(Cc4c(c(Cc5c(c(Cc(c1C)c2C)c(C)c(c5C)Cn1[n-]ccc1)C)c(c(c4C)c1ccc(cc1)SC)C)C)c(c(c3C)Cn1[n-]ccc1)C.Cl[Co]Cl&&ERROR.cat1;PURVEE,0.7888
Br[Zn]Br.Brc1c(C)c2Cc3c(C)c(Cc4c(c(Cc5c(c(Cc(c1C)c2C)c(C)c(c5C)Cn1[n-]ccc1)C)c(c(c4C)Br)C)C)c(c(c3C)Cn1[n-]ccc1)C&&ERROR.cat3;PURXAC,0.8409
Brc1c(C)c2Cc3c(C)c(Cc4c(c(Cc5c(c(Cc(c1C)c2C)c(C)c(c5C)Cn1[n-]ccc1)C)c(c(c4C)Br)C)C)c(c(c3C)Cn1[n-]ccc1)C.Cl[Zn]Cl&&ERROR.cat3;PURXEG,0.8343
O=C(c1ccc(cc1)C(=O)[O-])c1ccc(cc1)C(=O)[O-].[Zn].n1ccc(cc1)c1ccncc1&&pcu.cat1;PUSDIR,0.8892
O=C(c1ccc(cc1)C(=O)[O-])c1ccc(cc1)C(=O)[O-].[Zn].n1ccc(cc1)c1ccncc1&&pcu.cat1;PUSDOX,0.8921
[O-]C(=O)c1cc(cc(c1)P(=O)([O])[O])C(=O)[O-].[Zn]&&rtl.cat0;PUSXIL,0.893
[O-]C(=O)c1cc(cc(c1)P(=O)([O])[O])C(=O)[O-].[Zn]&&rtl.cat0;PUSXIL01,0.8898
[C]=O.[O].[O-][C]=O.[O-][C]=O.[O].[Zn]&&ERROR.cat0;PUWDEQ,0.8377
[Co].n1ccc(cc1)C1=NC(=[N]=C([N]1)c1ccncc1)c1ccncc1&&tbo.cat0;PUZLOM,0.8965
[Co].n1ccc(cc1)C1=NC(=[N]=C([N]1)c1ccncc1)c1ccncc1&&tbo.cat0;PUZLUS,0.8997
[O-]C(=O)C1=[C][C]=[C]C(=N1)C(=O)[O-].[O][U]([O])[O]&&ERROR.cat0;PYDCUO,0.8927
O(CCn1cncc1)CCn1cncc1.[Cu]&&ERROR.cat1;QACTOF,0.9054
[O-]C(=O)C(c1ccccc1)CC(=O)[O-].[Sn]&&ERROR.cat0;QADBII,0.6671
[O-]C(=O)c1cc2c(s1)c1cc(sc1c1c2sc(c1)C(=O)[O-])C(=O)[O-].[O][Cd]&&the.cat0;QAGQEW,0.8881
[Fe].n1ccc(cc1)c1ccncc1&&sql.cat1;QAGWIG,0.8887
[Fe].n1ccc(cc1)c1ccncc1&&sql.cat1;QAGWOM,0.8945
[Cr].[O-]C(=O)c1ccc(cc1)C(=O)[O-].[O]&&rna.cat0;QALGUH,0.9036
[Cu].[O-]C(=O)CN(Cc1ccc(cc1)C)CC(=O)[O-]&&ERROR.cat1;QANNEA,0.8634
[Zn].n1ccc(cc1)C1=C2C=CC(=C(c3ccncc3)C3=NC(=C(C4=CC=C(C(=C5N=C1C=C5)c1ccncc1)[N]4)c1ccncc1)C=C3)[N]2&&ERROR.cat0;QANSEE,0.9019
[O-]C(=O)c1ccc2c(c1)ccc(c2)C(=O)[O-].[Zn]&&pcu.cat0;QAQSAD,0.8686
[Fe].n1ccc(cc1)c1ccncc1&&sql.cat1;QAQTEJ,0.8947
[Fe].n1ccc(cc1)c1ccncc1&&sql.cat1;QAQTEJ01,0.8915
[Fe].n1ccc(cc1)c1ccncc1&&sql.cat1;QAQTOT,0.897
[Ni].n1ccc(cc1)c1ccc(cc1)c1ccncc1.n1ccc(cc1)c1ccncc1&&sql.cat1;QATCUJ,0.9004
[Ni].n1ccc(cc1)c1ccc(cc1)c1ccc(cc1)c1ccncc1.n1ccc(cc1)c1ccncc1&&sql.cat1;QATDAQ,0.9031
CN([C](N(C)C)[N]c1cc([N][C](N(C)C)N(C)C)c(cc1[N][C](N(C)C)N(C)C)[N][C](N(C)C)N(C)C)C.I[Ag][Ag]I&&ERROR.cat1;QATDAS,0.8876
[Cd].[O-]C(=O)c1nccc(c1)c1ccnc(c1)C(=O)[O-]&&ERROR.cat0;QATHOK,0.8939
Cl[Hg][Hg][Hg][Hg]Cl.[Ru].[S]C#N&&ERROR.cat0;QATSUA,0.8079
[O-]C(=O)C1=[C]C(=[C]C(=[C]1)C(=O)[O-])C(=O)[O-].[O][Mg]([O])[O].[O][Zn]&&srs.cat0;QAWDID,0.9005
Fc1cc(cc(c1)C(=O)[O-])C(=O)[O-].[Cd].[OH2][Cd]&&UNKNOWN.cat0;QAYXEV,0.8534
"OC(=O)c1c(cc(nc1c1ccncc1)c1ccncc1)c1ccc(cc1)c1cc(cc(c1)C(=O)[O-])C(=O)[O-].[Co]&&dia,tfa.cat1;QEBGAH",0.8439
S=C1[N][C]=[C][C]=[C]1.[Ag]1[Ag][Ag][Ag]1&&ERROR.cat1;QECXIF,0.9055
[O-]C(=O)c1ccc(cc1)c1cc(c2ccc(cc2)C(=O)[O-])c(cc1c1ccc(cc1)C(=O)[O-])c1ccc(cc1)C(=O)[O-].[Zn]&&UNKNOWN.cat0;QEDZEG,0.749
CC1(C)C2CCC1(C)c1c2nc2c(n1)C1C(C2(C)CC1)(C)C.[Ag].[Ag][Ag]&&ERROR.cat1;QEGCUA,0.6487
[Ba].[O].[O]S(CCc1ccccn1)([O])[O]&&ERROR.cat1;QEPCOD,0.8496
[Ag][Ag].c1ccc(cn1)COc1ccc2c(c1c1c(OCc3cccnc3)ccc3c1cccc3)cccc2&&UNKNOWN.cat0;QEPYEQ,0.8072
CC1(C)Cc2nnc3c4c2c(C1)nnc4CC(C3)(C)C.I[Cu]I.[Cu]&&ERROR.cat0;QESYOD,0.8902
I[Cu]12[S]3[W]452([S]1[Cu]4[S]5[Cu]3)[O].c1ncn(c1)Cc1ccc(cc1)Cn1cncc1&&sql.cat0;QEVLAF,0.8922
I[Cu][Cu]I.O=C(c1ccncc1)Nc1ccc(cc1)N(c1ccc(cc1)NC(=O)c1ccncc1)c1ccc(cc1)NC(=O)c1ccncc1&&UNKNOWN.cat1;QEZLAK,0.864
[La].[O-][n+]1ccc(cc1)c1cc[n+](cc1)[O-]&&noy.cat0;QIBTEA,0.3876
CC1=N[N]C(=C1c1ccncc1)C.C[C]1N=NC(=C1c1ccncc1)C.[O-]C(=O)c1ccc(cc1)c1ccc(cc1)C(=O)[O-].[Zn][O]([Zn][O]([Zn])([Zn])[Zn])([Zn])[Zn]&&sql.cat0;QIHXIQ,0.8955
[Ni].[O-]C(=O)c1cc(cc(c1)C(=O)[O-])C(=O)[O-]&&ERROR.cat0;QIQGAY,0.8156
[O-]C(=O)c1ccc(cc1)c1ccc(cc1C(=O)[O-])C(=O)[O-].[OH2][Ni][OH2].[OH2][Ni][OH2][Ni].n1ccc(cc1)c1ccncc1&&UNKNOWN.cat0;QIQTAN,0.8355
[O-]C(=O)c1ccc(cc1)[C]1N[N]C(=N1)c1ccc(cc1)C(=O)[O-].[OH2][Cu]&&ERROR.cat1;QIRHIK,0.7323
[Mg].[O-]C(=O)C.[O-]C(=O)c1ccc(cc1)Cc1ccc(cc1)C(=O)O.[O-]C(=O)c1ccc(cc1)Cc1ccc(cc1)C(=O)[O-]&&UNKNOWN.cat1;QISFOP,0.8465
[Cu].[O]S(=O)(=O)[O]&&ERROR.cat0;QITCAZ,0.8229
CSC1=C(SC)SC(=C2SC(=C(S2)C(=O)NCc2cccnc2)C(=O)NCc2cccnc2)S1.Cl[Mn]Cl&&sql.cat0;QIVSEV,0.8929
[O-]C(=O)c1ccc(cc1)c1c[n-]n(c1)C(C(n1[n-]cc(c1)c1ccc(cc1)C(=O)[O-])n1[n-]cc(c1)c1ccc(cc1)C(=O)[O-])n1[n-]cc(c1)c1ccc(cc1)C(=O)[O-].[OH2][Co]1([OH2])[OH2][Co]([OH2]1)([OH2])[OH2]&&ERROR.cat1;QIWDEH,0.8941
[O-]C(=O)c1cc(C(=O)[O-])c(cc1C(=O)[O-])C(=O)[O-].[OH2][Mg][OH]([Mg][OH]([Mg][OH2])[Mg][OH2])[Mg][OH2]&&UNKNOWN.cat0;QIWPET,0.8942
[O-]C(=O)c1cccc(c1)C(=O)[O-].[Zn].n1ccc(cc1)CCc1ccncc1&&sql.cat0;QIWRUJ,0.8926
[O-]C(=O)c1cccc(c1)C(=O)[O-].[Zn].n1ccc(cc1)CCc1ccncc1&&sql.cat0;QIWSEU,0.8666
[Cu].n1ccc(cc1)c1ccncc1&&ERROR.cat1;QIYKIU,0.9009
[Cu].[Cu][Cu].[O-]C(=O)c1cc(cc(c1)C(=O)[O-])C(=O)[O-].[O][Se][O].[O]&&UNKNOWN.cat0;QIZLOC,0.8253
Cc1cc(ccc1N=Cc1cccnc1)c1ccc(c(c1)C)N=Cc1cccnc1.[Cd]&&sql.cat1;QOBZOX,0.7323
Cc1cc(ccc1N=Cc1cccnc1)c1ccc(c(c1)C)N=Cc1cccnc1.[Cd]&&sql.cat1;QOBZUD,0.7461
[Cu].[O-]C(=O)C1=C[CH]N=N1.[O-]C(=O)C1=N[N]C=C1.[O-]C(=O)[C]1C=CN=N1&&lvt-a.cat0;QOFLAA,0.887
[O-]C(=O)C=CC=CC(=O)[O-].[OH2][Co][OH2].n1ccc(cc1)C=Cc1ccncc1&&neb.cat0;QOHTUD,0.8883
[O-]C(=O)C(=O)[O-].[O-]C(=O)c1nc2ccccc2cc1C(=O)[O-].[OH2][Yb]([OH2])[OH2]&&ERROR.cat0;QOJBUO,0.8766
[O-]C(=O)c1ccc(cc1)c1ccc(cc1)C(=O)[O-].[O][Cu][O]([Cu])[Cu]&&sql.cat0;QOJZIA,0.8934
"[O-]C(=O)c1cc(OCc2cccc(c2)COc2cc(cc(c2)C(=O)[O-])C(=O)[O-])cc(c1)C(=O)[O-].[Zn]&&tfj,UNKNOWN.cat0;QOKCID",0.6279
[O-]C(=O)c1ccc(cc1)[N]C1=C([N]c2ccc(cc2)C(=O)[O-])Nc2c(N1)cccc2.[O][Zn][O]&&ERROR.cat1;QOLWIZ,0.856
COC1C(OC)CCc2c1c(ccn2)c1ccncc1.[O-]C(=O)C=CC(=O)[O-].[Zn][Zn]&&pcu.cat0;QOMFAA,0.8619
OC1CCc2c(C1O)c(ccn2)c1ccncc1.[O-]C(=O)C=CC(=O)[O-].[Zn][Zn]&&pcu.cat0;QOMFEE,0.8909
[O-]C(=O)c1cc(cc(c1)C(=O)[O-])N1C=CN([CH]1)c1cc(cc(c1)C(=O)[O-])C(=O)[O-].[Zn].n1ccc(cc1)c1ccncc1&&sql.cat0;QOMGEG,0.8889
[O-]C(=O)c1cc(cc(c1)C(=O)[O-])N1C=CN([CH]1)c1cc(cc(c1)C(=O)[O-])C(=O)[O-].[Zn].n1ccc(cc1)C=Cc1ccncc1&&ERROR.cat0;QOMGIK,0.8983
[O-]C(=O)c1cc(cc(c1)C(=O)[O-])N1C=CN([CH]1)c1cc(cc(c1)C(=O)[O-])C(=O)[O-].[Zn].n1ccc(cc1)c1ccc(cc1)c1ccncc1&&ERROR.cat0;QOMGOQ,0.8928
[Cu].[N][N][N].n1ccc(cc1)C1=NN=N[N]1&&bcu.cat0;QOMRUH,0.8647
[Cu].[N][N][N].n1ccc(cc1)C1=NN=N[N]1.n1ccc(cc1)C1=N[N]N=N1&&bcu.cat0;QOMSES,0.849
[Cu].[N][N][N].n1ccc(cc1)C1=NN=N[N]1.n1ccc(cc1)C1=N[N]N=N1&&bcu.cat0;QONKOV,0.8562
[Cu].[N][N][N].n1ccc(cc1)C1=NN=N[N]1&&bcu.cat0;QONKUB,0.8523
[Cu].[N][N][N].n1ccc(cc1)C1=NN=N[N]1&&bcu.cat0;QONLAI,0.8101
[Cu].[N][N][N].n1ccc(cc1)C1=NN=N[N]1.n1ccc(cc1)C1=N[N]N=N1&&bcu.cat0;QONLEM,0.3282
[Co].[O-]C(=O)c1ccc(cc1)C(=O)[O-].[O-]C(=O)c1ccncc1&&hex.cat0;QOPPES,0.9015
Cl[Co]Cl.c1nc2c([nH]1)cc1c(c2)[nH]cn1&&ERROR.cat0;QOPTOG,0.891
[Mn].[O-]C(=O)c1ccc(cc1)c1ccncc1&&rtl.cat0;QOQWOK,0.8855
[Mn].[O-]C(=O)c1ccc(cc1)c1ccncc1&&rtl.cat0;QOQWOK01,0.8895
"[Ni].[O]P(=O)([C]N1[C][C]N([C][C]1)[C]P(=O)([O])[O])[O]&&ERROR,UNKNOWN.cat0;QOSXAY",0.9079
[O-]C(=O)c1cc(cc(c1)C(=O)[O-])C(=O)[O-].[O][La]&&UNKNOWN.cat0;QOTZEG,0.2774
[O]P(=O)([C]N1[C][C]N([C][C]1)[C]P(=O)([O])[O])[O].[O][Ni]&&UNKNOWN.cat0;QOVDAH,0.9011
[O]P(=O)([C]N1[C][C]N([C][C]1)[C]P(=O)([O])[O])[O].[O][Ni]&&UNKNOWN.cat0;QOVDEL,0.8997
FC(C1=N[N]C(=N1)C(F)(F)F)(F)F.FC(C1=[N]=C(N=N1)C(F)(F)F)(F)F.[Ag]&&fes.cat3;QOVGAK,0.905
[Cd].[O-]C(=O)c1ccc(c2c1cccc2)C(=O)[O-].c1ncn(c1)c1cc(cc(c1)n1cncc1)n1cncc1&&UNKNOWN.cat0;QOVSOL,0.8585
[Cu].[O-]C(=O)c1cc(C(=O)Nn2cnnc2)c(cc1C(=O)Nn1cnnc1)C(=O)[O-]&&cds.cat0;QOZGAP,0.852
[O-]C(=O)c1cc(C(=O)Nn2cnnc2)c(cc1C(=O)Nn1cnnc1)C(=O)[O-].[Zn]&&UNKNOWN.cat0;QOZPOM,0.881
"[O-]C(=O)c1ccc(cc1)c1cc(cc(c1)c1ccc(cc1)C(=O)[O-])c1cc(nc(c1)c1ccncc1)c1ccncc1.[Zn]&&lon,UNKNOWN.cat1;QOZSIJ",0.8929
[Fe].[O-]C(=O)C&&UNKNOWN.cat1;QQQFUY01,0.8579
Cl[Cd].[C]C(c1cc(cc(c1N1C=CN([CH]1)c1c(cc(cc1C([C])[C])C(=O)[O-])C([C])[C])C([C])[C])C(=O)[O-])[C]&&ERROR.cat3;QUBZET,0.893
[Al].[O-]C(=O)C1=[C][C]=C([C]=[C]1)S(=O)(=O)C1=[C][C]=C([C]=[C]1)C(=O)[O-].[O]&&sdb.cat1;QUCFIF,0.7611
O=C(N1CCCC1C(=O)[O-])c1cc(cc(c1)C(=O)[O-])C(=O)[O-].[Cd]&&srs.cat0;QUCZEV,0.8939
O=C(N1CCCC1C(=O)[O-])c1cc(cc(c1)C(=O)[O-])C(=O)[O-].[Cd]&&srs.cat0;QUCZIZ,0.8947
C#Cc1c(C#C)c(c2ccc(cc2)C(=O)[O-])c(c(c1c1ccc(cc1)C(=O)[O-])C#C)C#C.[OH]12[Zr]34[OH]5[Zr]62[OH]2[Zr]71[OH]4[Zr]14[OH]3[Zr]35[OH]6[Zr]2([OH]71)[OH]43&&fcu.cat0;QUHVEW,0.8894
[Fe][O]([Ni])[Fe].n1ccc(cc1)c1cc(nc(c1)c1cccnc1)c1cccnc1&&fes.cat0;QUHZEA,0.8875
[Cu][OH]([Cu])[Cu].[O-]C(=O)c1ccc(cc1)n1cnnc1&&pcu.cat1;QUJKUD,0.8094
[Cu][OH]([Cu])[Cu].[O-]C(=O)c1ccc(cc1)n1cnnc1&&hex.cat1;QUJLAK02,0.8459
Nc1cc(cc(c1)C(=O)[O-])C(=O)[O-].[In].[OH]&&ERROR.cat0;QULMIU,0.9015
[O-]C(=O)c1ccc(cc1)C#Cc1c2c(c(c3c1C1c4c(C3c3c1cccc3)cccc4)C#Cc1ccc(cc1)C(=O)[O-])C1c3c(C2c2c1cccc2)cccc3.[Zn][Zn]&&sql.cat0;QUNVOM,0.5944
[O-]C(=O)c1ccc(cc1)C#Cc1c2c(c(c3c1C1c4c(C3c3c1cccc3)cccc4)C#Cc1ccc(cc1)C(=O)[O-])C1c3c(C2c2c1cccc2)cccc3.[OH2][Zn][Zn][OH2]&&sql.cat0;QUNVUS,0.8629
Cl[Cd].[Cd].[O-]C(=O)c1ccc(cc1)n1ncnc1&&dia.cat0;QUNXEE,0.8942
O=C(c1cccc(c1)C(=O)[CH]C(=O)C(C)(C)C)[CH]C(=O)C(C)(C)C.[O][V].n1ccc(cc1)c1ccncc1&&UNKNOWN.cat1;QUPDIQ,0.8778
O=C1N(c2ccncc2)C(=O)c2c3c1ccc1c3c(cc2)C(=O)N(C1=O)c1ccncc1.[Zn]&&ERROR.cat1;QUPHUG,0.7705
O=C1N(c2ccncc2)C(=O)c2c3c1ccc1c3c(cc2)C(=O)N(C1=O)c1ccncc1.[Zn]&&ERROR.cat3;QUPJAO,0.8731
"[O-]C(=O)c1cc(cc(c1)C(=O)[O-])c1cc(cc(c1)c1cc(cc(c1)C(=O)[O-])C(=O)[O-])c1cc(cc(c1)C(=O)[O-])C(=O)[O-].[Zn]&&cor,tfu.cat0;QUQFIS",0.8859
"[Cd].[O-]C(=O)c1cc(cc(c1)C(=O)[O-])c1cc(cc(c1)c1cc(cc(c1)C(=O)[O-])C(=O)[O-])c1cc(cc(c1)C(=O)[O-])C(=O)[O-].[O][Cd].[O][Cd]([O])[O]&&cor,tfu.cat0;QUQFOY",0.8897
"N#C[C](c1ccc(cc1)[C](C#N)C#N)C#N.[Cd].n1ccc(cc1)C=Cc1ccncc1&&fsc,mcn.cat0;QUQPIC",0.8997
"N#C[C](c1ccc(cc1)[C](C#N)C#N)C#N.[Zn].n1ccc(cc1)[C]=[C]c1ccncc1&&fsc,UNKNOWN.cat0;QUQPOI",0.8871
"N#C[C](c1ccc(cc1)[C](C#N)C#N)C#N.[Zn]&&sql,bex.cat1;QUQQAV",0.8978
"N#C[C](c1ccc(cc1)[C](C#N)C#N)C#N.[Zn]&&ERROR,bex.cat1;QUQQEZ",0.7088
"N#C[C](c1ccc(cc1)[C](C#N)C#N)C#N.[Zn]&&sql,bex.cat1;QUQQID",0.7457
"N#C[C](c1ccc(cc1)[C](C#N)C#N)C#N.[Mn]&&sql,bex.cat1;QUQQUP",0.9014
[O-]C(=O)c1ccncc1.[Pd].[Zn]&&pts.cat1;QURSEC,0.8082
[O-]C(=O)c1cc(C(=O)[O-])c(cc1C(=O)[O-])C(=O)[O-].[OH2][Co][OH]([Co][OH]([Co][OH2])[Co][OH2])[Co][OH2]&&UNKNOWN.cat0;QUTTII,0.5725
[Mn].n1ccc(cc1)c1ccncc1&&sql.cat1;QUXLUR,0.8959
[C]#N.[C][Re].[Mn].[N][Mn].[P][Re].[Re]&&ERROR.cat1;RADBEF,0.8444
Cc1cc2CNCC[N]Cc3c(c(C[NH]4[Cd]5678Oc2c(c1)C[NH]5CC[NH]7Cc1c(O6)c(CNCCNCc2c(c(CN8CC4)cc(C)c2)[O])cc(c1)C)cc(c3)C)[O].[Cd].[O-]C(=O)c1cccc(c1)C(=O)[O-]&&ERROR.cat3;RAFXIH,0.8587
[O-]C(=O)C(C[O])[N].[O-]C(=O)c1ccc(cc1)C(=O)[O-].[Zn]&&UNKNOWN.cat0;RAPYOY,0.8981
[O-]C(=O)C(C[O])[N].[O-]C(=O)[C](C[O])[N].[O-]C(=O)c1ccc(cc1)C(=O)[O-].[Zn]&&UNKNOWN.cat0;RAPYUE,0.9011
COc1c(C=Cc2ccncc2)cc2c(c1c1c(OC)c(C=Cc3ccncc3)cc3c1cccc3)cccc2.[Cd]&&UNKNOWN.cat1;RAQFUL,0.8835
Cc1nccn1Cc1ccncc1.[O-]C(=O)c1cc(C(=O)[O-])c(cc1C(=O)[O-])C(=O)[O-].[OH2][Cd]&&bbf.cat0;RAVKEG,0.8488
O.[Ca].[O-]C(=O)C(C)(C)C&&ERROR.cat1;RAVNAE,0.8683
[OH2][Zn][OH2].[O]S(=O)(=O)[O].n1ccc(cc1)C=Cc1ccncc1&&UNKNOWN.cat0;RAWPOV,0.8763
O=C1N(c2ccncc2)C(=O)c2c3c1ccc1c3c(cc2)C(=O)N(C1=O)c1ccncc1.[O-]C(=O)c1ccc(s1)C(=O)[O-].[Zn]&&ERROR.cat0;RAXCOK,0.8958
O=C1C(=O)C(=O)C1=O.[OH2][Fe][OH2].n1ccc(cc1)C=Cc1ccncc1&&sql.cat1;RAXNEK,0.8935
[Cd].[O-]C(=O)c1cc(cc(c1)n1cnnc1)C(=O)[O-]&&ERROR.cat1;RAXXEV,0.5981
[Mn].[N][N][N].c1ccc(cn1)[CH][N][N][CH]c1cccnc1&&ERROR.cat0;RAXYOF,0.8742
[Cu].[O]S(=O)(=O)[O].c1ccc(nc1)C1=NN=C([N]1)C1=NN=C[N]1&&ERROR.cat0;RAYFAA,0.8952
O=C(c1ccc(cc1)c1ccc(cc1)C(=O)Nc1ccncc1)Nc1ccncc1.[C]C=C(C(=O)[O-])C=C(C(=O)[O-])C=[CH].[C]C=C(C(=O)[O-])[CH]C(=C[CH])C(=O)[O-].[Zn]&&ERROR.cat0;RAYKEJ,0.8845
O=C(c1ccc(cc1)c1ccc(cc1)C(=O)Nc1ccncc1)Nc1ccncc1.[Zn]&&ERROR.cat2;RAYKIN,0.884
O=C(c1ccc(cc1)c1ccc(cc1)C(=O)Nc1ccncc1)Nc1ccncc1.[Zn]&&ERROR.cat2;RAYKOT,0.8753
O=C(c1ccc(cc1)c1ccc(cc1)C(=O)Nc1ccncc1)Nc1ccncc1.[O]c1cc(cc(c1)C(=O)[O-])C(=O)[O-].[Zn]&&ERROR.cat0;RAYKUZ,0.8831
Nc1cc(cc(c1)C(=O)[O-])C(=O)[O-].O=C(c1ccc(cc1)c1ccc(cc1)C(=O)Nc1ccncc1)Nc1ccncc1.[Zn]&&ERROR.cat0;RAYLAG,0.8666
Nc1cc(cc(c1)C(=O)[O-])C(=O)[O-].O=C(c1ccc(cc1)c1ccc(cc1)C(=O)Nc1ccncc1)Nc1ccncc1.[Zn]&&ERROR.cat0;RAYLEK,0.8685
O=C(c1ccc(cc1)c1ccc(cc1)C(=O)Nc1ccncc1)Nc1ccncc1.[O-]C(=O)c1cc(cc(c1)N(=O)=O)C(=O)[O-].[Zn]&&ERROR.cat0;RAYLIO,0.8734
O=C(c1ccc(cc1)c1ccc(cc1)C(=O)Nc1ccncc1)Nc1ccncc1.[O-]C(=O)c1cc(cc(c1)N(=O)=O)C(=O)[O-].[Zn]&&ERROR.cat0;RAYLOU,0.8799
O=C(c1ccc(cc1)c1ccc(cc1)C(=O)Nc1ccncc1)Nc1ccncc1.[O-]C(=O)c1cc(cc(c1)C(=O)[O-])C(=O)[O-].[Zn]&&ERROR.cat0;RAYLUA,0.8758
O=C(c1ccc(cc1)c1ccc(cc1)C(=O)Nc1ccncc1)Nc1ccncc1.[O-]C(=O)c1cc(cc(c1)C(=O)[O-])C(=O)[O-].[Zn]&&ERROR.cat0;RAYMAH,0.8817
"[O-]C(=O)c1ccc(cc1)c1cc(cc(c1)c1ccc(cc1)C(=O)[O-])c1cc(cc(c1)c1cc(cc(c1)c1ccc(cc1)C(=O)[O-])c1ccc(cc1)C(=O)[O-])c1cc(cc(c1)c1ccc(cc1)C(=O)[O-])c1ccc(cc1)C(=O)[O-].[O][In][O]([In][O])[In][O]&&nia,jjt.cat0;RAYMIP",0.8989
"[O-]C(=O)c1ccc(cc1)c1cc(cc(c1)c1ccc(cc1)C(=O)[O-])c1cc(cc(c1)c1cc(cc(c1)c1ccc(cc1)C(=O)[O-])c1ccc(cc1)C(=O)[O-])c1cc(cc(c1)c1ccc(cc1)C(=O)[O-])c1ccc(cc1)C(=O)[O-].[O][Mn][O]([Mn][O])[Mn][O]&&nia,jjt.cat0;RAYMOV",0.9005
CCn1cc(C(=O)[O-])c(=O)c2c1nc(N1CC[N]CC1)c(c2)F.[Mn]&&sql.cat0;RAZTIW,0.5178
C1=[C]C=CN=C1.[CH]C=[N].[CH]N=C[CH].[OH2][Mn][OH2]&&ERROR.cat3;REBTIB,0.8998
C(Cc1ccncc1)Cc1ccncc1.CC(P(=O)([O])[O])(C)C.[Mn]O[Mn].[Mn][O]12[Mn][O]3[Mn]4562[O]([Mn]1)[Mn][O]4[Mn][O]6([Mn][O]5[Mn]3)[Mn].[Mn][O]12[Mn][O]3[Mn]4562[O]([Mn]1)[Mn][O]5[Mn]1[O]6([Mn][O]4[Mn]3)[Mn]1&&UNKNOWN.cat1;RECKIV,0.8922
Cl[Co]Cl.O=C(c1cccc(n1)C(=O)NCc1cccnc1)NCc1cccnc1&&sql.cat0;REDYIK,0.8523
[OH2][Cu].c1ccc(cn1)c1nnc(o1)c1cccnc1&&ERROR.cat1;REFKIX,0.8548
[O-]C(=O)CCC(=O)[O-].[OH2][Ni][OH2].n1ccc(cc1)c1nnc(o1)c1ccncc1&&sql.cat1;REFKOD,0.8975
[O-]C(=O)c1cc(cc(c1)C(=O)[O-])C(=O)[O-].[Zn][O]([Zn])[Zn]&&qnb.cat0;REGQUR,0.8384
[O-]C(=O)c1cc(cc(c1)C(=O)[O-])C(=O)[O-].[Zn][O]([Zn])[Zn].[Zn][Zn]&&UNKNOWN.cat0;REGRAY,0.8712
[O-]C(=O)c1cc(cc(c1)C(=O)[O-])C(=O)[O-].[O][Zn][O].[O][Zn][Zn][O].[Zn]&&UNKNOWN.cat0;REGREC,0.8938
[O-]C(=O)c1cc(cc(c1)C(=O)[O-])C(=O)[O-].[O][Zn].[Zn]&&UNKNOWN.cat0;REGRIG,0.8928
O=N(=O)C1=NC=C[N]1.O=N(=O)C1=N[CH]C=N1.[Co]&&rho.cat0;REGXOS,0.8972
Cl[Cu].[Cu].[O-]C(=O)c1ccc2c(c1)c1ccc(cc1c1c2cc(cc1)C(=O)[O-])C(=O)[O-]&&the.cat0;REGYOT,0.8926
[C][N][N]c1cc(cc(c1)C(=O)[O-])C(=O)[O-].[Cd].[O-]C(=O)C1=CC=[C]C=C1.[O-]C(=O)c1cc(cc(c1)C(=O)[O-])N1[C][C]1&&hcb.cat1;REHHET,0.8883
[Cd].[O-]C(=O)c1cc(N=[C]c2ccc(cc2)C2([O])OOO2)cc(c1)C(=O)[O-].[O-]C(=O)c1ccc(cc1)[C]=Nc1cc(cc(c1)C(=O)[O-])C(=O)[O-]&&UNKNOWN.cat0;REHHOD,0.8909
[Co].[O-]C(=O)c1cc(cc(c1)c1ccncc1)C(=O)[O-].n1ccc(cc1)CCc1ccncc1&&gra.cat1;REHVEH,0.773
COc1cc2Cc3cc(OCc4cccc[n+]4[O-])c(cc3Cc3c(Cc2cc1OCc1cccc[n+]1[O-])cc(OC)c(c3)OCc1cccc[n+]1[O-])OC.[Cd]&&hcb.cat0;REJQAA,0.716
COc1cc2Cc3cc(OC[C]4C=CC=CN4[O])c(cc3Cc3c(Cc2cc1OC[C]1C=CC=CN1[O])cc(OC)c(c3)OCC1=CC=C[CH]N1[O])OC.COc1cc2Cc3cc(OC[C]4C=CC=CN4[O])c(cc3Cc3c(Cc2cc1OC[C]1C=CC=CN1[O])cc(OC)c(c3)OC[C]1C=CC=CN1[O])OC.Cl[Cu]Cl&&hcb.cat0;REJQEE,0.8716
[Cu].n1ccc(cc1)c1ccncc1&&ERROR.cat1;REJZOX,0.801
[O-]C(=O)c1ccc2c(c1)ccc(c2)C(=O)[O-].[Zn][Zn].n1ccc(cc1)C=Cc1ccncc1&&pcu.cat1;RELLAW,0.8851
[Cd].[O-]C(=O)c1ccc(cc1)c1ccc(cc1)C(=O)[O-].[O-]C=O&&ERROR.cat0;REPCIZ,0.8954
[O-]C(=O)C1=CN2C(=C3N([Pd]2(Cl)Cl)C=C(C=C3)C(=O)[O-])C=C1.[O][Tb][O]&&ERROR.cat0;REQBAS,0.3351
[O-]C(=O)C1=CN2C(=C3N([Pd]2(Cl)Cl)C=C(C=C3)C(=O)[O-])C=C1.[O][Gd][O]&&ERROR.cat0;REQBEW,0.8917
[O-]C(=O)C1=CN2C(=C3N([Pd]2(Cl)Cl)C=C(C=C3)C(=O)[O-])C=C1.[O][Eu][O]&&ERROR.cat0;REQBIA,0.3767
[O-]C(=O)C1=CN2C(=C3N([Pd]2(Cl)Cl)C=C(C=C3)C(=O)[O-])C=C1.[O][Sm][O]&&ERROR.cat0;REQBOG,0.7617
Ic1cnc(nc1)N.[Ag]&&ERROR.cat3;RESFAX,0.4998
[O-]C(=O)c1ccc(cc1)Nc1ccc(cc1)C(=O)[O-].[OH2][Cd][OH2]&&ERROR.cat3;RETHIJ,0.8479
"[O-]C(=O)c1cc(cc(c1)C(=O)[O-])N1[N]N=C([CH]1)c1cc(cc(c1)C1=CN([N][N]1)c1cc(cc(c1)C(=O)[O-])C(=O)[O-])C1=CN([N][N]1)c1cc(cc(c1)C(=O)[O-])C(=O)[O-].[OH2][Cu][Cu][OH2]&&ERROR,ntt.cat0;REWNEO",0.894
"[O-]C(=O)c1cc(cc(c1)C(=O)[O-])n1nnc(c1)c1cc(cc(c1)c1nnn(c1)c1cc(cc(c1)C(=O)[O-])C(=O)[O-])c1nnn(c1)c1cc(cc(c1)C(=O)[O-])C(=O)[O-].[OH2][Cu][Cu][OH2]&&ERROR,ntt.cat0;REWNEO01",0.9019
[O-]C(=O)C(=O)[O-].[O-]C(=O)c1ccc(cc1)CN1[CH]C=C(C=C1)C1=C[CH]N(C=C1)Cc1ccc(cc1)C(=O)[O-].[O][Dy]&&ERROR.cat0;REWSUJ,0.5216
I[Zn]I.n1ccc(cc1)C1=NC(=[N]=C([N]1)c1ccncc1)c1ccncc1&&ths.cat1;REXCOO,0.882
I[Zn](N1[CH]C=C(C=C1)C1=NC(=[N]=C([N]1)c1ccncc1)c1ccncc1)I.I[Zn](N1[CH]C=C(C=C1)C1=[N]=C(N=C([N]1)c1ccncc1)c1ccncc1)I.I[Zn](N1[CH]C=C(C=C1)C1=[N]=C([N]C(=N1)c1ccncc1)c1ccncc1)I.I[Zn]I.n1ccc(cc1)C1=NC(=[N]=C([N]1)c1ccncc1)c1ccncc1&&ERROR.cat1;REXDAB,0.8568
I[Zn]I.n1ccc(cc1)C1=NC(=[N]=C([N]1)c1ccncc1)C1=CC(N=C[CH]1)[C]C1N=C[CH]C(=C1)C1=[N]=C([N]C(=N1)c1ccncc1)c1ccncc1.n1ccc(cc1)C1=NC(=[N]=C([N]1)c1ccncc1)c1ccncc1&&UNKNOWN.cat0;REXDEF,0.8847
I[Zn]I.n1ccc(cc1)C1=NC(=[N]=C([N]1)c1ccncc1)c1ccncc1&&ths.cat1;REXDIJ,0.8665
I[Zn]I.n1ccc(cc1)C1=NC(=[N]=C([N]1)c1ccncc1)c1ccncc1&&ths.cat1;REXDOP,0.896
I[Zn]I.n1ccc(cc1)C1=NC(=[N]=C([N]1)c1ccncc1)c1ccncc1&&ths.cat1;REXDUV,0.8991
I[Zn]I.n1ccc(cc1)C1=NC(=[N]=C([N]1)c1ccncc1)c1ccncc1&&ths.cat1;REXFAD,0.8845
I[Zn]I.n1ccc(cc1)C1=NC(=[N]=C([N]1)c1ccncc1)c1ccncc1&&ths.cat1;REXFEH,0.9013
I[Zn](N1[CH]C=C(C=C1)C1=[N]=C(N=C([N]1)c1ccncc1)c1ccncc1)I.I[Zn]I.n1ccc(cc1)C1=NC(=[N]=C([N]1)c1ccncc1)c1ccncc1.n1ccc(cc1)C1=[N]=C(N=[C][N]1)c1ccncc1&&ERROR.cat2;REXFIL,0.8802
I[Zn]I.n1ccc(cc1)C1=NC(=[N]=C([N]1)c1ccncc1)c1ccncc1&&ths.cat1;REXFOR,0.8786
I[Zn]I.n1ccc(cc1)C1=NC(=[N]=C([N]1)c1ccncc1)c1ccncc1&&ths.cat1;REXFUX,0.899
"[In].[O-]C(=O)c1cc(OCC(COc2cc(cc(c2)C(=O)[O-])C(=O)[O-])(COc2cc(cc(c2)C(=O)[O-])C(=O)[O-])COc2cc(cc(c2)C(=O)[O-])C(=O)[O-])cc(c1)C(=O)[O-]&&scu,bor.cat0;REYJEM",0.6924
[O-]C(=O)C1=C([N]N=N1)C(=O)[O-].[O-]C(=O)C1=NN=N[C]1C(=O)[O-].[O-]C(=O)C1=N[N]N=C1C(=O)[O-].[OH2][Zn].[Zn].n1ccc(cc1)[N][N]c1ccncc1&&UNKNOWN.cat0;REYPES,0.9039
[C]#N.[Fe].[OH2][Sm][OH2]&&ERROR.cat1;REYRUJ,0.7052
Cc1c(CSc2ccncc2)c(C)c(c(c1CSc1ccncc1)C)CSc1ccncc1.Cl[Hg]Cl&&ERROR.cat0;REZWEZ,0.8279
Cc1c(CSc2ccncc2)c(C)c(c(c1CSc1ccncc1)C)CSc1ccncc1.I[Hg]I&&UNKNOWN.cat1;REZWID,0.8321
[O-]C(=O)[C][C]C(=O)[O-].[O][Fe][O]([Fe][O])[Fe][O]&&acs.cat0;REZXIE,0.8872
[O-]C(=O)[C][C]C(=O)[O-].[O][Fe][O]([Fe][O])[Fe][O]&&acs.cat0;REZXIE01,0.887
"[O-]C(=O)c1ccc(cc1)NC1=[N]=C([N]C(=N1)Nc1cc(cc(c1)C(=O)[O-])C(=O)[O-])Nc1cc(cc(c1)C(=O)[O-])C(=O)[O-].[O][Cu][O]1[Cu][O]([Cu]1)[Cu]&&bnn,UNKNOWN.cat0;RIBTAZ",0.8484
C(Cn1cncc1)CCn1cncc1.[O-]C(=O)Cc1ccccc1CC(=O)[O-].[Zn]&&sql.cat0;RICZUA,0.818
[Co].[O-]C(=O)C1=C[CH]C2=NN=NC2=C1.[O-]C(=O)c1ccc2=N[N]N=c2c1.[OH]&&UNKNOWN.cat0;RIDDUE,0.8781
Cl[Cu].[Cu].[O-]C(=O)c1cc(cc(c1)C(=O)[O-])C(=O)[O-]&&the.cat0;RIDJEV,0.7169
[Ag].c1ccc2c(c1)c(c1c(c2n2cnc3c2cccc3)cccc1)n1cnc2c1cccc2&&ERROR.cat0;RIDPAW,0.326
[O-]C(=O)c1cc(cc(c1)C(=O)[O-])C(=O)[O-].[O][Zn][Zn][O]&&tbo.cat0;RIFDUG01,0.8446
[Co].[NH]C1CCC(CC1)[NH].[O].[O]P(=O)(O)[O].[O]P(=O)([O])[O]&&UNKNOWN.cat0;RIFQUT,0.8985
[Eu].[O-]C(=O)c1cc(ncn1)C(=O)O[O].[O-]C(=O)c1ncnc(c1)C(=O)[O-].[OH]&&UNKNOWN.cat0;RIGVOU,0.8626
[Eu].[O-]C(=O)c1ncnc(c1)C(=O)[O-].[O]&&UNKNOWN.cat0;RIGWIP,0.8528
[Co].[O-]C(=O)C1=C[CH]C2=NN=NC2=C1.[O-]C(=O)c1ccc2=N[N]N=c2c1.[OH]&&UNKNOWN.cat0;RIHJUO,0.8739
[O-]C(=O)c1cc(cc(c1)c1cc(cc(c1)C(=O)O)C(=O)[O-])C(=O)O.[Zn].n1ccc(cc1)c1ccc(cc1)C1=N[C](N[N]1)c1ccccn1&&hcb.cat0;RIKDUM,0.6997
[Co].[O-]C(=O)c1cc(cc(c1)c1cc(cc(c1)C(=O)O)C(=O)[O-])C(=O)O.n1ccc(cc1)c1ccc(cc1)C1=N[C](N[N]1)c1ccccn1&&hcb.cat0;RIKFAU,0.722
[Fe].[O-]C(=O)c1cc(cc(c1)c1cc(cc(c1)C(=O)O)C(=O)[O-])C(=O)O.n1ccc(cc1)c1ccc(cc1)C1=N[C](N[N]1)c1ccccn1&&hcb.cat0;RIKFEY,0.7735
N1=[C][C]=C([C]=[C]1)C1=[C][C]=N[C]=[C]1.[Co]&&sql.cat1;RINPUZ,0.8995
C[C](c1ccncc1)[N][N][C](c1ccncc1)C.[Cu][Cu].[O-]C(=O)CCCC(=O)[O-]&&rob.cat0;RIPKIM,0.8974
C[C](c1ccncc1)[N][N][C](c1ccncc1)C.[Cu][Cu].[O-]C(=O)CCCC(=O)[O-]&&rob.cat0;RIPKIM01,0.9005
C[C](c1ccncc1)[N][N][C](c1ccncc1)C.[Cu][Cu].[O-]C(=O)CCCC(=O)[O-]&&rob.cat0;RIPKOS,0.902
[Co].[Eu].[O-]C(=O)C1=NN=N[C]1C(=O)[O-].[O-]C(=O)C1=N[N]N=C1C(=O)[O-].[O-]C=O&&UNKNOWN.cat0;RIPRIT,0.307
[Co].[Gd].[O-]C(=O)C1=NN=N[C]1C(=O)[O-].[O-]C(=O)C1=N[N]N=C1C(=O)[O-].[O-]C=O&&UNKNOWN.cat0;RIPROZ,0.8825
[Co].[O-]C(=O)C1=NN=N[C]1C(=O)[O-].[O-]C(=O)C1=N[N]N=C1C(=O)[O-].[O-]C=O.[Tb]&&UNKNOWN.cat0;RIPRUF,0.204
[Co].[Dy].[O-]C(=O)C1=NN=N[C]1C(=O)[O-].[O-]C(=O)C1=N[N]N=C1C(=O)[O-].[O-]C=O&&UNKNOWN.cat0;RIPSAM,0.8812
O=N(=O)C1=NC=C[N]1.[Co].c1ccc2c(c1)N=C[N]2&&gme.cat0;RIRDAZ,0.8714
[Cu].[O]P(=O)(c1ccccc1)CP(=O)(c1ccccc1)[O].n1ccc(cc1)c1ccncc1&&ERROR.cat3;RITTIY,0.8779
CO[B](OC)(OC)OC.[Cd]&&ERROR.cat0;RIVDEF,0.8828
[O-]C(=O)CNS(=O)(=O)c1cccc(c1)C(=O)[O-].[OH2][Mn].n1ccc(cc1)c1ccncc1&&ERROR.cat0;RIXBEG,0.8321
[O-]C(=O)CNS(=O)(=O)c1cccc(c1)C(=O)[O-].[OH2][Mn].n1ccc(cc1)c1ccncc1&&ERROR.cat0;RIXBIK,0.8781
[Al]1O[Al]O[Al]O[Al]O[Al]O[Al]O[Al]O[Al]O1.[O-]C(=O)c1ccc(cc1)c1cc(cc(c1)c1ccc(cc1)C(=O)[O-])c1ccc(cc1)C(=O)[O-]&&fon.cat0;RIXPIZ,0.6998
I[Zn]I.n1ccc(cc1)C1=NC(=[N]=C([N]1)c1ccncc1)c1ccncc1&&srs.cat1;RIYBOS,0.8992
[Cd].[N][N][N].n1ccc(cc1)C1=NN=N[N]1&&ERROR.cat0;ROCZUG,0.8984
[C]=O.[O-]C(=O)C(F)(F)F.[O-][C]=O.[Rh][Rh]&&ERROR.cat3;ROFPEH,0.8554
[O-]C(=O)c1cc(cc(c1)C(=O)[O-])c1cc(cc(c1)C(=O)[O-])C(=O)[O-].[OH2][Bi]&&ERROR.cat0;ROFREL,0.8949
[Bi].[O-]C(=O)c1cc(cc(c1)C(=O)[O-])c1cc(cc(c1)C(=O)[O-])C(=O)[O-]&&ERROR.cat0;ROFREL01,0.8956
[N][N][N].[Ni].[O-]C(=O)c1ccncc1.[OH2][Ni][OH2]&&UNKNOWN.cat0;ROGLOP,0.8768
C1CN2CCN1CC2.O=C(c1ccc(cc1)C(=O)[O-])c1ccc(cc1)C(=O)[O-].[Zn][Zn]&&crs.cat0;ROGMEG,0.8382
[O-]C(=O)C1C(C(=O)[O-])C(C(=O)[O-])C(C(C1C(=O)[O-])C(=O)[O-])C(=O)[O-].[OH2][Cd]&&hcb.cat0;ROGREL,0.8983
[Cd].[O-]C(=O)C1C(C(=O)[O-])C(C(=O)[O-])C(C(C1C(=O)[O-])C(=O)[O-])C(=O)[O-]&&kgd.cat3;ROGROV,0.8724
[O-]C(=O)C1C(C(=O)[O-])C(C(=O)[O-])C(C(C1C(=O)[O-])C(=O)[O-])C(=O)[O-].[OH2][Ni][OH]1[Ni]([OH2])[OH]([Ni]1[OH2])[Ni][OH2].n1ccc(cc1)c1ccncc1&&fsc.cat0;ROGSAI,0.853
[O-]C(=O)c1cc(C(=O)[O-])c(cc1C(=O)[O-])C(=O)[O-].[O-]C(=O)c1ccc(cc1)CN1[CH]C=C(C=C1)C=Cc1ccncc1.[Zn]&&bex.cat1;ROHJUV,0.8631
[O-]C(=O)c1cc(C(=O)[O-])c(cc1C(=O)[O-])C(=O)[O-].[O-]C(=O)c1ccc(cc1)CN1[CH]C=C(C=C1)c1ccncc1.[Zn]&&bex.cat1;ROHKAC,0.875
[O-]C(=O)c1cc(C)c(c(c1)C)B(c1c(C)cc(cc1C)C(=O)[O-])c1c(C)cc(cc1C)C(=O)[O-].[O-]C(=O)c1ccc(cc1)C(=O)[O-].[Zn][O]([Zn])([Zn])[Zn]&&ith-d.cat0;ROLZAV,0.9017
O[Eu]O.[O-]C(=O)C1=C[CH]N(C=C1)Cc1c(C)c(CN2[CH]C=C(C=C2)C(=O)[O-])c(c(c1C)CN1[CH]C=C(C=C1)C(=O)[O-])C&&ERROR.cat0;ROLZEZ,0.4429
[O-]C(=O)c1ccc(cc1)Cc1ccc(cc1)C(=O)[O-].[OH2][Cu].n1ccc(cc1)c1ccncc1&&cds.cat0;RONSIY,0.6795
[Zn].n1ccc(cc1)C1=NN=C([N]1)C1=CN=N[CH]1.n1ccc(cc1)C1=NN=C([N]1)C1=C[N]N=C1&&sql.cat0;ROQVIE,0.9019
C#C[C]Oc1cc(cc(c1)C(=O)[O-])C(=O)[O-].[Zn].n1ccc(cc1)c1ccncc1&&ERROR.cat0;ROTTOL,0.8864
[Ni][O]([Ni])[Ni].[O-]C(=O)c1ccc(cc1)C(=O)[O-]&&acs.cat0;ROYJIA,0.8888
[Ni][O]([Ni])[Ni].[O-]C(=O)c1c(O)c(O)c(c(c1O)O)C(=O)[O-]&&acs.cat0;ROYJOG,0.8937
[Mn].[O-]C(=O)c1ccc(cc1)C1=C(SC(=C2SC(=C(S2)c2ccc(cc2)C(=O)[O-])c2ccc(cc2)C(=O)[O-])S1)c1ccc(cc1)C(=O)[O-].[OH2][Mn][OH2]&&ERROR.cat0;ROYMEZ,0.8265
[Co].[O-]C(=O)c1ccc(cc1)C1=C(SC(=C2SC(=C(S2)c2ccc(cc2)C(=O)[O-])c2ccc(cc2)C(=O)[O-])S1)c1ccc(cc1)C(=O)[O-].[OH2][Co][OH2]&&ERROR.cat0;ROYMID,0.8433
[O-]C(=O)c1cc2ccccc2c(c1O)Cc1c(O)c(cc2c1cccc2)C(=O)[O-].[O][Er](O[Er]([O])([O])[OH2])[OH2]&&cds.cat0;ROYRII,0.6325
OC1=C(Cc2c(O)c(cc3c2cccc3)C(=O)[O-])C23C(=C[C]1[C])C=C[CH]C3[C]2.[CH]=Cc1c([CH])cc(c(c1Cc1c(O)c(cc2c1cccc2)C(=O)[O-])O)C(=O)[O-].[C]C1=C[C]2C=C[CH]C3C2(C(=C1O)Cc1c(O)c(cc2c1cccc2)C(=O)[O-])[C]3.[O][Yb][OH2]&&ERROR.cat1;ROYROO,0.7115
[O-]C(=O)c1ccc(cc1)c1ccc(cc1)C(=O)[O-].[Zn][O]([Zn])([Zn])[Zn]&&pcu.cat1;RUBBOH,0.8647
[CH]=[C]C#Cc1cccc(c1)C#CC1=CC(=C[C]=C1)C(=O)[O-].[CH]=[C]C#Cc1cccc(c1)C#C[C]=CC(=C[C]C#Cc1cccc(c1)C#C[C]=CC(=C[C])C(=O)[O-])C(=O)[O-].[CH]=[C]C#Cc1cccc(c1)C#C[C]=CC(=[CH])C(=O)[O-].[C]#Cc1cccc(c1)C#C[C]=CC(=[CH])C(=O)[O-].[C]C#Cc1cccc(c1)C#CC1=CC(=C[C]=C1)C(=O)[O-].[C]C#Cc1cccc(c1)C#C[C]=CC(=[CH])C(=O)[O-].[C][C]C=[C]C#Cc1cccc(c1)C#[C].[O-]C(=O)[C][CH].[O-][C]=O.[Zn]&&ERROR.cat4;RUBDUP,0.9015
[C]O[O].[C]=O.[O].[Mn].[O-]C(=O)c1ccc(nc1)SSc1ccc(cn1)C(=O)[O-].[O-][C]=O.[C].[O].[O]&&UNKNOWN.cat1;RUBGOM,0.8273
[Mn].[O-]C(=O)c1ccc(nc1)SSc1ccc(cn1)C(=O)[O-].[OH2][Mn]&&sql.cat0;RUBKAC,0.876
[O-]C(=O)C1=[C][C]=C([C]=[C]1)C(=O)[O-].[O]12[Zr]34[O]5[Zr]62[O]2[Zr]71[O]4[Zr]14[O]3[Zr]35[O]6[Zr]2([O]71)[O]43&&fcu.cat0;RUBTAK01,0.8879
[O-]C(=O)C1=[C][C]=C([C]=[C]1)C(=O)[O-].[O]12[Zr]34[O]5[Zr]62[O]2[Zr]71[O]4[Zr]14[O]3[Zr]35[O]6[Zr]2([O]71)[O]43&&fcu.cat0;RUBTAK02,0.8867
[O]12[Zr]34[O]5[Zr]62[O]2[Zr]71[O]4[Zr]14[O]3[Zr]35[O]6[Zr]2([O]71)[O]43.[O][C]([C][C]C1=[C][C]=C([C]=[C]1)C1=[C][C]=C([C]=[C]1)[C][C][C]([O])[O])[O]&&bcu.cat0;RUBYUK,0.9046
NC(C([S])(C)C)C(=O)[O-].[Au].[Pt].[Zn]&&pth.cat0;RUCGOM,0.8626
[O-]C(=O)c1cccc(c1)C(=O)[O-].[OH2][Zn].[O]CCN(CCO)CC[O].[Zn]&&bnn.cat0;RUFRIV,0.8893
CC1=NN=C([N]1)C.CC1=N[N]C(=N1)C.[Cu].[Cu][Cu].[O-]C(=O)c1ccc(cc1)C(=O)[O-].[OH2][Cu][OH]([Cu])[Cu]&&ERROR.cat0;RUFZID,0.8933
Nc1ncnc2=[N]=CN=c12.[O-]C(=O)C1=CN=N[CH]1.[O-]C(=O)C1=C[N]N=C1.[OH2][Zn].[Zn]&&UNKNOWN.cat0;RUGKOV,0.8969
[O-]C(=O)c1ccc(cc1)C(=O)[O-].[Zn].n1ccc(cc1)c1ccc(cc1)Nc1ccc(cc1)c1ccncc1&&sra.cat1;RUGPAM,0.8915
O=C(c1ccncc1)NN=Cc1ccncc1.[Mn]&&sql.cat0;RUGXEY,0.8228
[O-]C(=O)[C].[O-][C]=O.[O]c1cc(cc(c1)C(=O)[O-])C(=O)[O-].[Zn]&&UNKNOWN.cat1;RUGXUO,0.8372
Nc1nnc(n1[Zn])N.[N][Zn].[O][Zn][OH2].[O][Zn]n1c(N)nnc1N&&ERROR.cat1;RUGZAW,0.8678
"[Co].[O-]C(=O)c1ccc(cc1)OCC(COc1ccc(cc1)C(=O)[O-])(COc1ccc(cc1)C(=O)[O-])COCC(COc1ccc(cc1)C(=O)[O-])(COc1ccc(cc1)C(=O)[O-])COc1ccc(cc1)C(=O)[O-].c1ncn(c1)c1ccc(cc1)n1cncc1&&sql,UNKNOWN.cat1;RUHDEF",0.8892
[Cu].[O-]C(=O)C(C(=O)[O-])([O])[O].[O][Ce]&&UNKNOWN.cat0;RUHFIL,0.8973
[Cu].[O-]C(=O)C(C(=O)[O-])([O])[O].[O][Nd]&&UNKNOWN.cat0;RUHFUX,0.5081
N1=[C][C]=C([C]=[C]1)[C]1[C][C]1C1=[C][C]=N[C]=[C]1.N1=[C][C]=C([C]=[C]1)[C][C]=[C]C1=[C][C]=N[C]=[C]1.[O-]C(=O)C1=[C][C]=C([C][C]1)C1=[C][C]=C([C]=[C]1)C(=O)[O-].[O-]C(=O)C1=[C][C][C]([C][C]1)C1=[C][C]=C([C]=[C]1)C(=O)[O-].[Zn]&&sql.cat3;RUHSAQ,0.8731
[O-]C(=O)c1ccc(cc1)C#Cc1ccc(cc1)C(=O)[O-].[O]12[Zr]34[O]5[Zr]62[O]2[Zr]71[O]4[Zr]14[O]3[Zr]35[O]6[Zr]2([O]71)[O]43&&fcu.cat0;RUKDIM,0.9005
[O-]C(=O)c1ccc(cc1)C#Cc1ccc(cc1)C(=O)[O-].[O]12[Hf]34[O]5[Hf]62[O]2[Hf]71[O]4[Hf]14[O]3[Hf]35[O]6[Hf]2([O]71)[O]43&&fcu.cat0;RUKDOS,0.8995
"N#C[C](c1ccc(cc1)[C](C#N)C#N)C#N.[Rh][Rh]&&sql,hcb.cat0;RULDOT01",0.8046
[O-]C(=O)c1cc(NCc2ccccc2)cc(c1)C(=O)[O-].[O][Zn][O]1[Zn][O]([Zn]1([O])[O])[Zn]&&UNKNOWN.cat0;RULFUB,0.7644
C1N2CN3CN1CN(C2)C3.[O-]C(=O)c1ccc(cc1)c1ccc(cc1)C(=O)[O-].[Zn].[Zn][Zn]&&ERROR.cat0;RULMUI,0.8877
[Mn]12[Mn]3[O]42[Mn]1[Mn]34.[Mn]1[Mn]2[O]31[Mn]2[Mn]3.[Mn][O]12[Mn][Mn]2[Mn]1.[O-]C(=O)c1ccc(cc1)C1=NC(=[N]=C([N]1)c1ccc(cc1)C(=O)[O-])c1ccc(cc1)C(=O)[O-]&&the.cat1;RULXUS,0.8794
[C]OC1=C2O[Cu]34OC5=C(C(=O)N4[C]([C](N3[C]=C2[C][C]=[C]1)C1=[C][C]=[C][C]=[C]1)C1=[C][C]=[C][C]=[C]1)[C][C][C]=[C]5.[C]OC1=C2O[Cu]34OC5=C(C(=O)N4[C]([C](N3[C]=C2[C][C]=[C]1)C1=[C][C]=[C][C]=[C]1)C1=[C][C]=[C][C]=[C]1)[C][C][C][C]5.[C]OC1=[C][C]=[C]C2=[C]N3[Cu]4(O[C]12)OC1=C(C(=O)N4[C]([C]3C2=[C][C]=[C][C]=[C]2)C2=[C][C]=[C][C]=[C]2)[C][C][C]=[C]1.[C]OC1=[C][C]=[C]C2=[C]N3[Cu]4(O[C]12)OC1=C(C(=O)N4[C]([C]3C2=[C][C]=[C][C]=[C]2)C2=[C][C]=[C][C]=[C]2)[C][C][C][C]1.[Gd]&&ERROR.cat2;RUQWOQ,0.8975
[O-]C(=O)c1ccc(cc1)O[C]1=[N]=[C](=[N]=[C](=[N]=1)Oc1ccc(cc1)C(=O)[O-])Oc1ccc(cc1)C(=O)[O-].[Zn]12[OH]34[OH]51[OH]23[Zn]45&&UNKNOWN.cat1;RUSCUF,0.8458
[O-]C(=O)c1ccc(cc1)c1c2N=C[N]c2c(c2c1N=C[N]2)c1ccc(cc1)C(=O)[O-].[Zn][O]([Zn])([Zn])[Zn]&&pcu.cat0;RUTNOK,0.8983
CN1[C]([Pd](I)I)N(c2c1c(ccc2c1ccc(cc1)C(=O)[O-])c1ccc(cc1)C(=O)[O-])C.[Zn]12[O]3456[Zn]7[O]89%101[Zn]3[O]27([Zn]48)([Zn]59)[Zn]6%10.[Zn][O]([Zn])([Zn])[Zn]&&pcu.cat1;RUTPAY01,0.8776
OC(=O)C1=C(N=C([N]1)c1ccncc1)C(=O)[O-].[O-]C(=O)C1=C(N=C([N]1)c1ccncc1)C(=O)O.[O-]C(=O)C1=NC(=N[C]1C(=O)O)c1ccncc1.[Zn]&&UNKNOWN.cat0;RUVMAX,0.8625
[Ni].n1ccc(cc1)Sc1ccncc1&&UNKNOWN.cat3;SABNIT,0.7944
[Al].[O-]C(=O)C1=[C][C]=C([C]=[C]1)C(=O)[O-].[O]&&rna.cat0;SABVUN,0.9064
[Cu].[O-]C(=O)c1cccc(n1)C(=O)[O-].n1ccc(cc1)c1ccncc1&&UNKNOWN.cat0;SABWAV,0.857
[Cu].[O-]C(=O)c1cccc(n1)C(=O)[O-].n1ccc(cc1)[N][N]c1ccncc1&&UNKNOWN.cat0;SABWID,0.8882
[Cu].[O-]C(=O)c1cccc(n1)C(=O)[O-].n1ccc(cc1)[N][N]c1ccncc1&&UNKNOWN.cat0;SABWOJ,0.872
[O-]C(=O)c1cc(cc(c1)C(=O)[O-])C(=O)[O-].[O][Yb]&&UNKNOWN.cat0;SADLIU,0.8906
[Fe].[O-]C(=O)c1ccc(cc1)C(=O)[O-].[O]&&rna.cat0;SADMOB,0.8887
Nn1c(nnc1c1cccc(c1)c1ccncc1)c1cccc(c1)c1ccncc1.[Cd]&&UNKNOWN.cat0;SAHYAD01,0.7974
Nn1c(nnc1c1cccc(c1)c1ccncc1)c1cccc(c1)c1ccncc1.[Cd]&&UNKNOWN.cat0;SAHYAD02,0.8172
Nn1c(nnc1c1cccc(c1)c1ccncc1)c1cccc(c1)c1ccncc1.[Cd]&&UNKNOWN.cat0;SAHYAD03,0.8165
[C]1=CC=[C]C=C1.[C]C1=CC=[C]C=C1.[O][C][O].[O-]C(=O)C1=CC=[C]C=C1.[O][C][O].[Zn][O]([Zn])([Zn])([Zn])([Zn])[Zn].[Zn][O]([Zn])([Zn])[Zn]&&pcu.cat0;SAHYIK,0.8997
[O-]C(=O)c1ccc(cc1)C(=O)[O-].[Zn][O]([Zn])([Zn])[Zn]&&pcu.cat0;SAHYOQ02,0.8993
[O-]C(=O)c1ccc(cc1)C(=O)[O-].[Zn][O]([Zn])([Zn])[Zn]&&pcu.cat0;SAHYOQ03,0.8966
[O-]C(=O)c1ccc(cc1)C(=O)[O-].[Zn][O]([Zn])([Zn])[Zn]&&pcu.cat0;SAHYOQ04,0.9009
[O-]C(=O)c1ccc(cc1)C(=O)[O-].[Zn][O]([Zn])([Zn])[Zn]&&pcu.cat0;SAHYOQ05,0.9014
Cl[C]1C(=O)C(=O)[C](C(=O)C1=O)Cl.[Cu]&&hcb.cat0;SAJBEL,0.8597
Cl[C]1C(=O)C(=O)[C](C(=O)C1=O)Cl.[Cu]&&hcb.cat0;SAJBIP,0.8554
Cl[C]1C(=O)C(=O)[C](C(=O)C1=O)Cl.[Cd]&&hcb.cat0;SAJBOV,0.8797
Cl[C]1C(=O)C(=O)[C](C(=O)C1=O)Cl.[Zn]&&hcb.cat0;SAJBUB,0.859
Cl[C]1C(=O)C(=O)[C](C(=O)C1=O)Cl.[Co]&&hcb.cat0;SAJCAI,0.8662
O=[C]C(=O)[O-].[C]=O.[C]=O.[C].[O].[O].[C]=O.[O].[O].[Cr].[O-]C(=O)C(=O)[O-].[O-]C(=O)[C].[O-][C]=O.[O].[O-][C]=O.[O-][C]=O.[O].[O][La]([O])([O])([O])[O].[O][La]([O])([O])[O]&&ERROR.cat3;SAJFEO,0.2164
[Cd].[O-]C(=O)c1ccc(cc1)CNC1=NC(=[N]=C([N]1)NCc1ccc(cc1)C(=O)[O-])NCc1ccc(cc1)C(=O)[O-]&&ERROR.cat1;SAKSOO,0.8219
[C]1[C]N2[C][C]N1[C][C]2.[O-]C(=O)C1=[C]C(=C([C]=C1Br)C(=O)[O-])Br.[Zn][Zn]&&pcu.cat0;SALSAB,0.8605
[C]1[C]N2[C][C]N1[C][C]2.[O-]C(=O)C1=[C]C(=C([C]=C1Cl)C(=O)[O-])Cl.[O-]C(=O)c1c(Cl)c(Cl)c(c(c1Cl)Cl)C(=O)[O-].[Zn][Zn]&&pcu.cat0;SALSIJ,0.8963
O=N(=O)c1cc(ccc1C(=O)[O-])C(=O)[O-].[Cd].n1ccncc1&&ERROR.cat0;SAMLAV01,0.8623
O=N(=O)c1cc(ccc1C(=O)[O-])C(=O)[O-].[Cd].n1ccncc1&&ERROR.cat0;SAMLAV02,0.8556
O=N(=O)c1cc(ccc1C(=O)[O-])C(=O)[O-].[Cd].n1ccncc1&&ERROR.cat0;SAMLAV03,0.8582
Nc1ncnc2c1N=C[N]2.[O-]C(=O)c1ccc(cc1)c1ccc(cc1)C(=O)[O-].[Zn].[Zn]O[Zn]&&UNKNOWN.cat0;SAPBIW,0.8938
[Ho][Ho].[O-]C(=O)c1ccc(cc1)c1ccc(cc1)C(=O)[O-]&&ERROR.cat0;SAQQEH,0.8174
[O-]C(=O)c1ccc(cc1)c1ccc(cc1)C(=O)[O-].[O][Er]&&UNKNOWN.cat0;SAQQIL,0.8414
[O-]C(=O)C1=[C][C]=C([C]=[C]1)C1=[C][C]=C([C]=[C]1)C(=O)[O-].[O][Y]&&UNKNOWN.cat0;SAQQOR,0.8788
[O-]C(=O)c1ccc(cc1)C(=O)[O-].[O][Cd]([O])[O]&&ERROR.cat1;SAQYEO01,0.8918
[O-]C(=O)c1ccc(cc1)C(=O)[O-].[OH2][Cd]([OH2])[OH2]&&ERROR.cat1;SAQYEO03,0.9021
Nc1nccc(c1)C(=O)[O-].[Zn]&&dia.cat0;SARBOE,0.7655
"N1=NN=C([N]1)c1n[nH]nc1C1=NN=N[N]1.[Zn]&&nbo-a,UNKNOWN.cat0;SARNOQ",0.892
I[Cu]1[S]2[Cu]3[W]4562S21[Cu]S35[Cu]([S]6[Cu]42)I.[N]([CH]c1ccncc1)[N][CH]c1ccncc1&&dia.cat0;SATBIA,0.8953
[Zn].n1ccc(cc1)C1=C2C=CC(=C(c3ccncc3)C3=NC(=C(C4=CC=C(C(=C5N=C1C=C5)c1ccncc1)[N]4)c1ccncc1)C=C3)[N]2&&ERROR.cat0;SAWJIK,0.8053
[Zn].n1ccc(cc1)C1=C2C=CC(=C(c3ccncc3)C3=NC(=C(C4=CC=C(C(=C5N=C1C=C5)c1ccncc1)[N]4)c1ccncc1)C=C3)[N]2&&ERROR.cat0;SAZQEQ,0.9037
[Cd].[Mo].[O].n1ccc(cc1)CCc1ccncc1&&ERROR.cat1;SEFSAY,0.9021
[Cd].[O-]C(=O)c1cc(cc(c1)S([O])([O])[O])C(=O)[O-].c1ncn(c1)Cc1ccc(cc1)Cn1cncc1&&ERROR.cat0;SEFSOM,0.8939
[Cu].[O-]C(=O)c1ccc2c(c1)c[n-][nH]2&&nbo.cat0;SEGBIR,0.9043
[Cu].[O-]C(=O)c1ccc2c(c1)c[n-][nH]2&&nbo.cat0;SEGBOX,0.9016
O1OOO1.[O-]C(=O)C(=O)[O-].[OH2][Cu]&&ERROR.cat2;SEGCUD,0.8875
Cl[Co].[O-]C(=O)c1ccc(cc1)OCc1c(C)c(COc2ccc(cc2)C(=O)[O-])c(c(c1C)COc1ccc(cc1)C(=O)[O-])C.[O][Co][O]&&hcb.cat1;SEHHUK,0.8823
[La].[O-]C(=O)c1ccc(c2c1cccc2)C(=O)[O-]&&sql.cat0;SEHXEJ,0.2845
[O-]C(=O)c1c(cccc1C(=O)[O-])Oc1cccc(c1C(=O)[O-])C(=O)[O-].[OH2][Co].n1ccc(cc1)c1ccncc1&&UNKNOWN.cat0;SEHZUB,0.8822
[Co][O]([Co])([Co])[Co].[O-]C(=O)c1ccc(cc1)C1=NC(=[N]=C([N]1)c1ccc(cc1)C(=O)[O-])c1ccc(cc1)C(=O)[O-]&&the.cat1;SENVIR,0.8841
[O-]C(=O)c1cc(cc(c1)C(=O)[O-])C(=O)[O-].[Zn]&&srs.cat0;SENWAL,0.9009
O=C(Nc1ccncc1)Nc1ccncc1.[O]S(=O)(=O)[O].[Zn]&&sql.cat1;SEQGUR,0.8858
[O-]C(=O)c1ccc(cc1)c1cncc(c1)C(=O)[O-].[O][Ni]O[Ni][O]&&UNKNOWN.cat0;SEQSIS,0.75
[O-]C(=O)c1ccc(cc1)c1cncc(c1)C(=O)[O-].[O][Co]O[Co][O]&&UNKNOWN.cat0;SEQSOY,0.8808
Cl[Mn].[O-]C(=O)c1ccc(cc1)OCc1c(C)c(COc2ccc(cc2)C(=O)[O-])c(c(c1C)COc1ccc(cc1)C(=O)[O-])C.[O][Mn]([O])[O]&&hcb.cat1;SEQTAL,0.885
[Mn].[Mn]O[Mn]([O])[O].[O-]C(=O)c1ccc(cc1)OCC1([C]C2(COc3ccc(cc3)C(=O)[O-])[C](C)C(=C(C(=C2C)COc2ccc(cc2)C(=O)[O-])C)COc2ccc(cc2)C(=O)[O-])[C](C)C(=C(C(=C1C)COc1ccc(cc1)C(=O)[O-])C)COc1ccc(cc1)C(=O)[O-].[O-]C(=O)c1ccc(cc1)OCc1c(C)c(COc2ccc(cc2)C(=O)[O-])c(c(c1C)COc1ccc(cc1)C(=O)[O-])C.[O-][C]=O.[O][Mn]&&ERROR.cat0;SEQTEP,0.8481
"O=C1O[Co]2([O])([O])OC(=O)c3ccc(cc3)OCc3c(c(COc4ccc1cc4)c(C)c(COc1ccc(C(=O)O2)cc1)c3C)C.[O][Co][O]&&sdd,hms.cat1;SEQTOZ",0.8123
[O-]C(=O)c1ccc(cc1)c1ccc(cc1)C(=O)[O-].[O-]C(=O)c1ccc(cc1)c1ccc(cc1O)C(=O)[O-].[Zn][O]([Zn])([Zn])[Zn]&&pcu.cat1;SERCEZ,0.893
[Er].[O-]C(=O)c1cncc(c1)C(=O)[O-]&&ttp.cat0;SERKAC,0.8995
[O-]C(=O)c1cncc(c1)C(=O)[O-].[Y]&&ttp.cat0;SERKEG,0.9014
[O-]C(=O)c1ccc(cc1)C(=O)[O-].[Zn]&&bcg.cat0;SERKOQ,0.8852
[Ag][OH2][Ag].[CH]=C=C1[CH]C=CC(=C1)c1nnc(o1)C1=CC(=C=[CH])[CH]C=C1&&UNKNOWN.cat1;SERLUX,0.3978
[Ag][OH2][Ag].[CH]=C=C1C=CC=C([CH]1)c1nnc(o1)C1=CC(=C=[CH])[CH]C=C1.[CH]=C=C1C=CC=C([CH]1)c1nnc(o1)C1=CC=CC(=C=[CH])[CH]1&&UNKNOWN.cat1;SERMAE,0.8961
CC(COc1cc(c(cc1c1ccncc1)OCC(O)C)c1ccncc1)O.[Zn]&&sql.cat1;SERWAP,0.8038
Br[Cu]Br.C[Si](c1ccncc1)(c1ccncc1)C&&ERROR.cat0;SESBUP,0.9048
Br[Cu]Br.C[Si](c1ccncc1)(c1ccncc1)C&&ERROR.cat0;SESCAW,0.9017
[Fe].[O-]C(=O)c1ccc(cc1)C(=O)[O-].[O]&&rna.cat0;SETQAL,0.8509
[Fe].[O-]C(=O)c1ccc(cc1)C(=O)[O-].[O]&&rna.cat0;SETQEP,0.8505
[Fe].[O-]C(=O)c1ccc(cc1)C(=O)[O-].[O]&&rna.cat0;SETQIT,0.843
[Ag].c1ccc(nc1)O[P]1(Oc2ccccn2)[N][P](Oc2ccccn2)(Oc2ccccn2)[N][P]([N][P]([N]1)(Oc1ccccn1)Oc1ccccn1)(Oc1ccccn1)Oc1ccccn1&&ERROR.cat1;SEWYAW,0.7033
[Cd].[O-]C(=O)c1cc(cc(c1)c1cc2cc(ccc2c2-c3c(OP(=O)(Oc12)[O])c(cc1c3ccc(c1)c1cc(cc(c1)C(=O)[O-])C(=O)[O-])c1cc(cc(c1)C(=O)[O-])C(=O)[O-])c1cc(cc(c1)C(=O)[O-])C(=O)[O-])C(=O)[O-]&&UNKNOWN.cat0;SICZIP,0.8974
[Cd].[O-]C(=O)c1cc(cc(c1)C(C)(C)C)C(=O)[O-]&&ERROR.cat0;SIDCAL,0.6485
[Cu].n1ccncc1&&qtz.cat0;SIKGEA,0.9011
[Gd].[O-]C(=O)c1ccc(cc1)C(=O)[O-]&&sql.cat0;SIKZES,0.7237
[OH2][Ni]([OH2])[OH2].n1ccc(cc1)c1ccncc1&&ERROR.cat1;SINKOR,0.8995
[OH2][Co]([OH2])[OH2].n1ccc(cc1)c1ccncc1&&ERROR.cat1;SINKUX,0.8943
[Cd].[O-]C(=O)C=CC(=O)[O-].c1ccc(cn1)COc1ccccc1c1ccccc1OCc1cccnc1&&sql.cat1;SIPHUV,0.8538
[O-]C(=O)c1cc2ccccc2c(c1O)Cc1c(O)c(cc2c1cccc2)C(=O)[O-].[OH2][Cu]&&ERROR.cat1;SIQDUS,0.8871
[O-]C(=O)c1cc2ccccc2c(c1O)Cc1c(O)c(cc2c1cccc2)C(=O)[O-].[OH2][Zn]&&ERROR.cat1;SIQFAA,0.892
[Cd].[O-]C(=O)c1cc2ccccc2c(c1O)Cc1c(O)c(cc2c1cccc2)C(=O)[O-]&&sql.cat1;SIQFEE01,0.7599
CC1=NN=N[N]1.[Zn]&&dia.cat0;SIVGIP,0.8892
CC1=NN=N[N]1.[Zn]&&dia.cat0;SIVGOV,0.8926
"[O-]C(=O)c1cc(COc2cc(cc(c2)C(=O)[O-])C(=O)[O-])cc(c1)COc1cc(cc(c1)C(=O)[O-])C(=O)[O-].[OH2][Zn].[Zn]&&vbk,UNKNOWN.cat0;SIVGUB",0.9
[Cd].[O-]C(=O)c1cccc(c1)C1=CC(=CN[CH]1)c1cccc(c1)C(=O)[O-]&&UNKNOWN.cat0;SIVWUR,0.5015
[Cu][Cu].[O-]C(=O)c1ccc(cc1)c1cc(cc(n1)c1ccc(cc1)C(=O)[O-])c1cccnc1&&rtl.cat0;SIXFIQ,0.8976
[Cu][Cu].[O-]C(=O)c1ccc(cc1)c1cc(cc(n1)c1ccc(cc1)C(=O)[O-])c1cccnc1&&rtl.cat0;SIXFIQ01,0.903
"[O-]C(=O)c1cc(cc(c1)C(=O)[O-])N1C2(C1([O])c1c2c2c(c3c1C1(C3(N1c1cc(cc(c1)C(=O)[O-])C(=O)[O-])[O])[O])C1(C2([O])N1c1cc(cc(c1)C(=O)[O-])C(=O)[O-])[O])[O].[O][Zn][Zn][O]&&ERROR,ntt.cat0;SIZPUN",0.8918
N1=[C][C]=C([C]=[C]1)C1=C2[C]=[C]C3=C(C4=[C][C]=N[C]=[C]4)C4=[N]5[Pd]6(N23)[N]2=C1[C]=[C]C2=C(C1=[C][C]=C(N61)C(=C5[C]=[C]4)C1=[C][C]=N[C]=[C]1)C1=[C][C]=N[C]=[C]1.[O][Cd][O]&&cds.cat0;SOBTUY,0.8769
"[O-]C(=O)c1ccc(cc1)OCCN(CCOc1ccc(cc1)C(=O)[O-])CCOc1ccc(cc1)C(=O)[O-].[OH2][Ca]&&kgd,UNKNOWN.cat0;SOCFUM",0.8586
[O-]C(=O)c1ccc(c(c1)c1cccnc1)C(=O)[O-].[OH2][Ni].n1ccc(cc1)C=Cc1ccncc1&&UNKNOWN.cat1;SOCLIH,0.7471
[C]#N.[OH2][Er]([OH2])([OH2])[OH2].[OH2][Er]([OH2])[OH2].[Os]&&ERROR.cat1;SODRIN,0.8024
[Cd].[O-]C(=O)C1CC(CC(C1)C(=O)[O-])C(=O)[O-].[O-]C=O.[OH2][Cd].n1ccc(cc1)c1ccncc1&&UNKNOWN.cat0;SODZIV,0.8763
Nc1ncn[nH]1.[Mn]&&sql.cat1;SOGWER,0.8917
N1=C[C](C=N1)c1ccc(cc1)C1=C[N]N=C1.N1=NC=C([CH]1)c1ccc(cc1)C1=CN=N[CH]1.[Co].[N]1N=CC(=C1)c1ccc(cc1)C1=CN=N[CH]1.[N]1N=CC(=C1)c1ccc(cc1)C1=C[N]N=C1&&dmd.cat0;SOHGUS,0.8942
I[Zn]I.n1ccc(cc1)C1=NC(=[N]=C([N]1)c1ccncc1)c1ccncc1&&srs.cat1;SOHMEI,0.8296
I[Zn]I.n1ccc(cc1)C1=NC(=[N]=C([N]1)c1ccncc1)c1ccncc1&&srs.cat1;SOHMUY,0.8777
I[Zn]I.n1ccc(cc1)C1=NC(=[N]=C([N]1)c1ccncc1)c1ccncc1&&srs.cat1;SOHNEJ,0.8933
I[Zn]I.n1ccc(cc1)C1=NC(=[N]=C([N]1)c1ccncc1)c1ccncc1&&srs.cat1;SOHNIN,0.8677
[O-]C(=O)C1=C(O)[C]=c2c(=C1)cccc2.[O-]C(=O)C1=Cc2ccccc2[C]=C1O.[O-]C(=O)c1cc2ccccc2c(c1O)Cc1c(O)c(cc2c1cccc2)C(=O)[O-].[O][Gd]&&sql.cat1;SOJSUH,0.8304
CCn1c2C3=N[C]N=C3SSSSc2n(c1=S)CC.S=[C]1=NC2=C([N]1)SSSSC1=C2N([CH2])[C]N1[CH2].[CH2][N]C(=S)[N].[C]N([CH2])[C].[S][Cu]&&ERROR.cat2;SOJTOA,0.8796
[In].[O-]C(=O)c1ccc(s1)C(=O)[O-]&&dia.cat0;SOKKOT,0.869
[In].[O-]C(=O)c1ccc(s1)C(=O)[O-]&&dia.cat0;SOKKUZ,0.8885
[O-]C(=O)c1ccc(cc1)Nc1cc(cc(c1)Nc1ccc(cc1)C(=O)[O-])Nc1ccc(cc1)C(=O)[O-].[OH2][Er][OH2]&&kgd.cat0;SOKNEN,0.8225
[O-]C(=O)c1ccc(cc1)Nc1cc(cc(c1)Nc1ccc(cc1)C(=O)[O-])Nc1ccc(cc1)C(=O)[O-].[OH2][Yb][OH2]&&kgd.cat0;SOKNIR,0.8714
[O-]C(=O)c1ccc(cc1)Nc1cc(cc(c1)Nc1ccc(cc1)C(=O)[O-])Nc1ccc(cc1)C(=O)[O-].[OH2][Lu][OH2]&&kgd.cat0;SOKNOX,0.4934
[Cd].[O-]C(=O)c1ccc(cc1)N1C=CN([CH]1)c1ccc(cc1)C(=O)[O-]&&hcb.cat3;SOLJOU,0.7413
[Cd][Cd].[O-]C(=O)c1cc(cc(c1)c1ccc(cc1)C(=O)[O-])c1ccc(cc1)C(=O)[O-]&&sql.cat0;SOLMUD,0.8925
[Cu].[O]P(=O)(Nc1ccncc1)Nc1ccncc1&&UNKNOWN.cat1;SOLRAO,0.7954
[Cu].[O]P(=O)(Nc1ccncc1)Nc1ccncc1&&UNKNOWN.cat1;SOLRAO01,0.8185
I[Zn]I.n1ccc(cc1)C1=NC(=[N]=C([N]1)c1ccncc1)c1ccncc1&&srs.cat1;SOMCON,0.8657
[In].[O-]C(=O)c1ccc(s1)C(=O)[O-]&&dia.cat0;SOMFAC,0.8854
[In].[O-]C(=O)c1ccc(s1)C(=O)[O-]&&dia.cat0;SOMFEG,0.8836
[In].[O-]C(=O)c1ccc(s1)C(=O)[O-]&&dia.cat0;SOMFIK,0.8734
N1=C[C](C=N1)C1=C[N]N=C1.[Fe].[OH]&&bpq.cat0;SOMJOV,0.8848
N1=[C][C]([C]=N1)C1=[C][N]N=[C]1.[Ga].[O]&&ERROR.cat0;SOMSIY,0.8748
CCCc1nc2c(n1Cc1ccc(cc1)c1ccccc1C(=O)[O-])cc(cc2C)c1nc2c(n1C)cccc2.[N][Cu][O].[O][Cu]&&ERROR.cat0;SONKAI,0.657
O=C(c1ccncc1)Nc1ccncc1.[O-]C(=O)c1ccc(cc1)c1ccc(cc1)C(=O)[O-].[Zn][Zn]&&pcu.cat1;SOPLAM,0.8991
O=C(C1=CC=[C]C=C1)Nc1ccc(cc1)C(=O)[O-].O=C(c1ccc(cc1)C(=O)[O-])Nc1ccc(cc1)C(=O)[O-].[O][Zn]([O])[O].[O][Zn][O].n1ccc(cc1)c1ccncc1&&hcb.cat1;SOPLEQ,0.8989
O=C1c2cc(ccc2-c2c1cc(cc2)C(=O)[O-])C(=O)[O-].[O]12[Zr]34[O]5[Zr]62[O]2[Zr]71[O]4[Zr]14[O]3[Zr]35[O]6[Zr]2([O]71)[O]43&&fcu.cat0;SOQSAU,0.8984
[O-]C(=O)c1ccc2-c3c(S(=O)(=O)c2c1)cc(cc3)C(=O)[O-].[O]12[Zr]34[O]5[Zr]62[O]2[Zr]71[O]4[Zr]14[O]3[Zr]35[O]6[Zr]2([O]71)[O]43&&fcu.cat0;SOQSEY,0.8932
C1=CC2=NN=N[C]2C=C1.C1=CC=C2C(=NN=N2)[CH]1.O=C(C(=CC(=[CH])C(=O)Nc1ccc(cc1)C(=O)[O-])[CH])Nc1ccc(cc1)C(=O)[O-].[OH2][Zn].[Zn].c1ccc2=N[N]N=c2c1&&ERROR.cat3;SORTAW,0.875
"C1=CC2=NN=N[C]2C=C1.C1=CC=C2C(=NN=N2)[CH]1.O=C(c1cc(cc(c1)C(=O)Nc1cccc(c1)C(=O)[O-])C(=O)Nc1cccc(c1)C(=O)[O-])Nc1cccc(c1)C(=O)[O-].[CH]1C=CC2=NN=NC2=C1.[Zn].c1ccc2=N[N]N=c2c1.c1ccc2c(c1)N=N[N]2&&UNKNOWN,kgd.cat0;SORTEA",0.7619
O=C(c1ccncc1)[N]c1ccccc1[N]C(=O)c1ccncc1.[Cu].[S]C#N&&hcb.cat1;SOTREZ,0.7062
"[O-]C(=O)c1cc(cc(c1)n1cnnc1)C(=O)[O-].[Zn][Zn]&&rtl,sql.cat0;SOWCOY01",0.8916
[O-]C(=O)c1ccc(cc1)NC1=NC(=[N]=C([N]1)Nc1ccc(cc1)C(=O)[O-])Nc1ccc(cc1)C(=O)[O-].[OH3][Yb].[Yb]&&srs.cat1;SOZGOF,0.7818
"O=C(c1ccncc1)Nc1cc(cc(c1)C(=O)[O-])C(=O)[O-].[Cu][Cu]&&rtl,sql.cat0;SOZHOG",0.8897
[O-]C(=O)c1ccc(cc1)NC1=NC(=[N]=C([N]1)Nc1ccc(cc1)C(=O)[O-])Nc1ccc(cc1)C(=O)[O-].[OH3][Sm].[Sm]&&srs.cat1;SOZRUW,0.3775
[Gd].[O-]C(=O)c1ccc(cc1)NC1=NC(=[N]=C([N]1)Nc1ccc(cc1)C(=O)[O-])Nc1ccc(cc1)C(=O)[O-].[OH3][Gd]&&srs.cat1;SOZSEH,0.6206
[Dy].[O-]C(=O)c1ccc(cc1)NC1=NC(=[N]=C([N]1)Nc1ccc(cc1)C(=O)[O-])Nc1ccc(cc1)C(=O)[O-].[OH3][Dy]&&srs.cat1;SOZSOR,0.4775
[Er].[O-]C(=O)c1ccc(cc1)NC1=NC(=[N]=C([N]1)Nc1ccc(cc1)C(=O)[O-])Nc1ccc(cc1)C(=O)[O-].[OH3][Er]&&srs.cat1;SOZSUX,0.5528
[Cd].[N]([CH]c1ccncc1)[N][CH]c1ccncc1.n1ccc(cc1)C=NN=Cc1ccncc1&&kag.cat2;SUBMIN,0.8932
[Cu].[Cu][N][C]C1=C(C#N)[C]=C(C(=[C]1)C#N)C#N.[Cu][N][C]C1=C([C])[C]=C(C(=[C]1)C#N)C#N&&ERROR.cat0;SUFREQ,0.9034
N#CC1=[C]C(=C([C]=C1C#N)C#N)C#N.N#CC1=[C][C]=C([C]=[C]1)C#N.N#CC1=[C][C]=C([C]=[C]1)[C].N#CC1=[C][C]=[C][C]=[C]1.[Cu]&&UNKNOWN.cat3;SUFROA,0.8758
[N][C](C(=O)OO[O])[C][C][C]=O.[O-]C(=O)[C][C][C](C(=O)[O-])[N].[O]O[C][C][C][C](C(=O)[O-])[N].[O][Er]([O])([O])[O].[O][Er]([O])[O]&&sql.cat1;SUFSUH01,0.8802
[Cu].[O-]C(=O)c1ccc(cc1)n1cncc1&&kgm.cat2;SUGWEX,0.7508
[Cu].[O-]C(=O)c1ccc(cc1)n1cncc1&&kgm.cat2;SUGWEX01,0.7316
[K].[O-]C(=O)c1ccc(c(c1)N=Cc1ccncc1)N.[OH2][Cd]&&ERROR.cat0;SUKNOC,0.9004
[Na].[O-]C(=O)c1ccc(c(c1)N=Cc1ccncc1)N.[OH2][Cd]&&ERROR.cat0;SUKNUI,0.9016
[Cs].[O-]C(=O)c1ccc(c(c1)N=Cc1ccncc1)N.[OH2][Cd]&&ERROR.cat0;SUKPAQ,0.9012
CCCCOc1cc(cc(c1)C(=C([O])C)C(=O)C)[C](C(=O)C)C(=O)C.CCCCOc1cc(cc(c1)[C](C(=O)C)C(=O)C)[C](C(=O)C)C(=O)C.[Cu].n1ccc(cc1)c1ccncc1&&ERROR.cat0;SUPCAJ,0.8839
[O-]C(=O)c1cc(O)c(cc1O)C(=O)[O-].[Zn].n1ccc(cc1)c1ccncc1&&ERROR.cat0;SUPLOF,0.8973
[O-]C(=O)c1cc(cc(c1)c1ccc(cc1)C(C)(C)C)C(=O)[O-].[O][Co][Co][O]&&kgm.cat1;SUPMAS,0.8888
[Cu].[O-]C(=O)c1ccc2c(c1)c1cc(ccc1[nH]2)C(=O)[O-]&&ERROR.cat1;SUPQEA,0.8932
[O-]C(=O)c1ccc(o1)C(=O)[O-].[O][In]123[O]456[In]789%10[O]%11%121[In]14([O]427[In]275%11[O]381[In]6%124(O2)O7)(O9)O%10.[O][In][O]([In][O])[In][O]&&pcu.cat0;SUQHUJ,0.7913
N1=C[C](C=N1)c1ccc(cc1)C1=C[N]N=C1.[Ni]&&lim.cat0;SUTBIT,0.8874
N1=C[N]N([CH]1)Cc1ccc(c2c1cccc2)CN1[N]C=N[CH]1.[Cd]&&UNKNOWN.cat1;TABZON,0.7172
[In].[O-]C(=O)c1cccc(c1)C(=O)[O-]&&ERROR.cat0;TACYED,0.9018
"CCOc1cc(c2ccc(cc2)C(=O)[O-])c2c(c1c1c(OCC)cc(c3c1ccc(c3)c1ccc(cc1)C(=O)[O-])c1ccc(cc1)C(=O)[O-])ccc(c2)c1ccc(cc1)C(=O)[O-].[OH2][Zn].[Zn]&&unc,srs.cat1;TADWEC",0.86
"Oc1cc(c2ccc(cc2)C(=O)[O-])c2c(c1c1c(O)cc(c3c1ccc(c3)c1ccc(cc1)C(=O)[O-])c1ccc(cc1)C(=O)[O-])ccc(c2)c1ccc(cc1)C(=O)[O-].[O][Zn].[Zn]&&unc,UNKNOWN.cat1;TADWIG",0.861
[Cu].n1ccc(cc1)c1ccncc1&&ERROR.cat2;TAFXUV,0.8952
[O-]C(=O)c1cccnc1c1ncccc1C(=O)[O-].[OH2][Nd]&&UNKNOWN.cat1;TAGSOL,0.8089
[O-]C(=O)c1cccnc1c1ncccc1C(=O)[O-].[OH2][Nd]&&UNKNOWN.cat1;TAGSOL01,0.8166
"[Ag].n1ccnc(c1)Cc1nccnc1&&nbo-a,UNKNOWN.cat0;TAMHUM",0.9026
"[Ag].n1ccnc(c1)Cc1nccnc1&&nbo-a,UNKNOWN.cat0;TAMJAU",0.901
"[Ag].n1ccnc(c1)Cc1nccnc1&&nbo-a,UNKNOWN.cat0;TAMJEY",0.8699
[O-]C(=O)c1cc(O)c(cc1O)C(=O)[O-].[O-]C(=O)c1cc([O])c(cc1[O])C(=O)[O-].[O][Zn].[Zn].n1ccc(cc1)[N][N]c1ccncc1&&UNKNOWN.cat0;TASXIW,0.888
Cc1cc(C)c(c(c1)C)C1=C2C=CC(=C(c3ccc(cc3)C#Cc3ccncc3)C3=NC(=C(C4=CC=C(C(=C5N=C1C=C5)c1ccc(cc1)C#C[C]1[CH][CH][N]C=C1)[N]4)c1c(C)cc(cc1C)C)C=C3)[N]2.Cc1cc(C)c(c(c1)C)C1=C2C=CC(=N2)C(=C2C=CC(=C(C3=NC(=C(C4=CC=C1[N]4)c1ccc(cc1)C#Cc1ccncc1)C=C3)c1c(C)cc(cc1C)C)[N]2)c1ccc(cc1)C#C[C]1[CH][CH][N]C=C1.[Zn]&&UNKNOWN.cat1;TAVTOB,0.8936
[Co].[O-]C(=O)c1ccc(cc1)Oc1ccc(nc1)C(=O)[O-].n1ccc(cc1)C=Cc1ccncc1&&UNKNOWN.cat0;TEBYIK,0.7504
[O-]C(=O)COc1cccc(c1)C(=O)O.[OH2][Ca][OH2]&&ERROR.cat1;TECROJ,0.8064
N1=NN=C([N]1)c1cc(cc(c1)C1=NN=N[N]1)C1=NN=N[N]1.[Zn]&&rtl.cat0;TEDGOA,0.9044
CN([C]([O])C)C.[N]1N=NC(=N1)c1cc(cc(c1)C1=NN=N[N]1)C1=NN=N[N]1.[N]1N=NC(=N1)c1cc(cc(c1)C1=NN=N[N]1)C1=N[N]N=N1.[N]1N=NC(=N1)c1cc(cc(c1)C1=N[N]N=N1)C1=N[N]N=N1.[Zn]&&ERROR.cat1;TEDGUG,0.9014
Cl[Zn].[N]1N=NC(=N1)c1cc(cc(c1)C1=NN=N[N]1)C1=N[N]N=N1.[N]1[C]=NN=N1&&UNKNOWN.cat0;TEDHAN,0.8987
C(CN1NC=N[CH]1)CCN1NC=N[CH]1.[O-]C(=O)c1ccc(cc1)Oc1ccc(cc1)C(=O)[O-].[Zn]&&pcu.cat0;TEDLUK,0.823
N#CC(=C(C#N)C#N)C#N.[O-]C(=O)[C].[Rh][Rh]&&ERROR.cat3;TEFMUM,0.8938
[O-][C]=O.[Rh][Rh]&&ERROR.cat0;TEFNAT,0.8967
OC(=O)C1=C(N=C[N]1)C(=O)[O-].OC(=O)C1=NC=N[C]1C(=O)[O-].[In].[O-]C(=O)C1=C(N=C[N]1)C(=O)O.[O-]C(=O)C1=NC=N[C]1C(=O)O&&ERROR.cat1;TEFWIL,0.8543
O=C(c1ccncc1)Nc1ccccc1NC(=O)c1ccncc1.[Ag]&&ERROR.cat3;TEHMAV,0.7412
C(Cn1cncc1)CCn1cncc1.[O-]C(=O)c1ccc(cc1)n1c(C)c(c(c1C)C(=O)[O-])C(=O)[O-].[Zn]&&ERROR.cat0;TEHVIN,0.8435
C(Cc1ccncc1)Cc1ccncc1.[Ag][Ag]&&sql.cat1;TEJLIF,0.9022
[Cu][Cu].[O-]C(=O)c1cc(C)c(c(c1)C)c1c(C)cc(cc1C)C(=O)[O-]&&nbo.cat1;TEMPEI,0.889
CC1=NC(=O)C(=C[CH]1)C#N.CC1=NC(=O)[C](C=C1)C#N.[Cu].[Cu]1[Cu][Cu][Cu]1&&crb.cat0;TENQOS,0.8683
Nc1nccc(c1)C(=O)[O-].Nc1ncnc2=[N]=CN=c12.[Zn]&&dmp.cat0;TEPGUS,0.7931
[Cd].[O-]C(=O)c1sc(nc1C)c1ccncc1&&sql.cat0;TEQTAM,0.8839
[Mn].[O-]C(=O)c1sc(nc1C)c1ccncc1&&sql.cat0;TEQTEQ,0.882
[O-]C(=O)C1=CN2[C]3N([CH]1)[Ir]c1c3c([Ir]2)cc(c1)C(=O)[O-].[O-]C(=O)c1ccc(cc1)c1ncc(cn1)C(=O)[O-].[Zn][Zn].n1ccc(cc1)c1ccncc1&&UNKNOWN.cat1;TERFIH,0.8988
[O-]C=O.[Zn]&&met.cat0;TESHAB,0.8958
O=C(c1ccc(cc1)C(=O)Nc1ccncc1)Nc1ccncc1.[Cd].[O-]C(=O)c1ccc(s1)C(=O)[O-]&&pcu.cat1;TETZID,0.7806
O=c1c2cc3c(cc2c(=O)n1Cc1ccncc1)c(=O)n(c3=O)Cc1ccncc1.[Cu].[O-]C(=O)c1ccccc1C(=O)[O-]&&cds.cat1;TEWFUY01,0.8048
[O-][n+]1ccc(cc1)C(=O)Nc1ccc(cc1)C(=O)[O-].[Pb]&&ERROR.cat7;TEYBOQ,0.8822
[O-][n+]1ccc(cc1)C(=O)Nc1ccc(cc1)C(=O)[O-].[Pb]&&ERROR.cat7;TEYBUW,0.8835
[O-][n+]1ccc(cc1)C(=O)Nc1ccc(cc1)C(=O)[O-].[Pb]&&UNKNOWN.cat1;TEYCAD,0.897
O=C(c1cc(cc(c1)C(=O)Nc1ccncc1)C(=O)Nc1ccncc1)Nc1ccncc1.[Cd]&&pyr.cat1;TEYHIP,0.8962
Cc1cnccc1c1ccncc1C.[O-]C(=O)c1ccc(cc1)c1ccc(cc1)C(=O)[O-].[Zn]&&hex.cat1;TEZKAM,0.8819
[O-]C(=O)c1ccc(cc1)N(=O)=O.[O]N(c1ccc(cc1)C(=O)[O-])[O].[O][Dy]([O])[O].[O][Dy][O]&&ERROR.cat0;TIBRUT,0.5409
Cl[Cd].Cl[Cd]Cl.[Cd].n1ncn(c1)CCn1cnnc1&&ERROR.cat0;TIDLID,0.8496
O=C1N(c2ccncc2)C(=O)c2c3c1ccc1c3c(cc2)C(=O)N(C1=O)c1ccncc1.[Pd]&&ERROR.cat1;TIFYEO,0.8486
[O-]C(=O)C=CC(=O)[O-].[Zn].n1ccc(cc1)C=Cc1ccncc1&&dia.cat0;TIGDOD,0.8842
OCCOC(=O)c1c(cccc1C(=O)[O-])C(=O)[O-].[OH2][Cd].n1ccc(cc1)c1ccncc1&&sql.cat1;TIKMAD,0.7353
[Cd].[O-]C(=O)c1c(cccc1C(=O)[O-])C(=O)[O-].n1ccc(cc1)c1ccncc1&&UNKNOWN.cat0;TIKMEH,0.7817
[In].[O-]C(=O)c1cc(cc(c1)C(=O)[O-])C(=O)[O-]&&ctn.cat0;TIKXAN,0.8962
Nc1cc(cc(c1)C(=O)[O-])C(=O)[O-].[O][Ca]([OH2])([OH2])[OH2]&&ERROR.cat5;TINCOJ,0.8825
[O-]C(=O)c1cccc(c1)C(=O)[O-].[Zn]&&ERROR.cat0;TIRLIQ,0.8978
[O-]C(=O)c1c2ccccc2c(c2c1cccc2)C(=O)[O-].[O][Zn][O]([Zn][O])([Zn][O])[Zn]&&bcs.cat0;TIRQOB,0.8042
[Co][Co].[O-]C(=O)c1ccc2c(c1)ccc(c2)C(=O)[O-]&&sql.cat1;TIRRIW,0.8632
[Fe][O]1[Fe]([OH2])[O]([Fe]1[OH2])[Fe].[O-]C(=O)c1ccc(cc1)c1cc(cc(c1)c1ccc(cc1)C(=O)[O-])c1ccc(cc1)C(=O)[O-]&&the.cat0;TISHAF,0.8877
[O-]C(=O)c1ccc(cc1)Oc1ccc(cc1)C(=O)[O-].[Zn].n1ccc(cc1)c1ccc(cc1)N(c1ccc(cc1)c1ccncc1)c1ccc(cc1)c1ccc(cc1)N(c1ccc(cc1)c1ccncc1)c1ccc(cc1)c1ccncc1&&ERROR.cat0;TISNUG,0.8641
[O-]C(=O)C1=C[C]2C(=NN=N2)C=C1.[O-]C(=O)c1ccc2=N[N]N=c2c1.[Zn]&&fes.cat1;TITBIJ,0.8894
[O-]C(=O)C1=CC2=NN=N[C]2C=C1.[O-]C(=O)C1=CC=C2C(=NN=N2)[CH]1.[O-]C(=O)C1=C[CH]C2=NN=NC2=C1.[O-]C(=O)C1=C[C]2C(=NN=N2)C=C1.[O-]C(=O)c1ccc2=N[N]N=c2c1.[Zn]&&UNKNOWN.cat0;TITBUV,0.8891
I[Cu]12[Cu]3([Cu]1([Cu]23I)I)I.ON([C](c1ccncc1)c1ccncc1)O.ON=C(c1ccncc1)c1ccncc1&&ERROR.cat3;TITHEL,0.8811
N1=C[C](N=C1)c1cc(cc(c1)c1[nH]cnc1)C1=C[N]C=N1.N1=C[C](N=C1)c1cc(cc(c1)c1[nH]cnc1)[C]1N=CN=C1.N1=C[N]C(=C1)c1cc(cc(c1)c1[nH]cnc1)[C]1N=CN=C1.[N]1C=NC(=C1)c1cc(cc(c1)c1[nH]cnc1)C1=C[N]C=N1.[Zn]&&UNKNOWN.cat0;TIXCEK,0.8801
[Co][OH2][Co].[O-]C(=O)c1cc(cc(c1)c1ccncc1)c1ccncc1.[O-]C(=O)c1ccc(cc1)C(=O)[O-]&&UNKNOWN.cat0;TIXKUI,0.8995
[Mg].[O-]C(=O)c1ccc(cc1)Oc1ccc(cc1)C(=O)[O-].[O][Mg]&&rob.cat0;TIXVON,0.8592
[Cd].n1ccc(cc1)c1nc(c([nH]1)c1ccncc1)c1ccncc1&&UNKNOWN.cat1;TOBHID,0.7003
[Gd].[O-]C(=O)c1ccc(cc1O)c1ccc(c(c1)[O])C(=O)[O-]&&UNKNOWN.cat0;TOBKAY,0.739
[Dy].[O-]C(=O)c1ccc(cc1O)c1ccc(c(c1)[O])C(=O)[O-]&&UNKNOWN.cat0;TOBKEC,0.447
NC1=C2N=CN=C2N=C[N]1.NC1=C2N=CN=C2[N]C=N1.[O-]C(=O)c1ccc2c(c1)ccc(c2)C(=O)[O-].[Zn].[Zn]O[Zn]&&UNKNOWN.cat0;TOCJAY,0.8971
[O-]C(=O)c1ccncc1.[OH2][Cd]&&dmp.cat0;TOFQEM,0.8482
[O-]C(=O)c1ccc(cc1)c1ccc(cc1)C(=O)[O-].[OH2][Sm].[Sm]&&ERROR.cat0;TOGLOS,0.8784
[Eu].[O-]C(=O)c1ccc(cc1)c1ccc(cc1)C(=O)[O-].[OH2][Eu]&&ERROR.cat0;TOGLUY,0.8766
[Gd].[O-]C(=O)c1ccc(cc1)c1ccc(cc1)C(=O)[O-].[OH2][Gd]&&ERROR.cat0;TOGMAF,0.8793
[O-]C(=O)c1ccc(cc1)c1ccc(cc1)C(=O)[O-].[OH2][Tb].[Tb]&&ERROR.cat0;TOGMEJ,0.8855
[Dy].[O-]C(=O)c1ccc(cc1)c1ccc(cc1)C(=O)[O-].[OH2][Dy]&&ERROR.cat0;TOGMIN,0.8763
[Co][Co].[O-]C(=O)c1ccc(cc1)N(c1ccc(cc1)C(=O)[O-])c1ccc(cc1)c1ccncc1&&rtl.cat1;TOHQEO,0.8714
[O-]C(=O)c1c(cccc1C(=O)[O-])C(=O)[O-].[Pb].[Pb][O]([Pb])([Pb])[Pb]&&ERROR.cat1;TOHRAL,0.7813
Cc1[n-]n(c(c1c1ccncc1)C)Cn1[n-]c(c(c1C)c1ccncc1)C.Cl[Cd]Cl&&sql.cat0;TOLGIL,0.6358
[O-]C(=O)c1ccc(cc1)C(=O)[O-].[OH2][Cd]&&ERROR.cat3;TOLGUX,0.8907
Cc1[n-]n(c(c1c1ccncc1)C)Cn1[n-]c(c(c1C)c1ccncc1)C.[O-]C(=O)c1ccc(cc1)c1ccc(cc1)C(=O)[O-].[OH2][Ni][OH2]&&sql.cat1;TOLHAE,0.8542
[Fe].[O-]C(=O)c1ccc2c(c1)ccc(c2)C(=O)[O-]&&UNKNOWN.cat0;TONBII,0.7791
[Ni].[O-]C(=O)c1cc(cc(c1)C(=O)[O-])C(=O)[O-]&&ERROR.cat0;TONBUU,0.4312
[Au][Au].c1ccc(cc1)P(c1ccccc1)CCP(c1ccccc1)c1ccccc1&&ERROR.cat1;TONJIQ,0.8626
[Cd].[O-]C(=O)c1c(cccc1C(=O)[O-])Oc1cc(cc(c1)C(=O)O)C(=O)[O-].[O-]C(=O)c1c(cccc1C(=O)[O-])Oc1cc(cc(c1)C(=O)[O-])C(=O)[O-].[OH2][Cd]&&ERROR.cat1;TONLIT,0.7714
CC[O].[Fe].[Ru].n1ccc(cc1)C=NNc1cc(nc(c1)c1ccccn1)c1ccccn1&&ERROR.cat1;TOPLIU,0.747
[O-]C(=O)CC1=NN=N[N]1.[O-]C(=O)c1ccncc1.[Zn]&&ERROR.cat0;TOTVOP,0.8749
Oc1c(cc(cc1c1ccc(cc1)C(=O)[O-])c1ccc(cc1)C(=O)[O-])c1ccc(cc1)C(=O)[O-].[O][Fe][O]([Fe][O])[Fe][O]&&UNKNOWN.cat0;TOVJIZ,0.8985
CCCCCCOc1c(cc(cc1c1ccc(cc1)C(=O)[O-])c1ccc(cc1)C(=O)[O-])c1ccc(cc1)C(=O)[O-].[O][Fe][O]([Fe][O])[Fe][O]&&UNKNOWN.cat0;TOVJOF,0.8933
[O-]C(=O)c1ccc(cc1)c1ccc(cc1)C12CC3(CC(C2)(CC(C1)(C3)c1ccc(cc1)c1ccc(cc1)C(=O)[O-])c1ccc(cc1)c1ccc(cc1)C(=O)[O-])c1ccc(cc1)c1ccc(cc1)C(=O)[O-].[O][Fe][O]([Fe][O])[Fe][O]&&kgd.cat0;TOVKEW,0.8804
[O-]C(=O)c1ccc(cc1)c1cc(cc(c1)c1ccc(cc1)C(=O)[O-])c1ccc(cc1)C(=O)[O-].[O-]C(=O)c1ccc(cc1)c1ccc(cc1)C(=O)[O-].[O][Fe][O]([Fe][O])[Fe][O]&&UNKNOWN.cat0;TOVKIA,0.8914
[O-]C(=O)c1ccc(cc1)[N][N]c1ccc(cc1)C(=O)[O-].[O-]C(=O)c1ccc(cc1)c1cc(cc(c1)c1ccc(cc1)C(=O)[O-])c1ccc(cc1)C(=O)[O-].[O][Fe][O]([Fe][O])[Fe][O]&&nht.cat0;TOVKOG,0.9001
[O-]C(=O)c1ccc(cc1)c1ccc(cc1)C(=O)[O-].[O][Fe][O]([Fe][O])[Fe][O]&&acs.cat1;TOWNEA,0.8944
"O[Fe][O]([Fe]O)[Fe]O.[O-]C(=O)c1cc(N=Nc2cc(cc(c2)C(=O)[O-])C(=O)[O-])cc(c1)C(=O)[O-]&&soc,edq.cat0;TOWPAY",0.8986
[O-]C(=O)COc1ccc(cc1)c1c(C)c(c2ccc(cc2)OCC(=O)[O-])c(c(c1C)c1ccc(cc1)OCC(=O)[O-])C.[Zn].[Zn][O]([Zn][O]([Zn])[Zn])[Zn]&&UNKNOWN.cat0;TOWXEK,0.8772
[O-]C(=O)COc1ccc(cc1)c1c(C)c(c2ccc(cc2)OCC(=O)[O-])c(c(c1C)c1ccc(cc1)OCC(=O)[O-])C.[Zn]&&UNKNOWN.cat0;TOXHAR,0.8645
[Fe].[O-]C(=O)COc1ccc(cc1)c1c(C)c(c2ccc(cc2)OCC(=O)[O-])c(c(c1C)c1ccc(cc1)OCC(=O)[O-])C.[Zn][O]([Zn][O]([Zn])[Zn])[Zn]&&UNKNOWN.cat0;TOXHEV,0.8719
[O][C](COc1ccc(cc1)c1c(C)c(c2ccc(cc2)OCC(=O)[O-])c(c(c1C)c1ccc(cc1)OCC(=O)[O-])C)[O].[Ru].[Zn][O]([Zn][O]([Zn])[Zn])[Zn]&&UNKNOWN.cat0;TOXHIZ,0.8774
Cc1nc2c(n1CCCCn1c(C)nc3c1cccc3)cccc2.Oc1cc(cc(c1)C(=O)[O-])C(=O)[O-].[Co]&&ERROR.cat1;TOYSEH,0.7702
[Co].[O-]C(=O)c1ccncc1.[O][Co].[O][Ru][O]([Ru][O])[Ru][O].[Ru][O]([Ru])[Ru]&&kew.cat0;TOZFOF,0.8865
O=C(c1cccnc1)[NH]=Cc1cccnc1.[O-]C(=O)c1cccc(c1)C(=O)[O-].[OH2][Cu]&&tcb.cat0;TUBJAD,0.876
[Cd].[O-]C(=O)c1ccc(cc1)C(=O)[O-].c1ccc(cn1)c1ccc(cc1)OCCOc1ccc(cc1)c1cccnc1&&ERROR.cat0;TUBLIN,0.8581
O[Co]O.n1ccc(cc1)c1ccncc1&&ERROR.cat3;TUBTOB,0.8991
CC1=NC=C[N]1.[Zn]&&sod.cat0;TUDJOS,0.9023
N1CCNCCCNCCNCN(C1)CCN1CNCCNCCCNCCNC1.[Ni].[O-]C(=O)c1cc(cc(c1)C(=O)[O-])c1cc(cc(c1)C(=O)[O-])C(=O)[O-]&&tfi.cat0;TUDMAH,0.8876
[Cd].[O-]C(=O)c1cccc(c1)C(=O)[O-].c1ccc(cn1)c1nc2c([nH]1)c1cccnc1c1c2cccn1&&ERROR.cat0;TUDQOZ,0.7772
[Cu].[O-]C(=O)c1ccc(cc1)Oc1cncc(c1)C(=O)[O-]&&ERROR.cat0;TUJCAE,0.869
[O-]C(=O)C[NH](CP(=O)([O])[O])Cc1cccc2c1cccc2.[Zn]&&sql.cat1;TUJDEJ,0.8909
O=N(=O)c1cc(ccc1C(=O)[O-])C(=O)[O-].[Cu].n1ccc(cc1)C=Cc1ccncc1&&ERROR.cat0;TUJGIQ,0.8718
Cc1cc(cc(c1)C(=O)[O-])C(=O)[O-].[Cd].c1ncn(c1)c1cc(cc(c1)n1cncc1)n1cncc1&&UNKNOWN.cat1;TUKDEK,0.7919
[Cd].[O-]C(=O)c1cc(cc(c1)Oc1ccc(cc1)C(=O)[O-])Oc1ccc(cc1)C(=O)[O-].[O].[O][Cd]([O])[O]&&UNKNOWN.cat0;TULLIX,0.9
N#C[C](C(=O)C)C(=O)C.O1OOOOOOOOOOOOOOOOO1.[Ag].[Cr]&&ERROR.cat3;TUMBIO,0.2315
[Pb].[S]C(=Cc1ccc(cc1)O)C(=O)[O-]&&ERROR.cat1;TUMVEE,0.8928
[Co].[O-]C(=O)c1c(Br)c(Br)c(c(c1Br)Br)C(=O)[O-].c1ccc(c(c1)Cn1cncc1)Cn1cncc1&&jeb.cat1;TUNJET,0.8604
[Co].[O-]C(=O)c1c(Br)c(Br)c(c(c1Br)Br)C(=O)[O-].c1ccc(c(c1)Cn1cncc1)Cn1cncc1&&sql.cat0;TUNJIX,0.8438
[Cu].[O-]C(=O)c1ccc(cc1)n1ncnc1&&dia.cat1;TUPDIT,0.7571
[Cu].[O-]C(=O)c1ccc(cc1)n1ncnc1&&dia.cat1;TUPDIT01,0.7703
[Cu].[O-]C(=O)c1ccc(cc1)n1ncnc1&&dia.cat1;TUPDOZ,0.7728
OC(c1ccccc1)C(=O)[O-].[Co].n1ccc(cc1)c1ccncc1&&ERROR.cat0;TURFAP,0.8456
[O-]C(=O)C1=[C][C]=C([C]=[C]1)[C]1[C][C]1C1=[C][C]=C([C]=[C]1)C1=[C][C]=C([C]=[C]1)[C]1[C][C]1C1=[C][C]=C([C]=[C]1)C(=O)[O-].[O]12[Zr]34[O]5[Zr]62[O]2[Zr]71[O]4[Zr]14[O]3[Zr]35[O]6[Zr]2([O]71)[O]43&&fcu.cat0;TURFIX,0.8954
[C]#N.[Fe].[Pt]&&sql.cat1;TURXIP,0.8862
[Ag].n1ccc(cc1)C1=C2C=CC(=C(c3ccncc3)C3=NC(=C(C4=CC=C(C(=C5N=C1C=C5)c1ccncc1)[N]4)c1ccncc1)C=C3)[N]2&&hbt.cat3;TUSGIX,0.8142
[Ag].n1ccc(cc1)C1=C2C=CC(=C(c3ccncc3)C3=NC(=C(C4=CC=C(C(=C5N=C1C=C5)c1ccncc1)[N]4)c1ccncc1)C=C3)[N]2&&sql.cat1;TUSGOD,0.8944
[Ag].[O][Zn]123[N]4=C5C=CC4=C(c4n2c(C(=C2[N]1=C(C=C2)C(=c1n3c(=C5c2ccncc2)cc1)c1ccncc1)c1ccncc1)cc4)c1ccncc1.[Zn].n1ccc(cc1)C1=C2C=CC(=C(c3ccncc3)C3=NC(=C(C4=CC=C(C(=C5N=C1C=C5)c1ccncc1)[N]4)c1ccncc1)C=C3)[N]2.n1ccc(cc1)C1=C2C=CC3=[N]2[Zn]24n5c1ccc5C(=C1[N]2=C(C=C1)C(=c1n4c(=C3c2ccncc2)cc1)c1ccncc1)c1ccncc1&&ERROR.cat0;TUSGUJ,0.8087
[Ag].n1ccc(cc1)C1=C2C=CC(=C(c3ccncc3)C3=NC(=C(C4=CC=C(C(=C5N=C1C=C5)c1ccncc1)[N]4)c1ccncc1)C=C3)[N]2&&ERROR.cat0;TUSHAQ,0.8944
"ClC1=[N]=C([N]C(=N1)Nc1cc(ccc1C(=O)[O-])C(=O)[O-])Nc1cc(ccc1C(=O)[O-])C(=O)[O-].[O][Cd]&&fes,cpv.cat0;TUTDAP",0.8951
C(Cc1ccncc1)Cc1ccncc1.O.[Ga].[S]&&ERROR.cat1;TUTZUE,0.4706
[Co].[O-]C(=O)C1=[C][C]=[C][C]=C1O[C][C]OC1=C([C]=[C][C]=[C]1)C(=O)[O-].[O]&&ERROR.cat3;UBERUO,0.8973
[O-]C(=O)c1cc(C=Cc2ccncc2)cc(c1)C(=O)[O-].[OH2][Mn]&&UNKNOWN.cat0;UBINUQ,0.8509
"[O-]C(=O)c1cc(cc(c1)C(=O)[O-])C1C(c2ccncc2)C(C1c1ccncc1)c1cc(cc(c1)C(=O)[O-])C(=O)[O-].[OH2][Mn]&&sql,UNKNOWN.cat0;UBIPAY",0.858
I[Zn]I.n1ccc(cc1)C1=NC(=[N]=C([N]1)c1ccncc1)c1ccncc1&&srs.cat1;UBULUA,0.8963
[O-]C(=O)c1ccc(cc1)C#Cc1cc(cc(c1)C(=O)[O-])C(=O)[O-].[O][Zn][O]([Zn][O])([Zn][O])[Zn]&&UNKNOWN.cat0;UBUMAH,0.9028
O[Cd].[O-]C(=O)c1cnc(cn1)C.n1ccc(cc1)c1ccncc1&&UNKNOWN.cat1;UBUSER,0.7929
I[Zn]I.n1ccc(cc1)C1=NC(=[N]=C([N]1)c1ccncc1)c1ccncc1&&srs.cat1;UCOJED,0.8385
I[Zn]I.n1ccc(cc1)C1=NC(=[N]=C([N]1)c1ccncc1)c1ccncc1&&srs.cat1;UCOJIH,0.9012
"[Cu].[O-]C(=O)CN(C1CCCCC1N(CC(=O)[O-])CC(=O)[O-])CC(=O)[O-].n1ccc(cc1)c1ccncc1&&ERROR,UNKNOWN.cat0;UCOXIT",0.8351
[Cu].[O-]C(=O)CN(CC(=O)[O-])CCN(CC(=O)[O-])CC(=O)[O-].[O][Cu].n1ccc(cc1)c1ccncc1&&ERROR.cat0;UCOXOZ,0.8723
"CCn1cc(C(=O)[O-])c(=O)c2c1nc(N1CCNCC1)c(c2)F.[Zn]&&rtl,sql.cat0;UDETIH",0.5552
"[O-]C(=O)c1ccc(cc1)C1=NC(=[N]=C([N]1)c1ccc(cc1)C(=O)[O-])c1ccc(cc1)C(=O)[O-].[O][Ni][O]([Ni][O])[Ni][O]&&sit,sql.cat1;UDIHOF",0.7961
Nn1c(nnc1c1ccncc1)c1ccncc1.[O-]C(=O)c1cccc(c1)C(=O)[O-].[OH2][Ni]&&ERROR.cat1;UDIREF,0.8961
[Er].[O-]C(=O)C1=CC2=C3C=C(C=CN3[Ru]N2C=C1)C(=O)[O-].[O-]C=O.[O][Er]12([O])([O])[O]3[Er]4([O]2[Er]2([O]1[Er]3([O]42)([O])([O])[O])([O])[O])([O])[O]&&UNKNOWN.cat1;UDIRIK,0.7633
[O-]C(=O)C1=CC2=C3C=C(C=CN3[Ru]N2C=C1)C(=O)[O-].[O-]C=O.[O][Gd].[O][Gd]123([O])([O])O[Gd]45([O]2[Gd]2([O]1[Gd]([O]34)([O]52)([O])([O])[O])([O])([O])[O])([O])[O]&&UNKNOWN.cat1;UDIROQ,0.8797
Br[Mn]Br.Nc1ccccc1Nc1ccccc1N&&UNKNOWN.cat1;UDITIM,0.8822
[O-]C(=O)c1cccc(c1)P(=O)([O])[O].[Zn]&&mer.cat0;UDOVUG,0.8923
N1=C[N]N([CH]1)c1cccc(n1)N1[N]C=N[CH]1.[Rh][Rh]&&ERROR.cat1;UDUNAI,0.8964
N#CC(=Cc1ccccc1OCCOc1ccccc1C=C(C#N)C#N)C#N.[Ag]&&UNKNOWN.cat0;UFANEV,0.8886
"CCn1cc(C(=O)[O-])c(=O)c2c1nc(N1CCNCC1)c(c2)F.[Co]&&rtl,sql.cat0;UFANIZ",0.5497
[Ni].[O-]C(=O)c1ccncc1&&dia.cat0;UFATEA01,0.7471
C(Sc1ccncc1)Sc1ccncc1.[Cu].[O-]C(=O)CO&&UNKNOWN.cat1;UFAVAZ,0.7538
[Cu].[O-]C(=O)[C]1N=CC=NC1=O.[OH]12[Dy]345[OH]6[Dy]782[O]29%105[Dy]5%111[OH]4[Dy]149[OH]3[Dy]362[OH]8[Dy]%10([OH]51)([OH]7%11)[OH]43.[O]12[Dy]3456789%10%11%12[O]%13[Dy]%14%15%16%17%18%19%20%21%221[O]3[Dy]13%23%24%25%26%27%282%13[OH]4[Dy]24%13%29%30%31%32%33%34%35[OH]6[Dy]6%36%37%38%39%40%41%42%43([OH]5%14)[O]7%1512[Dy]([O]8%16346)([O]9%17%23%13%36)([O]%10%18%24%29%37)([O]%11%19%25%30%38)([O]%12%20%26%31%39)([OH]%21%27)([OH]%22%40)([OH]%28%32)([O]%33%41)([O]%34%42)[O]%35%43&&ERROR.cat0;UFEXEJ,0.8436
[Cu].[O-]C(=O)[C]1N=CC=NC1=O.[OH]12[Ho]345[OH]6[Ho]782[O]29%105[Ho]5%111[OH]4[Ho]149[OH]3[Ho]362[OH]8[Ho]%10([OH]51)([OH]7%11)[OH]43.[O]12[Ho]3456789%10%11%12[O]%13[Ho]%14%15%16%17%18%19%20%21%221[O]3[Ho]13%23%24%25%26%27%282%13[OH]4[Ho]24%13%29%30%31%32%33%34%35[OH]6[Ho]6%36%37%38%39%40%41%42%43([OH]5%14)[O]7%1512[Ho]([O]8%16346)([O]9%17%23%13%36)([O]%10%18%24%29%37)([O]%11%19%25%30%38)([O]%12%20%26%31%39)([OH]%21%27)([OH]%22%40)([OH]%28%32)([O]%33%41)([O]%34%42)[O]%35%43&&ERROR.cat0;UFEXIN,0.8358
[Cu].[O-]C(=O)[C]1N=CC=NC1=O.[OH]12[Er]3456789%10%11%12[O]%13[Er]%14%15%16%17%18%19%20%21%221[O]3[Er]13%23%24%25%26%27%28%13([O]4%14)[OH]5[Er]45%13%14%29%30%31%32%33%34[OH]6[Er]6%35%36%37%38%39%40%41%422[O]7%1514[Er]([O]8%16356)([O]9%17%23%13%35)([O]%10%18%24%14%36)([O]%11%19%25%29%37)([O]%12%20%26%30%38)([OH]%21%27)([OH]%22%39)([O]%31%40)([O]%32%41)([O]%33%42)[OH]%28%34.[OH]12[Er]345[OH]6[Er]782[O]29%105[Er]5%111[OH]4[Er]149[OH]3[Er]362[OH]8[Er]%10([OH]51)([OH]7%11)[OH]43&&ERROR.cat0;UFEXOT,0.8413
[Fe].[O-]C(=O)c1ccncc1.[Pd].c1ccc(cc1)P(c1ccccc1)C1=CC=C[CH]1&&ERROR.cat1;UFILAX,0.8653
"Cc1c(c2cc(cc(c2)c2ccc(cc2)C(=O)[O-])c2ccc(cc2)C(=O)[O-])c(C)c(c(c1c1cc(cc(c1)c1ccc(cc1)C(=O)[O-])c1ccc(cc1)C(=O)[O-])C)c1cc(cc(c1)c1ccc(cc1)C(=O)[O-])c1ccc(cc1)C(=O)[O-].[Zn]12[O]3456[Zn]7[O]89%101[Zn]3[O]27([Zn]48)([Zn]59)[Zn]6%10.[Zn][O]([Zn])([Zn])[Zn]&&pcu,zxc.cat1;UFIREI",0.8908
Cc1c(c2cc(cc(c2)c2ccc(cc2)C(=O)[O-])c2ccc(cc2)C(=O)[O-])c(C)c(c(c1c1cc(cc(c1)c1ccc(cc1)C(=O)[O-])c1ccc(cc1)C(=O)[O-])C)c1cc(cc(c1)c1ccc(cc1)C(=O)[O-])c1ccc(cc1)C(=O)[O-].[O][Pb].[Pb]&&ERROR.cat1;UFIRIM,0.8764
"O=C(c1ccc(cc1)C(=O)Nc1cc(cc(c1)C(=O)[O-])C(=O)[O-])Nc1cc(cc(c1)C(=O)[O-])C(=O)[O-].[OH2][Zn].n1ccc(cc1)c1ccncc1&&bex,hcb.cat0;UFIVUC",0.8459
[Mo].[Ni].[O].n1ccc(cc1)c1cccnc1&&ERROR.cat0;UGAQEY,0.8548
[Co].[O-]C(=O)c1ccc(cc1)c1cc(cc(c1)c1ccc(cc1)C(=O)[O-])c1ccc(cc1)C(=O)[O-].[O]CCN(CCO)CCO&&hcb.cat1;UGORAL,0.6797
[O-]C(=O)c1cc(C(=O)[O-])c(cc1C(=O)[O-])C(=O)[O-].[Zn]&&pts.cat0;UGUQOC,0.8795
[O-]C(=O)COc1ccc(cc1Cl)Cl.[OH2][Gd][OH2]&&ERROR.cat1;UHELAU,0.5483
Br[Co]Br.Cc1c(Cn2[n-]ccc2)c(C)c2c(c1Cc1c(C)c(Cc3c(c(Cc4c(c(C2)c(C)c(c4C)Cn2[n-]ccc2)C)c(c(c3C)Cn2[n-]ccc2)C)C)c(c(c1C)Cn1[n-]ccc1)C)C&&sql.cat1;UHESIK,0.8591
"CC1=[C]C(=C(C(=C1Cc1c(C)c(Cc2c(C)c(CC3=C(C)[C]=C(C(=C3C)Cn3[n-]ccc3)C)c(c(c2C)Cn2[n-]ccc2)C)c(c(c1C)Cn1[n-]ccc1)C)C)Cn1[n-]ccc1)C.Cl[Co]Cl&&sql,hcb.cat1;UHESOQ",0.8516
Br[Cu]Br.Cc1c(Cn2[n-]ccc2)c(C)c2c(c1Cc1c(C)c(Cc3c(c(Cc4c(c(C2)c(C)c(c4C)Cn2[n-]ccc2)C)c(c(c3C)Cn2[n-]ccc2)C)C)c(c(c1C)Cn1[n-]ccc1)C)C&&UNKNOWN.cat1;UHESUW,0.8595
"Br[Zn]Br.CC1=[C]C(=C(C(=C1Cc1c(C)c(Cc2c(C)c(CC3=C(C)[C]=C(C(=C3C)Cn3[n-]ccc3)C)c(c(c2C)Cn2[n-]ccc2)C)c(c(c1C)Cn1[n-]ccc1)C)C)Cn1[n-]ccc1)C&&sql,hcb.cat1;UHETAD",0.8577
Cc1c(Cn2[n-]ccc2)c(C)c2c(c1Cc1c(C)c(Cc3c(c(Cc4c(c(C2)c(C)c(c4C)Cn2[n-]ccc2)C)c(c(c3C)Cn2[n-]ccc2)C)C)c(c(c1C)Cn1[n-]ccc1)C)C.Cl[Zn]Cl&&sql.cat1;UHETEH,0.8507
[Cu].[Cu]I.c1ncn(c1)B(n1cncc1)n1cncc1&&ERROR.cat5;UHIZUI,0.7322
[Fe].n1ccc(cc1)c1ccc(cc1)c1ccncc1&&sql.cat1;UHOHOQ,0.7719
[Fe].n1ccc(cc1)c1ccc(cc1)c1ccncc1&&sql.cat1;UHOHUW,0.7671
[O-]C(=O)CCC(C(=O)[O-])NC(=O)N.[Zn].n1ccc(cc1)C=Cc1ccncc1&&sql.cat0;UHOMEL,0.8262
O=C([C]1OC(O[C]1C(=O)[O-])([C])[C])[N]C1=[C][C]=N[C]=[C]1.[Zn][O]([Zn])[Zn]&&hcb.cat0;UHOPUC,0.901
CCOc1ccc2c(c1c1c(O[CH]C)ccc3c1ccc(c3)C=Cc1ccncc1)ccc(c2)C=Cc1ccncc1.[Ni]&&ERROR.cat1;UHOVAO,0.7358
[C]1O[C][C]O[C][C]O[C][C]O[C][C]Oc2c(-c3c(O[C]1)ccc1c3ccc(c1)C=Cc1ccncc1)c1ccc(cc1cc2)C=Cc1ccncc1.[Ni]&&ERROR.cat1;UHOVES,0.7425
[C]O[C][C]OC1=[C]C(=C([C]=C1C#Cc1ccc(cc1)C(=O)[O-])O[C][C]O[C])C#Cc1ccc(cc1)C(=O)[O-].[C]O[C][C]Oc1c([O])c(C#Cc2ccc(cc2)C(=O)[O-])c(c(c1C#Cc1ccc(cc1)C(=O)[O-])[O])O[C][C]O[C].[Zn][O]([Zn])([Zn])[Zn]&&pcu.cat0;UHUQAQ,0.9021
[C]O[C][C]OC1=[C]C(=C([C]=C1C#Cc1ccc(cc1)C(=O)[O-])O[C][C]O[C])C#Cc1ccc(cc1)C(=O)[O-].[C]O[C][C]Oc1c([O])c(C#Cc2ccc(cc2)C(=O)[O-])c(c(c1C#Cc1ccc(cc1)C(=O)[O-])[O])O[C][C]O[C].[Zn][O]([Zn])([Zn])[Zn]&&pcu.cat0;UHUQAQ01,0.8976
"[Ni][O]1[Ni]([OH2])[O]([Ni]1[OH2])[Ni].[O-]C(=O)c1cc(OCCOc2cc(cc(c2)C(=O)[O-])C(=O)[O-])cc(c1)C(=O)[O-]&&UNKNOWN,kgd.cat0;UJARAZ",0.8822
[Mn].[O-]C(=O)c1ccc(cc1)c1cc(cc(c1)C(=O)[O-])C(=O)[O-].[O][Mn]&&UNKNOWN.cat0;UKIQIP,0.8872
[Bi].[O-]C(=O)C(CC(=O)[O-])(CC(=O)[O-])[O]&&UNKNOWN.cat1;UKUBEI,0.8222
[CH2]C[C]CC[C](C(=O)[O-])NCc1ccccc1[O].[Cu]&&ERROR.cat0;ULEGOH,0.7317
[Cd].[Cd][Cd].[O-]C(=O)c1cc(cc(c1)C(=O)[O-])C(=O)[O-].[O][Cd][Cd]&&UNKNOWN.cat0;ULOGAE,0.8582
O=C1C(=O)C(=O)C1=O.[OH2][Ni][OH2].n1ccc(cc1)c1ccncc1&&sql.cat1;ULUKAN,0.883
O=C1C(=O)C(=O)C1=O.[OH2][Co][OH2].n1ccc(cc1)c1ccncc1&&sql.cat1;ULUKIV,0.883
NC1=NN=N[N]1.[Zn]&&dia.cat0;ULUVUT,0.8968
[O-]C(=O)c1cc(C(=O)[O-])c(cc1C(=O)[O-])C(=O)[O-].[OH2][Zn][OH]([Zn][OH]([Zn][OH2])[Zn][OH2])[Zn][OH2]&&UNKNOWN.cat0;UMEXUF,0.8093
NCCN.[O-]C(=O)c1cccc(c1)C(=O)[O-].[Zn]&&sql.cat0;UMEZUH,0.77
C1CN2CCN1CC2.I[Cu]12[Cu]3([Cu]1([Cu]23I)I)I.I[Cu]1[Cu]2[Cu]31([Cu]12([Cu]3([Cu]1)I)(I)I)(I)I.I[Cu]1[Cu][Cu]23([Cu]41(I)(I)[Cu]2[Cu]34I)(I)I&&UNKNOWN.cat0;UMUXAC,0.8401
C(Sc1ccncc1)Sc1ccncc1.Cl[Cu]Cl&&ERROR.cat1;UMUYEH,0.892
C(Sc1ccncc1)Sc1ccncc1.Cl[Cu]Cl&&ERROR.cat1;UMUYIL,0.882
[O-]C(=O)c1ccc(cc1)C(=O)[O-].[Zn][O]([Zn])([Zn])[Zn]&&pcu.cat0;UNIGEE,0.8983
O=C(c1cccc(c1)C(=O)Nc1cccnc1)Nc1cccnc1.[O-]C(=O)c1ccc2c(c1)ccc(c2)C(=O)[O-].[OH2][Cu]&&sql.cat1;UPORIB,0.8566
[Co].c1ccc(cn1)C1=C2C=CC(=C(c3cccnc3)C3=NC(=C(C4=CC=C(C(=C5N=C1C=C5)c1cccnc1)[N]4)c1cccnc1)C=C3)[N]2&&ERROR.cat1;UPOSEY,0.8118
Cl[Zn].N1=NC2=CC3=C([CH]C2=N1)OC1=C(O3)C=C2C(=NN=N2)[CH]1.N1=NC2=CC3=C([CH]C2=N1)Oc1c(O3)cc2=N[N]N=c2c1.N1=N[C]2C(=N1)C=C1C(=C2)Oc2c(O1)cc1=N[N]N=c1c2.[N]1N=c2c(=N1)cc1c(c2)Oc2c(O1)cc1=N[N]N=c1c2.[Zn]&&pcu.cat0;UPOZAB,0.8981
N#C[N]C#N.[Zn].n1ccc(cc1)CCc1ccncc1&&pcu.cat1;UQOYOP,0.8461
[O-]C(=O)c1c(F)c(F)c(c(c1F)F)C(=O)[O-].[OH2][Cu][OH2]&&ERROR.cat1;UQUGIX,0.904
N#C[N]C#N.[Cu].n1ccc(cc1)c1ccncc1&&sql.cat1;URIPIV,0.8465
CC(=O)C1=C([O])CC(C(C1c1cccnc1)C(=O)C)(C)O.C[C](C1=C([O])CC([CH]C1c1cccnc1)(C)O)[O].C[C]([C]1C(=O)CC(C(C1c1cccnc1)C(=O)C)(C)O)[O].[Ir].[O][Ag]&&ERROR.cat3;USISEV,0.8116
NC1=NN=N[N]1.[Zn]&&dia.cat0;USUBUG,0.8908
[CH]1[C]=CN=N1.[C]1C=NN=C1.[N]1C=[C]C=N1.[O][Ni]&&ERROR.cat2;UTEWOG,0.8924
[C]C1=CN=N[CH]1.[O][Cu].[O][Cu][Cu][O]&&ERROR.cat2;UTEWUM,0.8952
[O-]C(=O)c1ccc(cc1)C(=O)[O-].[Zn].c1cc(nc(c1)n1cncc1)n1cncc1&&sql.cat0;UVAPEN,0.844
[Cd].[O-]C(=O)c1ncccc1C(=O)[O-].[OH2][Cd].n1ccc(cc1)[N][N]c1ccncc1&&UNKNOWN.cat1;UVISEY,0.7823
[O-]C(=O)c1ccc(cc1)c1ccc(cc1)C(=O)[O-].[Zn][Zn].n1ccc(cc1)c1nnc(nn1)c1ccncc1&&pcu.cat2;UVUPOR,0.8274
[O-]C(=O)c1ccc(cc1)Oc1ccc(cc1)C(=O)[O-].[Zn][Zn].n1ccc(cc1)C1=N[N]C(=N[N]1)c1ccncc1.n1ccc(cc1)c1nnc(nn1)c1ccncc1&&UNKNOWN.cat0;UVUPUX,0.7908
[O-]C(=O)c1ccc(cc1)c1ccc(cc1)N(c1ccc(cc1)c1ccc(cc1)C(=O)[O-])c1ccc(cc1)c1ccc(cc1)C(=O)[O-].[Zn][O]([Zn])([Zn])[Zn]&&pyr.cat1;UWAFOO,0.9021
[O-]C(=O)c1ccc(cc1)c1ccc(cc1)N(c1ccc(cc1)c1ccc(cc1)C(=O)[O-])c1ccc(cc1)c1ccc(cc1)C(=O)[O-].[Zn][O]([Zn])([Zn])[Zn]&&pyr.cat1;UWAFUU,0.897
[O-]C(=O)c1ccc(cc1)c1ccc(cc1)N(c1ccc(cc1)c1ccc(cc1)C(=O)[O-])c1ccc(cc1)c1ccc(cc1)C(=O)[O-].[Zn][O]([Zn])([Zn])[Zn]&&pyr.cat1;UWAGAB01,0.9001
[O-]C(=O)c1ccc(cc1)c1ccc(cc1)N(c1ccc(cc1)c1ccc(cc1)C(=O)[O-])c1ccc(cc1)c1ccc(cc1)C(=O)[O-].[Zn][O]([Zn])([Zn])[Zn]&&pyr.cat1;UWAGAB02,0.8968
[O-]C(=O)c1ccc(cc1)c1ccc(cc1)N(c1ccc(cc1)c1ccc(cc1)C(=O)[O-])c1ccc(cc1)c1ccc(cc1)C(=O)[O-].[Zn][O]([Zn])([Zn])[Zn]&&pyr.cat1;UWAGAB03,0.9044
[O-]C(=O)c1ccc(cc1)c1ccc(cc1)N(c1ccc(cc1)c1ccc(cc1)C(=O)[O-])c1ccc(cc1)c1ccc(cc1)C(=O)[O-].[Zn][O]([Zn])([Zn])[Zn]&&pyr.cat1;UWAGAB04,0.902
"O=C(c1ccncc1)Nc1cc(cc(c1)C(=O)[O-])C(=O)[O-].[Zn][Zn]&&rtl,sql.cat0;UWELIS",0.8897
[Co].[O-]C(=O)c1ccc(s1)c1ccc(s1)C(=O)[O-]&&ERROR.cat1;UWOWEJ,0.8957
[O-]C(=O)c1ccc(s1)c1ccc(s1)C(=O)[O-].[Zn]&&ERROR.cat1;UWOWIN,0.8987
[Cu].[O-]C(=O)c1ccc(c(c1)O)C(=O)[O-].n1ccc(cc1)c1ccncc1&&ERROR.cat0;UWUQEJ,0.9012
[O-]C(=O)c1ccc(cc1)C(=O)[O-].[O-]C(=O)c1ccc(cc1)c1ccncc1.[Zn][Zn]&&pcu.cat1;UWUTIQ,0.8548
[O-]C(=O)C=CC=CC(=O)[O-].[OH2][Er]([OH2])[OH2]&&ERROR.cat0;UXABOL,0.2203
[O-]C(=O)C=CC=CC(=O)[O-].[OH2][Y]([OH2])[OH2]&&ERROR.cat0;UXABUR,0.5825
[O-]C(=O)c1cc2ccccc2c(c1O)Cc1c(O)c(cc2c1cccc2)C(=O)[O-].[Zn].c1ncn(c1)Cc1ccc(cc1)Cn1cncc1&&dia.cat0;UXEHIP,0.8718
Cl[Cd].[O-]C(=O)c1cccc(n1)CN1CCOCCOCCN(CCOCCOCC1)Cc1cccc(n1)C(=O)[O-].[O-]C(=O)c1cccc(n1)C[NH]1CCOCCOCC[NH](CCOCCOCC1)Cc1cccc(n1)C(=O)[O-]&&pts.cat0;UXIFEN,0.8765
"[O-]C(=O)c1ccc(cc1)c1cc(cc(c1)c1ccc(cc1)C(=O)[O-])c1cc(cc(c1)c1cc(cc(c1)c1ccc(cc1)C(=O)[O-])c1ccc(cc1)C(=O)[O-])c1cc(cc(c1)c1ccc(cc1)C(=O)[O-])c1ccc(cc1)C(=O)[O-].[Zn]12[O]3456[Zn]7[O]89%101[Zn]3[O]27([Zn]48)([Zn]59)[Zn]6%10.[Zn][O]([Zn])([Zn])[Zn]&&pcu,zxc.cat1;UYAPOA",0.8925
Cc1cccnc1C1=NN=C([N]1)c1ccncc1.Cc1cccnc1C1=[N]=C(N=N1)c1ccncc1.[Zn]&&nbo.cat0;UYAQER,0.8928
"[Cd].[O-]C(=O)c1cc(NC2=NC(=[N]=C([N]2)Nc2cc(cc(c2)C(=O)[O-])C(=O)[O-])Nc2cc(cc(c2)C(=O)[O-])C(=O)[O-])cc(c1)C(=O)[O-]&&cor,tfu.cat0;UYOXUC",0.8888
O=C(c1cc(cc(c1)C(=O)Nc1ccc(cc1)C(=O)[O-])C(=O)Nc1ccc(cc1)C(=O)[O-])Nc1ccc(cc1)C(=O)[O-].[Ce]&&UNKNOWN.cat0;UZIJUJ,0.4178
[Ag].n1ncn(c1)CCn1cnnc1&&ERROR.cat1;UZOBOB,0.889
[Cu][Cu].[N]([CH]c1ccncc1)[N][CH]c1ccncc1.[O-]C(=O)CCCC(=O)[O-]&&rob.cat0;UZUNAF,0.8937
[Cu][Cu].[N]([CH]c1ccncc1)[N][CH]c1ccncc1.[O-]C(=O)CCCC(=O)[O-]&&rob.cat0;UZUNAF01,0.8937
[Cu][Cu].[N]([CH]c1ccncc1)[N][CH]c1ccncc1.[O-]C(=O)CCCC(=O)[O-]&&rob.cat0;UZUNEJ,0.8957
O=C(c1ccccc1OCc1cccc(c1)COc1ccccc1C(=O)NCc1ccccc1)NCc1ccccc1.[Pr]&&hcb.cat1;UZUPOV,0.8908
O=C(c1ccccc1OCc1cccc(c1)COc1ccccc1C(=O)NCc1ccccc1)NCc1ccccc1.[Nd]&&hcb.cat1;UZUPUB,0.8862
[In].[O-]C(=O)C1=[C][C]=C([C]=[C]1)C(=O)[O-]&&qtz.cat0;VACFOV,0.8888
[In].[O-]C(=O)c1ccc(cc1)C(=O)[O-]&&qtz.cat0;VACFOV01,0.8477
[O-]C(=O)C1=[C][C]=N[C]=[C]1.[Zn]&&qtz.cat0;VACFUB,0.9012
[O-]C(=O)c1ccncc1.[Zn]&&qtz.cat0;VACFUB01,0.9035
I[Cu][Cu]I.c1ccc(cn1)NCc1ccc(cc1)CNc1cccnc1&&sql.cat0;VACTIE,0.8531
[Co].c1cc(C=Cc2ccncc2)cc(c1)C=Cc1ccncc1&&kgm.cat0;VADZOQ,0.8866
"[O-]C(=O)c1ccc(cc1)N(c1ccc(cc1)C(=O)[O-])c1ccc(cc1)c1ccc(cc1)N(c1ccc(cc1)C(=O)[O-])c1ccc(cc1)C(=O)[O-].[O][Zn][Zn][O]&&lvt,lil.cat0;VAGMAT",0.9039
"[O-]C(=O)c1ccc(cc1)N(c1ccc(cc1)C(=O)[O-])c1ccc(cc1)c1ccc(cc1)N(c1ccc(cc1)C(=O)[O-])c1ccc(cc1)C(=O)[O-].[O][Zn][Zn][O]&&lvt,lil.cat0;VAGMEX",0.9007
"[O-]C(=O)c1ccc(cc1)N(c1ccc(cc1)C(=O)[O-])c1ccc(cc1)c1ccc(cc1)N(c1ccc(cc1)C(=O)[O-])c1ccc(cc1)C(=O)[O-].[Zn][Zn].n1ccc(cc1)C1=N[N]C(=N[N]1)c1ccncc1&&bpq,fly.cat0;VAGMIB",0.8984
"[O-]C(=O)c1ccc(cc1)N(c1ccc(cc1)C(=O)[O-])c1ccc(cc1)c1ccc(cc1)N(c1ccc(cc1)C(=O)[O-])c1ccc(cc1)C(=O)[O-].[Zn][Zn].n1ccc(cc1)C1=N[N]C(=N[N]1)c1ccncc1&&bpq,fly.cat0;VAGMIB01",0.8957
"[O-]C(=O)c1ccc(cc1)N(c1ccc(cc1)C(=O)[O-])c1ccc(cc1)c1ccc(cc1)N(c1ccc(cc1)C(=O)[O-])c1ccc(cc1)C(=O)[O-].[Zn][Zn].n1ccc(cc1)c1nnc(nn1)c1ccncc1&&bpq,fly.cat0;VAGMOH",0.8984
[O-]C(=O)c1ccc(cc1)[N][N]c1cc(cc(c1)C(=O)[O-])C(=O)[O-].[OH2][Dy][OH2]&&UNKNOWN.cat0;VAHVOR,0.7184
[OH2][Cu][OH2].n1ccc(cc1)c1ccncc1&&ERROR.cat1;VAJTOR,0.5992
[C]SC1=[C][C]=C([C]=[C]1)C1=[C]C(=NC(=[C]1)C1=[C][C]=N[C]=[C]1)C1=[C][C]=N[C]=[C]1.[C]SC1=[C][C]=C([C]=[C]1)C1=[C]C(=NC([C]1)(Cl)C1=[C][C]=N[C]=[C]1)C1=[C][C]=N[C]=[C]1.[Cd]&&ERROR.cat0;VAKXAI,0.8253
[O-]C(=O)c1cccc(c1)c1ccncc1.[Zn]&&sql.cat1;VALFUL,0.7665
[O-]C(=O)c1ccc(cc1)C(=O)[O-].[Zn].n1ccc(cc1)NNc1ccncc1&&sql.cat2;VAMXEO01,0.848
[Cu].[O-]C(=O)C(=O)[O-]&&ERROR.cat3;VANWIS,0.8362
"N#C[C](c1ccc(cc1)[C](C#N)C#N)C#N.[Fe].n1ccc(cc1)c1ccncc1&&fsc,UNKNOWN.cat0;VARJEF",0.8951
[O-]C(=O)c1ccc(cc1)C(=O)[O-].[OH].[Sc]&&rna.cat0;VASKOR,0.8773
[O-]C(=O)c1cccc(c1)C(=O)[O-].[Zn].c1ncn(c1)CCn1cncc1&&sql.cat1;VAVKEK,0.8105
[Ag].[S]C#N&&ERROR.cat3;VAWCOL,0.9079
[O-]C(=O)c1cc(C(=O)[O-])c(cc1C(=O)[O-])C(=O)[O-].[OH2][Co]([OH2])([OH2])[OH2]&&ERROR.cat0;VAWXAS01,0.8926
[O-]C(=O)c1cc(C(=O)[O-])c(cc1C(=O)[O-])C(=O)[O-].[OH2][Co]([OH2])([OH2])[OH2]&&ERROR.cat0;VAWXAS02,0.8971
[O-]C(=O)c1cc(C(=O)[O-])c(cc1C(=O)[O-])C(=O)[O-].[OH2][Co]([OH2])([OH2])[OH2]&&ERROR.cat1;VAWXAS03,0.8953
[Fe].[O-]C(=O)c1ccc2c(c1)ccc(c2)C(=O)[O-].n1ccc(cc1)c1ccncc1&&pcu.cat1;VAZROF,0.8041
[O-]C(=O)c1ccc(cc1)C(=O)[O-].[Zn][O]([Zn])([Zn])[Zn]&&pcu.cat0;VAZTOG,0.9054
[O-]C(=O)c1ccc(cc1)C(=O)[O-].[Zn][O]([Zn])([Zn])[Zn]&&pcu.cat0;VAZTUM,0.9042
[Co].[O-]C(=O)c1ncccc1C(=O)[O-].[O][Gd]([O])[O]&&hcb.cat0;VAZZIG,0.8826
C(Cc1ccncc1)Cc1ccncc1.[Ag][Ag]&&sql.cat1;VEBXIK,0.8767
[Co][OH2][Co].[O-]C(=O)c1ccncc1&&ecu.cat0;VEDFER,0.8842
[Co][OH2][Co].[O-]C(=O)c1ccncc1&&ecu.cat0;VEDFOB,0.8859
[Co][OH2][Co].[O-]C(=O)c1ccncc1&&ecu.cat0;VEDGAO,0.8846
C1=N[CH]N([N]1)Cc1ccc(cc1)c1ccc(cc1)Cn1cncn1.[Co].[O].[O]P(=O)([O])[O].[W]&&ERROR.cat1;VEDLAT,0.7805
O=C(NCc1ccncc1)NCc1ccncc1.[OH2][Cu]Cl&&sql.cat1;VEDYAF,0.8235
[Co].[Co][Co].[O-]C(=O)c1ccc(cc1)N(c1ccc(cc1)C(=O)[O-])c1ccc(cc1)C(=O)[O-].[O][Co]&&UNKNOWN.cat0;VEFMAW,0.8728
[Zn].n1ccc(cc1)N=Nc1ccncc1&&ERROR.cat3;VEFMEA,0.8944
[Cd].[O]S(=S)(=O)[O]&&ERROR.cat1;VEFTOR,0.8746
[O-]C(=O)c1sc2c(c1)sc1c2sc(c1)C(=O)[O-].[O][Zr]123([O])[O]4[Zr]56[O]3[Zr]37([O]2[Zr]28[O]1[Zr]14([O]6[Zr]([O]53)([O]21)([O]78)([O])[O])([O])[O])([O])[O]&&reo.cat0;VEGBUG,0.8934
[O-]C(=O)c1sc2c(c1)sc1c2sc(c1)C(=O)[O-].[O][Hf]123([O])[O]4[Hf]56[O]3[Hf]37([O]2[Hf]28[O]1[Hf]14([O]6[Hf]([O]53)([O]21)([O]78)([O])[O])([O])[O])([O])[O]&&reo.cat0;VEGCAN,0.8988
[Ru][Ru].n1ccc(cc1)C1=NC(=[N]=C([N]1)c1ccncc1)c1ccncc1&&hcb.cat0;VEGPII,0.8785
[Ru][Ru].n1ccc(cc1)C1=NC(=[N]=C([N]1)c1ccncc1)c1ccncc1&&hcb.cat0;VEGPOO,0.8459
[Ru][Ru].n1ccc(cc1)C1=NC(=[N]=C([N]1)c1ccncc1)c1ccncc1&&hcb.cat0;VEGPUU,0.7954
[CH]=[C][C]=O.[CH]=[C][C]=O.[O-]C(=O)[C]=[CH].[O-]C(=O)c1cc(cc(c1)C(=O)[O-])C(=O)[O-].[Zn]&&UNKNOWN.cat0;VEHKEA,0.8975
[O-]C(=O)C(=O)[O-].[O-]C(=O)c1cc(cc(c1)C(=O)[O-])C(=O)[O-].[Zn][O]([Zn]([O])([O])[O])[Zn].[Zn][O]([Zn])[Zn]&&ERROR.cat0;VEHKOK,0.8858
[O][Co][O]1[Co]O[Co][O]([Co]O[Co]1)[Co][O].n1ncn(c1)c1ccc(cc1)CCc1ccc(cc1)n1cnnc1&&bcu.cat1;VEHNAZ,0.8681
[Cu].[O-]C(=O)c1nccnc1C(=O)[O-].n1ccc(cc1)C=Cc1ccncc1&&ERROR.cat0;VEHPUU,0.8995
Cl[Pr]12345[O]6[Sb]7[O]85[Sb]5[O]1[Sb]1[O]93[Sb]3[O]2[Sb]2[O]%104[Sb]6[O]4[Pr]6%11%12%10[O]2[Sb]2[O]3[Pr]3%10%139[O]1[Sb]1[O]5[Pr]59%148[O]7[Sb]4[O]%129[Sb]4[O]%11[Sb]([O]3[Sb]([O]%1015)[O]%144)[O]62%13.[O-]C(=O)c1ccc(s1)C(=O)[O-].[Sb]12[O]3[Sb]4[O]5[Sb]6[O]1[Pr]1789[O]%102[Pr]2%11%123[O]34[Pr]4%13%145[O]61[Sb]1[O]7[Sb]5[O]69[Pr]79%15%16[O]%12([Sb]%12[O]2[Sb]3[O]%13[Sb]([O]%147[Sb]([O]41)[O]5%16)[O]9%12)[Sb]1[O]%11[Sb]%10[O]8[Sb]6[O]%151&&jph.cat0;VEHXEN,0.1741
[Mo].[O-]C(=O)c1cc(cc(c1)C(=O)[O-])C(=O)[O-].[O].[O]P(=O)([O])[O].[Zn]&&ERROR.cat1;VEJCIY,0.9029
"[O-]C(=O)c1cc(cc(c1)C1=C2C=CC3=[N]2[Zn]24n5c1ccc5C(=C1[N]2=C(C=C1)C(=c1n4c(=C3c2cc(cc(c2)C(=O)[O-])C(=O)[O-])cc1)c1cc(cc(c1)C(=O)[O-])C(=O)[O-])c1cc(cc(c1)C(=O)[O-])C(=O)[O-])C(=O)[O-].[Zn]&&the,tfe.cat0;VEJHEZ",0.8989
"[Cd].[O-]C(=O)c1cc(cc(c1)C1=C2C=CC3=[N]2[Cd]2([Cd]4(n5c1ccc5C(=C1[N]4=C(C(=c4n2c(=C3c2cc(cc(c2)C(=O)[O-])C(=O)[O-])cc4)c2cc(cc(c2)C(=O)[O-])C(=O)[O-])C=C1)c1cc(cc(c1)C(=O)[O-])C(=O)[O-])[O])[O])C(=O)[O-].[O][Cd][Cd]123([O])[N]4=C5C=CC4=C(c4n2c(C(=C2[N]1=C(C=C2)C(=c1n3c(=C5c2cc(cc(c2)C(=O)[O-])C(=O)[O-])cc1)c1cc(cc(c1)C(=O)[O-])C(=O)[O-])c1cc(cc(c1)C(=O)[O-])C(=O)[O-])cc4)c1cc(cc(c1)C(=O)[O-])C(=O)[O-]&&the,tfe.cat0;VEJHID",0.9008
C1=C[N]C=N1.C1=N[CH]C=N1.[Zn]&&crb.cat0;VEJYIT,0.8894
C1=C[N]C=N1.C1=N[CH]C=N1.[Zn]&&crb.cat0;VEJYIT01,0.8951
C1=C[N]C=N1.C1=N[CH]C=N1.[CH]C1N=C[N]C1[CH].[Zn]&&ERROR.cat3;VEJZIU,0.9011
CC(c1cc(cc2c1[O]13[Cl]4[Mn]5673[Mn]1[O]46c1c([CH]N7C3C(N5[CH]2)CCCC3)cc(cc1C(C)(C)C)c1ccncc1)c1ccncc1)(C)C.[O-]C(=O)c1ccc(cc1)c1ccc(cc1)C(=O)[O-].[Zn][Zn]&&pcu.cat0;VELBAQ,0.7009
[Co].[O-]C(=O)C.[O-]C(=O)c1cc(cc(c1)C(=O)[O-])C(=O)[O-]&&pyr.cat0;VEMTAJ01,0.8741
[Ni].[O-]C(=O)CC(C(=O)[O-])N.[OH]&&ERROR.cat0;VEQBID,0.9006
N#Cc1ccc(cc1)C#Cc1c([O])c(C#Cc2ccc(cc2)C#N)c(c(c1[O])C#Cc1ccc(cc1)C#N)[O].[Ag]&&hcb.cat0;VEQSOZ,0.8672
[Fe]1O[Fe]O[Fe]O[Fe]O1.[O-]C(=O)c1ccc2-c3c(C(c2c1)(C)C)c1-c2ccc(cc2C(c1c1-c2c(C(c31)(C)C)cc(cc2)C(=O)[O-])(C)C)C(=O)[O-]&&the.cat0;VETTIZ,0.863
I[Cu]12[Cu]3([Cu]1([Cu]23I)I)I.S=[C]1=N[C](N[N]1)c1cccnc1.[Cu]&&ERROR.cat0;VEVJUD,0.8994
[O-]C(=O)C1=[C][C]=C([C]=[C]1)C1=[C][C]=C([C]=[C]1)C(C1=[C][C]=C([C]=[C]1)C1=[C][C]=C([C]=[C]1)C(=O)[O-])(C1=[C][C]=C([C]=[C]1)C1=[C][C]=C([C]=[C]1)C(=O)[O-])C1=[C][C]=C([C]=[C]1)C1=[C][C]=C([C]=[C]1)C(=O)[O-].[Zn]&&MISMATCH.cat1;VEWKUF,0.895
[Co].[O-]C(=O)C1=[C][C]=C([C]=[C]1)C1=[C][C]=C([C]=[C]1)C(C1=[C][C]=C([C]=[C]1)C1=[C][C]=C([C]=[C]1)C(=O)[O-])(C1=[C][C]=C([C]=[C]1)C1=[C][C]=C([C]=[C]1)C(=O)[O-])C1=[C][C]=C([C]=[C]1)C1=[C][C]=C([C]=[C]1)C(=O)[O-].[O][Co]&&UNKNOWN.cat0;VEWLAM,0.8954
[Co].[O-]C(=O)c1ccc(cc1)Oc1ccc(cc1)C(=O)[O-].c1ncn(c1)Cc1ccc(cc1)Cn1cncc1&&ERROR.cat0;VEWQUL,0.731
[Cd].n1ccc(cc1)OCC(COc1ccncc1)(COc1ccncc1)COc1ccncc1&&UNKNOWN.cat1;VEWXAY,0.1168
N1=NN=C([N]1)c1cc(cc(c1)C1=NN=N[N]1)C1=NN=N[N]1.[N]1N=NC(=N1)c1cc(cc(c1)C1=NN=N[N]1)C1=NN=N[N]1.[N]1N=NC(=N1)c1cc(cc(c1)C1=NN=N[N]1)C1=N[N]N=N1.[N]1N=NC(=N1)c1cc(cc(c1)C1=N[N]N=N1)C1=N[N]N=N1.[O][Cu].[O][Cu]Cl&&the.cat0;VEXYON,0.9
[OH2][Co][OH2].n1ccc(cc1)c1nnc(o1)c1ccncc1&&ERROR.cat1;VICNUR,0.9004
[O-]C(=O)c1cc(C(=O)[O-])c(c(c1C)N1C=CN([C]1)c1c(C)c(cc(c1C)C(=O)[O-])C(=O)[O-])C.[O-]C(=O)c1ccc(cc1)c1c(Br)c(c2ccc(cc2)C(=O)[O-])c(c(c1c1ccc(cc1)C(=O)[O-])Br)c1ccc(cc1)C(=O)[O-].[Zn]&&ERROR.cat0;VICYEN,0.8917
"[OH2][Zn].[O]N(c1cc(cc(c1)C(=O)[O-])C(=O)[O-])[N]c1cc(cc(c1)C(=O)[O-])C(=O)[O-].[Zn]&&pts,tfi.cat0;VICYUD",0.885
[O-]C(=O)c1cc(C)c(c(c1)C)N1C=CN([CH]1)c1c(C)cc(cc1C)C(=O)[O-].[Zn]&&ERROR.cat0;VIGHOK,0.4242
[Cd].[O-]C(=O)CCP(=O)(c1ccccc1)[O]&&ERROR.cat1;VIGQUZ,0.8631
[Au].c1ccc(cc1)P(c1ccc2c(c1c1c(ccc3c1cccc3)P(c1ccccc1)c1ccccc1)cccc2)c1ccccc1.n1ccc(cc1)c1ccncc1&&ERROR.cat3;VIGSOU,0.866
[Cu].n1ccc(cc1)c1ccncc1&&ERROR.cat3;VIHGEA,0.8474
[Cu].[O-]C(=O)CC(=O)[N][O].[OH2][Cu]&&ERROR.cat1;VIPJEK,0.7747
Cl[Pt]Cl.[O-]C(=O)c1cncc(c1)C(=O)[O-].[Zn]&&tfi.cat0;VIRVEY,0.8988
[O-]C(=O)CN(Cc1c([O])ccc2c1oc(=O)cc2C)CC(=O)[O-].[OH2][Co].[OH2][Co]([OH2])([OH2])[OH2]&&UNKNOWN.cat0;VIRVOI,0.896
[O-]C(=O)c1cc(cc(c1)C(=O)[O-])c1cc(cc(c1)C(=O)[O-])C(=O)[O-].[O][Sm].[Sm]&&ERROR.cat0;VITZEF,0.575
[Dy].[O-]C(=O)c1cc(cc(c1)C(=O)[O-])c1cc(cc(c1)C(=O)[O-])C(=O)[O-].[O][Dy]&&ERROR.cat0;VITZIJ,0.7802
O=C(c1ccc(cc1)C(=O)[O-])c1ccc(cc1)C(=O)[O-].[Zn].n1ccc(cc1)c1ccncc1&&pcu.cat1;VIVSEA,0.8971
[Cd]12[OH]3[Cd]4[OH]2[Cd]2[OH]1[Cd]3[OH]42.c1ncn(c1)c1ccc(cc1)N(c1ccc(cc1)n1cncc1)c1ccc(cc1)n1cncc1&&ttt.cat0;VIWMIZ,0.8628
[Cd]12[OH]3[Cd]4[OH]2[Cd]2[OH]1[Cd]3[OH]42.c1ncn(c1)c1ccc(cc1)N(c1ccc(cc1)n1cncc1)c1ccc(cc1)n1cncc1&&ttt.cat0;VIWMOF,0.8256
I[Cu][Cu]I.S(Sc1ccncc1)Sc1ccncc1&&ERROR.cat1;VIXBEK,0.8429
"[O-]C(=O)c1cc([N][N]c2cc(cc(c2)C(=O)[O-])C(=O)[O-])cc(c1)C(=O)[O-].[O][Ni][O]123[Ni]4([Ni]2([Ni]1([Ni]34[O])[O])[O])[O]&&nbo,tfb.cat0;VIXWEF",0.9026
"[O-]C(=O)c1ccc(cc1)c1cc(c(c2c1cccc2)c1c2ccccc2c(cc1P(=O)(c1ccccc1)c1ccccc1)c1ccc(cc1)[C]1O[Cd](O1)([OH2])([O])[O])P(=O)(c1ccccc1)c1ccccc1.[O][Cd][O]&&ERROR,UNKNOWN.cat1;VIYKIZ",0.8877
[O-]C(=O)c1ccc(cc1)C=Cc1ccc(cc1)C(=O)[O-].[OH2][Zn]&&ERROR.cat0;VIYZAF,0.8585
[O-]C(=O)c1cc([O])c(cc1[O])C(=O)[O-].[Ti]&&hcb.cat1;VIZPUR,0.9006
NC1=[N]=CN=N1.[O-]C(=O)c1ccc(cc1)S(=O)(=O)c1ccc(cc1)C(=O)[O-].[Zn]&&ERROR.cat0;VIZRIH,0.8617
[Zn]I.n1ccc(cc1)C1=NC2=NC(=NC3=NC(=[N]=C([N]1)[C]23)c1ccncc1)c1ccncc1.n1ccc(cc1)C1=NC2=NC(=NC3=[N]=C([N]C(=N1)[C]23)c1ccncc1)c1ccncc1.n1ccc(cc1)C1=NC2=[N]=C([N]C3=[N]=C([N]C(=N1)[C]23)c1ccncc1)c1ccncc1&&etf.cat1;VIZSUU,0.8974
I[Zn](N1[CH]C=C(C=C1)C1=NC2=NC(=NC3=[N]=C([N]C(=N1)[C]23)c1ccncc1)c1ccncc1)I.I[Zn]I.[Zn]N1[CH]C=C(C=C1)C1=[N]=C2[C]3C(=NC(=NC3=NC(=N2)c2ccncc2)c2ccncc2)[N]1&&ERROR.cat3;VIZTEF,0.8411
[Cd].[O-]C(=O)C.[O-]C(=O)c1c(O)c(O)c(c(c1O)O)C(=O)[O-].[O-]C(=O)c1c(O)c([O])c(c(c1[O])O)C(=O)[O-]&&pcu.cat0;VOBKAA,0.7643
[Mn].[O-]C(=O)c1ccc(cc1)C(=O)O.[O-]C(=O)c1ccc(cc1)C(=O)[O-]&&bcg.cat0;VOBQIO,0.8884
NC1=NC(=[N]=C([N]1)N)N.[Cu].[N][N][N]&&UNKNOWN.cat0;VOBTAJ,0.8502
[Co].[O-]C(=O)c1cc(cc(c1)C(=O)[O-])C(=O)[O-].n1ccc(cc1)c1ccncc1&&hms.cat0;VOCXUH,0.8969
[Ag].n1ncn(c1)Cc1ccc(cc1)Cn1cnnc1&&ERROR.cat1;VOFXOF,0.8495
[Ag].n1ncn(c1)Cc1ccc2c(c1)ccc(c2)Cn1cnnc1&&ERROR.cat1;VOFXUL,0.8925
[Cu].[O].n1ncn(c1)Cc1ccc(cc1)Cn1cnnc1&&ERROR.cat3;VOFYAS,0.8585
O=C(Nc1cccnc1)CCCCC(=O)Nc1cccnc1.[OH2][Cd][OH2]&&UNKNOWN.cat0;VOGPUE,0.8383
"[O-]C(=O)c1cc(cc(c1)c1ccncc1)C(=O)[O-].[Zn][Zn]&&rtl,sql.cat0;VOJGOS",0.8925
O=C1N2CN3C(=O)N4C5C3N3CN6C2C2N1CN1C(=O)N7C8C1N(CN2C6=O)C(=O)N8CN1C2N(C7)C(=O)N6C2N(C1=O)CN1C2N(C6)C(=O)N6C2N(C1=O)CN1C2C7N(CN8C(=O)N(C4)C4N(CN5C3=O)C(=O)N(C84)CN7C1=O)C(=O)N2C6.[O][Ho]([O])([O])([O])[O]&&UNKNOWN.cat1;VOJMIS,0.4502
O=C1N2CN3C(=O)N4C5C3N3CN6C2C2N1CN1C(=O)N7C8C1N(CN2C6=O)C(=O)N8CN1C2N(C7)C(=O)N6C2N(C1=O)CN1C2N(C6)C(=O)N6C2N(C1=O)CN1C2C7N(CN8C(=O)N(C4)C4N(CN5C3=O)C(=O)N(C84)CN7C1=O)C(=O)N2C6.[O][Er]([O])([O])([O])[O]&&UNKNOWN.cat0;VOJMUE,0.445
O=C1N2CN3C(=O)N4C5C3N3CN6C2C2N1CN1C(=O)N7C8C1N(CN2C6=O)C(=O)N8CN1C2N(C7)C(=O)N6C2N(C1=O)CN1C2N(C6)C(=O)N6C2N(C1=O)CN1C2C7N(CN8C(=O)N(C4)C4N(CN5C3=O)C(=O)N(C84)CN7C1=O)C(=O)N2C6.[O][Dy]([O])([O])([O])[O]&&UNKNOWN.cat0;VOJNAL,0.4681
O=C1N2CN3C(=O)N4C5C3N3CN6C2C2N1CN1C(=O)N7C8C1N(CN2C6=O)C(=O)N8CN1C2N(C7)C(=O)N6C2N(C1=O)CN1C2N(C6)C(=O)N6C2N(C1=O)CN1C2C7N(CN8C(=O)N(C4)C4N(CN5C3=O)C(=O)N(C84)CN7C1=O)C(=O)N2C6.[O][Gd]([O])([O])([O])[O]&&UNKNOWN.cat1;VOJNEP,0.5024
CCc1nnc(n1c1cc(NC(=O)c2ccccc2)cc(c1)C(=O)[O-])CC.[Ag]&&lvt.cat1;VOKCOP,0.7577
[C]#N.[Fe].[O][Fe][O].[Pt].n1ccc(cc1)[Se]c1ccncc1&&UNKNOWN.cat0;VOKLIS,0.8926
[C]#N.[Fe].[O][Fe][O].[Pt].n1ccc(cc1)[Se]c1ccncc1&&UNKNOWN.cat0;VOKLIS01,0.8885
Cc1cccc(c1)C(=O)Nc1cc(cc(c1)n1c(C)nnc1C)C(=O)[O-].Cc1cccc(c1)[C]Nc1cc(cc(c1)n1c(C)nnc1C)C(=O)[O-].[Ag]&&lvt.cat1;VOKMAL,0.846
S=C(C(=O)[O-])[C][C]C(=S)C(=O)[O-].[O-]C(=O)C12[C]3[C]4[S]563[S]372[C]1[C]3[C]7C6([C]45)C(=O)[O-].[O-]C(=O)C12[C]S32[C][C]3C2(S3([C]1[C]3)[C]2)C(=O)[O-].[O-]C(=O)C1=[C][C]=C(S1)C(=O)[O-].[Zn]&&bcg.cat0;VOLNUH,0.6138
[O-]C(=O)c1ccc(s1)C(=O)[O-].[Zn]&&bcu.cat0;VOLPAP,0.8953
[O-]C(=O)c1ccc(s1)C(=O)[O-].[Zn]&&flu.cat0;VOLPET,0.9015
[Cu].[O]N1C(C)(C)c2c(C1(C)C)c(ccc2c1ccncc1)c1ccncc1&&sql.cat1;VOLQAQ,0.8896
[O-]C(=O)c1ccc(cc1)c1cc(cc(c1)c1ccc(cc1)C(=O)[O-])c1ccc(cc1)C(=O)[O-].[Zn][O]([Zn])([Zn])[Zn]&&ant.cat1;VOLQOD,0.8828
Cc1[n-]n(c(c1)C)C(n1[n-]c(cc1C)C)c1ccncc1.[Ag]&&ERROR.cat1;VOLRIZ,0.4488
Cc1[n-]n(c(c1)C)C(n1[n-]c(cc1C)C)c1ccncc1.[Ag]&&ERROR.cat1;VOLROF,0.7393
[Ag][Ag].[O-]C(=O)c1ccc(cc1)c1ccc(cc1)C(=O)[O-].n1cc(nc(c1)Sc1nccnc1)Sc1nccnc1&&ERROR.cat0;VOMNES,0.8693
[O-]C(=O)c1c(I)c(C(=O)[O-])c(c(c1I)N)I.[Zn].n1ccc(cc1)c1ccncc1&&ERROR.cat1;VOMSEW,0.6797
[O-]C(=O)c1c(I)c(C(=O)[O-])c(c(c1I)[N])I.[Zn].n1ccc(cc1)c1ccncc1&&ERROR.cat1;VOMSEW01,0.74
[O-]C(=O)c1c(I)c(C(=O)[O-])c(c(c1I)[N])I.[Zn].n1ccc(cc1)c1ccncc1&&ERROR.cat1;VOMSEW02,0.7409
[O-]C(=O)c1c(I)c(C(=O)[O-])c(c(c1I)[N])I.[Zn].n1ccc(cc1)c1ccncc1&&ERROR.cat1;VOMSEW03,0.8214
[O-]C(=O)c1c(I)c(C(=O)[O-])c(c(c1I)[N])I.[Zn].n1ccc(cc1)c1ccncc1&&ERROR.cat1;VOMSEW04,0.8148
[O-]C(=O)c1c(I)c(C(=O)[O-])c(c(c1I)[N])I.[Zn].n1ccc(cc1)c1ccncc1&&UNKNOWN.cat3;VOMSEW06,0.8797
"[O]P(=O)(CCCCCP(=O)(O)[O])O.[O]P(=O)(CCCCCP(=O)([O])O)O.[O]P(=O)(CCCCCP(=O)([O])[O])[O].[O][Zn]([O])([O])[O].[Zn]&&ERROR,UNKNOWN.cat0;VONCOS",0.6283
CC(=O)[N][N]C(=O)c1ccccc1[NH].[Mn].n1ccc(cc1)CCc1ccncc1&&sql.cat1;VONHOW,0.8706
[Cu].[O-]C(=O)c1cc(cc(c1)C(=O)[O-])C(=O)[O-].[OH2][Cu].c1ncn(c1)Cc1cc(cc(c1)Cn1cncc1)Cn1cncc1&&ERROR.cat0;VOPSOK,0.8942
[Ni].[O-]C(=O)c1cc(cc(c1)C(=O)[O-])C(=O)[O-]&&hcb.cat0;VOQSAV,0.8755
O=C1N(c2ccncc2)C(=O)c2c3c1ccc1c3c(cc2)C(=O)N(C1=O)c1ccncc1.[OH2][Cu]&&ERROR.cat0;VORHUH,0.895
"[O-]C(=O)c1cc(ccc1c1ccncc1)C(=O)[O-].[OH2][Cd]&&ERROR,UNKNOWN.cat0;VORSAY",0.9018
[Cd].[O-]C(=O)c1cc(ccc1c1ccncc1)C(=O)[O-]&&nbo-a.cat0;VORSEC,0.89
"[Co].n1ccc(cc1)c1ccc(cc1)N(c1ccc(cc1)c1ccncc1)c1ccc(cc1)c1ccc(cc1)N(c1ccc(cc1)c1ccncc1)c1ccc(cc1)c1ccncc1&&pts,sur.cat1;VOSTUU",0.8373
[O-]C(=O)c1cc(c2cc(cc(c2)C(=O)[O-])C(=O)[O-])c(cc1c1cc(cc(c1)C(=O)[O-])C(=O)[O-])C(=O)[O-].[OH2]1[Zn]23[Zn]41([O]2[O]34)[OH2][Zn]123[OH2][Zn]43[O]1[O]24.[Zn]&&UNKNOWN.cat0;VOSWIL,0.8932
"[O-]C(=O)c1cc(c2cc(cc(c2)C(=O)[O-])C(=O)[O-])c(cc1c1cc(cc(c1)C(=O)[O-])C(=O)[O-])C(=O)[O-].[Zn]&&lvt,UNKNOWN.cat0;VOSWOR",0.8428
[Cu][Cu].[O-]C(=O)CCn1c(=O)n(CCC(=O)[O-])c(=O)n(c1=O)CCC(=O)[O-]&&UNKNOWN.cat0;VOTNOJ,0.8992
COc1cc(C=CC(=O)[O-])ccc1[O].[Zn]&&dmd.cat0;VOYBOC,0.8984
Cc1c(Cn2ccnc2C)c(C)c(c(c1C)Cn1ccnc1C)C.O=C(c1ccc(cc1)C(=O)[O-])c1ccc(cc1)C(=O)[O-].[Cd]&&sql.cat1;VOZDEV,0.8593
I[Zn]I.[N]=CC=[C]C1=NC(=[N]=C([N]1)c1ccncc1)c1ccncc1.n1ccc(cc1)C1=NC(=[N]=C([N]1)c1ccncc1)c1ccncc1&&ths.cat1;VOZVIR01,0.8406
[O-]C(=O)c1ccc(cc1)C(=O)[O-].[OH2][Ni]&&ERROR.cat1;VUDZIE,0.8952
[Cu].[O-]C(=O)CN(CC(=O)[O-])CCOCCOCCN(CC(=O)[O-])CC(=O)[O-].[OH2][Cu].n1ccc(cc1)c1ccncc1&&ERROR.cat1;VUFSAR,0.8586
[O-]C(=O)C1=C[CH]N(C=C1)Cc1c(C)c(CN2[CH]C=C(C=C2)C(=O)[O-])c(c(c1C)CN1[CH]C=C(C=C1)C(=O)[O-])C.[O][La][O]&&ERROR.cat0;VUGWUR,0.5017
[O-]C(=O)C1=C[CH]N(C=C1)Cc1c(C)c(CN2[CH]C=C(C=C2)C(=O)[O-])c(c(c1C)CN1[CH]C=C(C=C1)C(=O)[O-])C.[O][Ce][O]&&ERROR.cat0;VUGXAY,0.2866
[O-]C(=O)C1=C[CH]N(C=C1)Cc1c(C)c(CN2[CH]C=C(C=C2)C(=O)[O-])c(c(c1C)CN1[CH]C=C(C=C1)C(=O)[O-])C.[O][Eu][O]&&ERROR.cat0;VUGXOM,0.2844
[O-]C(=O)C1=C[CH]N(C=C1)Cc1c(C)c(CN2[CH]C=C(C=C2)C(=O)[O-])c(c(c1C)CN1[CH]C=C(C=C1)C(=O)[O-])C.[O][Dy][O]&&ERROR.cat0;VUGYAZ,0.8575
[O-]C(=O)C1=C[CH]N(C=C1)Cc1c(C)c(CN2[CH]C=C(C=C2)C(=O)[O-])c(c(c1C)CN1[CH]C=C(C=C1)C(=O)[O-])C.[O][Ho][O]&&ERROR.cat0;VUGYED,0.8724
[O-]C(=O)C1=C[CH]N(C=C1)Cc1c(C)c(CN2[CH]C=C(C=C2)C(=O)[O-])c(c(c1C)CN1[CH]C=C(C=C1)C(=O)[O-])C.[O][Yb][O]&&ERROR.cat0;VUGYIH,0.8992
[Cu].[Cu][Cu].[O-]C(=O)c1cccc(c1)P(=O)([O])[O].[O]&&UNKNOWN.cat0;VUHJAK,0.6379
"I[Zn]I.n1ccc(cc1)C1=NC(=[N]=C([N]1)c1ccncc1)C1=CC(N=C[CH]1)[C]C1N=C[CH]C(=C1)C1=[N]=C([N]C(=N1)c1ccncc1)c1ccncc1.n1ccc(cc1)C1=NC(=[N]=C([N]1)c1ccncc1)c1ccncc1&&esg,UNKNOWN.cat0;VUHNET",0.789
[Zn]I.n1ccc(cc1)C1=NC(=[N]=C([N]1)c1ccncc1)c1ccncc1&&ERROR.cat3;VUHNIX,0.8907
"[O-]C(=O)c1cc(C#Cc2cc(C#Cc3cc(cc(c3)C(=O)[O-])C(=O)[O-])cc(c2)C#Cc2cc(cc(c2)C(=O)[O-])C(=O)[O-])cc(c1)C(=O)[O-].[O][Zn][Zn][O]&&ERROR,ntt.cat0;VUJBEI",0.8938
"[In].[O-]C(=O)c1cc(cc(c1)C(=O)[O-])c1cc(ccc1C(=O)[O-])C(=O)[O-]&&sra,UNKNOWN.cat0;VUJLET",0.8976
[O-]C(=O)c1ccc(o1)C(=O)[O-].[Zn]&&ERROR.cat0;VUKSOL,0.8822
[In].[O-]C(=O)c1ccc(cn1)C(=O)[O-].[O][In]&&ERROR.cat3;VULMEV,0.649
[Cu].n1ccc(cc1)C1=NN=N[N]1.n1ccc(cc1)C1=N[N]N=N1&&sql.cat1;VULRAW,0.8678
[Cu].n1ccc(cc1)C1=NN=N[N]1.n1ccc(cc1)C1=N[N]N=N1&&sql.cat1;VULRAW01,0.8603
[Cu].n1ccc(cc1)C1=NN=N[N]1.n1ccc(cc1)C1=N[N]N=N1&&sql.cat1;VULRAW02,0.8677
[O-]C(=O)c1ccc(cc1)C(=O)[O-].[O-]C(=O)c1ccc(cc1)N1[CH]C=C(C=C1)c1ccncc1.[Zn]&&ERROR.cat1;VULWEF,0.7601
COc1c(cc(c(c1c1c(C)c(C)cc(c1OC)c1ccncc1)C)C)c1ccncc1.[Ag].[Ag][Ag]&&ERROR.cat7;VUMBIP,0.8643
[OH2][Cu].[O]P(=O)(c1cc(cc(c1)P(=O)([O])[O])P(=O)(O)[O])O.n1ccc(cc1)[CH][CH]c1ccncc1&&UNKNOWN.cat0;VUMBOW,0.8329
COc1c(cc(c(c1c1c(C)c(C)cc(c1OC)c1ccncc1)C)C)c1ccncc1.[Ag]&&ERROR.cat1;VUMBUB,0.84
[O-]C(=O)c1ccc(cc1)C(=O)[O-].[OH2][Cd].n1ccc(cc1)C=Cc1ccccn1&&sql.cat1;VUNJEU,0.8734
[Cu].[O-]C(=O)C1OC(C(C1C(=O)[O-])C(=O)[O-])C(=O)[O-].[OH2][Cu][OH2]&&ERROR.cat1;VUNYAF,0.8527
O=C(c1ccncc1)OCCn1c(=O)n(CCOC(=O)c2ccncc2)c(=O)n(c1=O)CCOC(=O)c1ccncc1.[Zn]&&ERROR.cat0;VUNYUA,0.8971
[Mn].[O-]C(=O)c1ccc(cc1)c1ccc(cc1)C(=O)[O-]&&UNKNOWN.cat0;VUQJUN,0.8469
[Mn].[O-]C(=O)c1ccc(cc1)c1ccc(cc1)C(=O)[O-]&&UNKNOWN.cat0;VUQJUN01,0.8462
CN(C1=N[P](N=C([N]1)N(C)C)(Oc1ccncc1)Oc1ccncc1)C.Cl[Cd].Cl[Cd](Cl)Cl&&ERROR.cat3;VUQKUO,0.8654
[O-]C(=O)c1ccc(c(c1)N)C(=O)[O-].[Zn][O]([Zn])([Zn])[Zn]&&pcu.cat0;VURMOL,0.8999
[Cu].[O-]C(=O)c1nccnc1C(=O)[O-].n1ccc(cc1)[N][N]c1ccncc1&&ERROR.cat0;VURYOX,0.8978
[O-]C(=O)C1=C[C]=C(C=[C]1)C(=O)[O-].[O-]C(=O)c1ccc(cc1)C(=O)[O-].[Zn][O]([Zn])([Zn])[Zn]&&pcu.cat0;VUSKAW,0.9034
[O-]C(=O)C1=[C][C]=C([C]=[C]1)C(=O)[O-].[Zn][O]([Zn])([Zn])[Zn]&&pcu.cat0;VUSKIE,0.902
O=C(c1ccncc1)OCCOC(=O)c1ccncc1.[Co]&&UNKNOWN.cat7;WACPUM,0.8685
[O-]C(=O)c1ccc(cc1)OCC(COc1ccc(cc1)C(=O)[O-])(COc1ccc(cc1)C(=O)[O-])COc1ccc(cc1)C(=O)[O-].[O-]C(=O)c1ccc(cc1)OC[C]COc1ccc(cc1)C(=O)[O-].[Zn][O]([Zn])([Zn])[Zn]&&UNKNOWN.cat0;WAGYUA,0.9014
[O-]C(=O)c1cccc(c1)C(=O)[O-].[O][Zn].n1ccc(cc1)c1ccncc1&&sql.cat1;WAJGAQ,0.7627
Nc1cc(cc(c1)C(=O)[O-])C(=O)[O-].[OH2][Mg][OH2][Mg][OH2][Mg][OH2]&&bcu.cat0;WAMRIN,0.8957
Nc1cc(cc(c1)C(=O)O)C(=O)[O-].Nc1cc(cc(c1)C(=O)[O-])C(=O)[O-].[OH2][Mg][OH2][Mg][OH2][Mg][OH2]&&bcu.cat0;WAMRIN01,0.8921
Nc1cc(cc(c1)C(=O)O)C(=O)[O-].Nc1cc(cc(c1)C(=O)[O-])C(=O)[O-].[OH2][Mg][OH2][Mg][OH2][Mg][OH2]&&sql.cat0;WAMRIN02,0.8929
I[Cu][Cu]I.O=C(c1cccnc1)NCCNC(=O)c1cccnc1&&sql.cat0;WANSIO,0.853
[O-]C(=O)C1=CC2=C3C=C(C=CN3[Ir]N2C=C1)C(=O)[O-].[Zn]&&UNKNOWN.cat1;WANWAL,0.6342
[O-]C(=O)C1=CC2=C3C=C(C=CN3[Ir]N2C=C1)C(=O)[O-].[Zn]&&UNKNOWN.cat1;WANWAL02,0.614
[OH2][Ni][OH2].[O][C]1OO[C]1C1([C])C([CH])C([CH])N2C3(C1[CH])[C]([N]2)[C]1C23N([N]1)C([CH])C(C(C2[CH])([C])[C]1OO[C]1[O])[CH]&&UNKNOWN.cat1;WANWIT,0.7232
[Mg]123[O]456[Mg]78[O]9%101[Mg]14[O]427[Mg]59[O]381[Mg]6%104.[Mg][O]([Mg])[Mg].[O-]C(=O)c1ccc(cc1)c1cncc(c1)c1ccc(cc1)C(=O)[O-]&&fsh.cat1;WAQDOJ,0.8947
[O-]C(=O)c1ccc(cc1)c1ccc(cc1)C(=O)[O-].[OH2][In][O]([In])[In].[O][C][O]&&UNKNOWN.cat0;WAQFAX,0.8851
O=C(c1ccncc1)OC1CCCCC1OC(=O)c1ccncc1.[Zn]&&sql.cat0;WATYOH,0.5848
O=C(c1ccncc1)OC1CCCCC1OC(=O)c1ccncc1.[Zn]&&sql.cat0;WATZAU,0.6083
[O-]C(=O)c1ccc(cc1)c1cc(cc(c1)c1ccc(cc1)C(=O)[O-])c1ccc(cc1)C(=O)[O-].[O][Mg]([O]1[In][O]([In]1)[Mg]([O])[O])[O]&&ERROR.cat0;WAVROC,0.8966
Cc1c(c2ccc(cc2)C(=O)[O-])c(C)c(c(c1c1ccc(cc1)C(=O)[O-])C)c1ccc(cc1)C(=O)[O-].[O][Zn].[Zn].n1ccc(cc1)c1ccncc1&&UNKNOWN.cat1;WAVTEU,0.8485
[O-]C(=O)c1ccc(cc1)C1=C2C=CC3=[N]2[Zn]24n5c1ccc5C(=C1[N]2=C(C=C1)C(=c1n4c(=C3c2ccc(cc2)C(=O)O)cc1)c1ccc(cc1)C(=O)O)c1ccc(cc1)C(=O)[O-].[O-]C(=O)c1ccc(cc1)C1=C2C=CC3=[N]2[Zn]24n5c1ccc5C(=C1[N]2=C(C=C1)C(=c1n4c(=C3c2ccc(cc2)C(=O)[O-])cc1)c1ccc(cc1)C(=O)O)c1ccc(cc1)C(=O)O.[Zn]&&pts.cat1;WAWGOQ,0.8747
CC(c1cc2Sc3cc(cc(c3[O])Sc3cc(cc(Sc4c(c(Sc(c1)c2[O])cc(c4)C(C)(C)C)[O])c3[O])C(C)(C)C)C(C)(C)C)(C)C.Cl[Co].[Co].[O-]C(=O)c1cc(cc(c1)C(=O)[O-])C(=O)[O-]&&ERROR.cat1;WAWJUB,0.5868
[Co].[In].[O-]C(=O)c1cc(cc(c1)C(=O)[O-])C(=O)[O-]&&UNKNOWN.cat0;WEBKIZ,0.8942
O1[C]=[C]C2=[C]O[C]=[C]C2=[C]1.[Cd].[O-]C(=O)c1ccncc1&&ERROR.cat0;WEBKOD,0.8811
[In].[O-]C(=O)c1cc(cc(c1)C(=O)[O-])C(=O)[O-].[Zn]&&UNKNOWN.cat0;WEBKOF,0.8947
CC(c1cc2Sc3cc(cc(c3[O])Sc3cc(cc(Sc4c(c(Sc(c1)c2[O])cc(c4)C(C)(C)C)[O])c3[O])C(C)(C)C)C(C)(C)C)(C)C.Cl[Co].[Co].[O-]C(=O)c1ccc(cc1)C(=O)[O-].[O][Co].[O][Co]Cl&&UNKNOWN.cat0;WEBZUA,0.6623
CCc1cnc(c(c1)C(=O)[O-])C(=O)[O-].[OH2][Co].n1ccc(cc1)CCc1ccncc1&&pcu.cat0;WECFAN,0.8701
[O-]C(=O)c1ccc(s1)c1ccc(s1)C(=O)[O-].[Zn][Zn].n1ccc(cc1)C=Cc1ccncc1&&pcu.cat0;WECJAR,0.8235
[Fe].n1ccc(cc1)OCC(COc1ccncc1)(COc1ccncc1)COc1ccncc1&&pts.cat0;WEFCAN,0.8855
[Ni].[O]S(c1cc(ccc1c1c[n-][nH]c1)c1c[n-][nH]c1)([O])[O]&&sql.cat0;WEFXAI,0.8992
"[Ni].[O]S(c1cc(ccc1c1c[n-][nH]c1)c1c[n-][nH]c1)([O])[O]&&sql,rtl.cat0;WEFXEM",0.8958
"[Ni].[O]S(c1cc(ccc1c1c[n-][nH]c1)c1c[n-][nH]c1)([O])[O]&&sql,rtl.cat0;WEFXIQ",0.8937
C1=C[C](C=C1)P(c1ccccc1)c1ccccc1.Cl[Au].[Fe].c1ccc(cc1)P(c1ccccc1)C1=CC=C[CH]1.c1ccc(cc1)P(c1ccccc1)C1=C[CH]C=C1&&ERROR.cat3;WEFXOU,0.8654
[Eu].[O-][n+]1ccc(cc1)C(=O)[O-]&&ERROR.cat0;WEGFUL,0.816
[O-][n+]1ccc(cc1)C(=O)[O-].[Tb]&&ERROR.cat0;WEGGAS,0.8091
[OH2][Cd][OH2].n1ccc(cc1)C1=C[CH]N(C=C1)CCN1[CH]C=C(C=C1)c1ccncc1&&sql.cat1;WEGWOW,0.6877
"[O-]C(=O)c1cc(OCC(COc2cc(cc(c2)C(=O)[O-])C(=O)[O-])(COc2cc(cc(c2)C(=O)[O-])C(=O)[O-])COc2cc(cc(c2)C(=O)[O-])C(=O)[O-])cc(c1)C(=O)[O-].[O][Zn][Zn][O].[Zn][Zn]&&scu,mmm.cat0;WEHHOI",0.8189
"[O-]C(=O)c1cc(OCC(COc2cc(cc(c2)C(=O)[O-])C(=O)[O-])(COc2cc(cc(c2)C(=O)[O-])C(=O)[O-])COc2cc(cc(c2)C(=O)[O-])C(=O)[O-])cc(c1)C(=O)[O-].[O][Zn][Zn][O].[Zn][Zn]&&scu,mmm.cat0;WEHHUO",0.8152
"[O-]C(=O)c1cc(OCC(COc2cc(cc(c2)C(=O)[O-])C(=O)[O-])(COc2cc(cc(c2)C(=O)[O-])C(=O)[O-])COc2cc(cc(c2)C(=O)[O-])C(=O)[O-])cc(c1)C(=O)[O-].[O][Zn].[Zn]&&flu,UNKNOWN.cat0;WEHJEA",0.9007
O=[C][C]1C=[C]C=C2C1OOC2=O.[C]c1cc(OCC(COc2cc(cc(c2)C(=O)[O-])C(=O)[O-])(COc2cc(cc(c2)C(=O)[O-])C(=O)[O-])COc2cc(cc(c2)C(=O)[O-])C(=O)[O-])cc(c1)C(=O)[O-].[O-]C(=O)C1=C[C]=CC(=C1)C(=O)[O-].[O-]C(=O)c1cc(OCC(COc2cc(cc(c2)C(=O)[O-])C(=O)[O-])([CH2])[CH2])cc(c1)C(=O)[O-].[O]OC(=O)C1=CC(=C[C]=C1)[C]=O.[O][Zn].[O][Zn][O]([Zn]([O])[O])[Zn].[O][Zn][O]([Zn]([O])[O])[Zn]([O])[O].[Zn]&&UNKNOWN.cat0;WEHJOK,0.8972
[Co].[O-][n+]1ccc(cc1)c1cc[n+](cc1)[O-]&&rob.cat0;WEHPIJ,0.8875
[Ni].[O]N1[CH]C=C(C=C1)C1=C[CH]N(C=C1)[O]&&rob.cat0;WEHPOP,0.8903
N#Cc1ccc(cc1)C#Cc1cccc(c1)c1nnc(o1)c1cccc(c1)C#Cc1ccc(cc1)C#N.[Ag]&&dia.cat0;WEHQEG,0.7926
N#Cc1ccc(cc1)C#Cc1cccc(c1)c1nnc(o1)c1cccc(c1)C#Cc1ccc(cc1)C#N.[Ag]&&sql.cat0;WEHREH,0.8863
N#Cc1ccc(cc1)C#Cc1cccc(c1)c1nnc(o1)c1cccc(c1)C#Cc1ccc(cc1)C#N.[Ag]&&dia.cat0;WEHRIL,0.8768
CC(c1ccccc1)N(Cc1ccncc1)Cc1ccncc1.[Hg]&&ERROR.cat1;WEKPAF,0.8268
CCCCCCC1c2cc(c(c(c2O)C#N)O)C(CCCCCC)c2cc([CH]c3cc(C(c4cc1c(O)c(c4O)C#N)CCCCCC)c(O)c(c3O)C#N)c(c(c2O)C#N)O.[Ag]&&ERROR.cat1;WELYOD,0.8601
[Be].[O-]C(=O)c1cc(C(=O)[O-])c(cc1C(=O)[O-])C(=O)[O-].[OH]&&UNKNOWN.cat0;WEMGAY,0.667
N1=C[N]N([CH]1)Cc1c(CN2[N]C=N[CH]2)c(CN2[N]C=N[CH]2)c(c(c1CN1[N]C=N[CH]1)CN1[N]C=N[CH]1)CN1[N]C=N[CH]1.[O-]C(=O)C=CC(=O)[O-].[O]S(=O)(=O)[O].[Zn]&&fsc.cat0;WEMNAF,0.8485
Cc1cncc(n1)C.[Cu]&&hcb.cat1;WEMPAF,0.8444
[Cu].[O-]C(=O)COc1cc(C)cc(c1)C(=O)[O-]&&UNKNOWN.cat0;WEMXIX,0.8653
[C][C][C]P(=O)([O])[O].[O]P(=O)([O])[O].[Zr]&&UNKNOWN.cat1;WEMYES01,0.9018
COc1ccc(cc1OS(c1ccc(cc1)C(=O)[O-])([O])[O])C(=O)[O-].[OH2][Gd].[OH2][Gd][OH2]&&ERROR.cat0;WENKOR,0.5107
COc1ccc(cc1OS(c1ccc(cc1)C(=O)[O-])([O])[O])C(=O)[O-].[OH2][Dy].[OH2][Dy][OH2]&&ERROR.cat0;WENLAE,0.4443
Cc1[n-]n(c(c1c1ccncc1)C)Cn1[n-]c(c(c1C)c1ccncc1)C.[Co]&&ERROR.cat3;WEQTOC,0.736
[Cu]12[S]3[Mo]4562[S]1[Cu]5[S]6[Cu]34.[S]C#N.n1ccc(cc1)C=Cc1ccncc1&&hcb.cat0;WEZMOF,0.8922
O=C1[N]C2C1CCCCCC2.[CH2]CC1[CH]C(=O)[N]1.[CH2][CH]CCC1C([CH2])[N]C1=O.[Hg].[Nd]&&ERROR.cat0;WEZXUU,0.509
[La].[O-]C(=O)[C]1[C][C][C][C][C]1.[Y]&&ERROR.cat1;WIDNEC,0.8986
Cl[Ag][S]([Ni]([S]([Ag][Ag])[Ag][Ag])([N])[N])[Ag].[Ag].[CH][C]([CH][N])[S].[N]C(C([S])(C)C)C(=O)[O-].[Ni].[O][La]([O])([O])([O])[O]&&utg.cat0;WIDWOX,0.5018
C[C](c1ccncc1)[N][N][C](c1ccncc1)C.[Cd].[O-]C(=O)CCC(=O)[O-]&&ERROR.cat0;WIFBAQ,0.8429
[O-]C(=O)c1cc(cc(c1)C(=O)[O-])C(=O)[O-].[O][Er]([O])[O].[O][Er][O]&&ERROR.cat0;WIFDAQ,0.5758
CC(=C(c1cccc(c1)C(=C([O])C)C(=O)C)C(=O)C)[O].CC(=O)[C](c1cccc(c1)C(=C([O])C)C(=O)C)C(=O)C.[Cu].n1ccc(cc1)c1ccncc1&&ERROR.cat0;WIJMIM,0.8838
C1CN2CCN1CC2.[O-]C(=O)c1ccc2c(c1)[nH]c1c2ccc(c1)C(=O)[O-].[O][Zn].[Zn][Zn]&&esg.cat0;WIJXEU,0.8993
[O-]C(=O)c1ccc2c(c1)[nH]c1c2ccc(c1)C(=O)[O-].[Zn][OH]([Zn][OH]([Zn])[Zn])[Zn]&&ERROR.cat0;WIJXIY,0.8993
CN1[CH]C=C(C(=C1C)[O])[O].[O-]C(=O)c1ccc(cc1)C(=O)[O-].[Zn]&&sql.cat0;WILHIK,0.8177
[Fe].n1ccc(cc1)C=Cc1ccc(cc1)C(c1ccc(cc1)C=Cc1ccncc1)(c1ccc(cc1)C=Cc1ccncc1)c1ccc(cc1)C=Cc1ccncc1&&pts.cat1;WILNEM01,0.8925
[O-]C(=O)c1ccc(cc1)C(=O)[O-].[Pb]&&ERROR.cat0;WILPOX,0.6546
[O]n1c([NH])c(cc(c1=N)N(=O)=O)N(=O)=O.[Pb]&&ERROR.cat1;WIPCEF,0.8561
Cc1c(CP(=O)(O)[O])c(C)cc(c1CP(=O)(O)[O])C.Cc1c(CP(=O)(O)[O])c(C)cc(c1CP(=O)([O])O)C.[Co].n1ccc(cc1)c1ccncc1&&UNKNOWN.cat0;WIPFOS,0.87
[Eu].[O-]C(=O)c1cc(cc(c1)C(=O)[O-])c1ccc(cc1)c1cc(cc(c1)C(=O)[O-])C(=O)[O-].[O][Eu]&&UNKNOWN.cat0;WIPLOY,0.418
[Cd].[O-]C(=O)c1ccc(cc1)Oc1ccc(cc1)C(=O)[O-]&&sql.cat0;WIPPES,0.8878
[Cd].[O-]C(=O)c1ccc2c(c1)ccc(c2)C(=O)[O-]&&bcu.cat0;WIPPIW,0.8841
O=C(c1cc(cc(c1)C(=O)Nc1ccc(cc1)C(=O)[O-])C(=O)Nc1ccc(cc1)C(=O)[O-])Nc1ccc(cc1)C(=O)[O-].[La]&&UNKNOWN.cat0;WIQTUN,0.4179
O=C(c1cc(cc(c1)C(=O)Nc1ccc(cc1)C(=O)[O-])C(=O)Nc1ccc(cc1)C(=O)[O-])Nc1ccc(cc1)C(=O)[O-].[Y]&&UNKNOWN.cat0;WIQVAV,0.7697
CCC(COc1cc(C=Cc2ccncc2)c(cc1C=Cc1ccncc1)OCC(CC)C)C.Cl[Hg]Cl&&ERROR.cat0;WIRJIS,0.8808
C1=Nc2c([N]1)cc1c(c2)[N]C=N1.[Cu]1[OH][Cu][OH]1.[OH]1[Cu]2[O]3[Cu]1[O]23&&UNKNOWN.cat0;WIRMUH,0.8839
"[Cd].[O-]C(=O)c1cc(N=Nc2cc(cc(c2)C(=O)[O-])C(=O)[O-])cc(c1)C(=O)[O-].[OH2][Cd]&&pts,tfi.cat0;WISVEB",0.8993
[O-]C(=O)c1ccc(c2c1cccc2)C(=O)[O-].[Zn].n1ccc(cc1)C1C(c2ccncc2)C(C1c1ccncc1)c1ccncc1&&UNKNOWN.cat1;WITFIQ,0.8173
[O-]C(=O)c1ccc(cc1)S(=O)(=O)c1ccc(cc1)C(=O)[O-].[O][Mn][O]1[Mn][O]([Mn]21[O]([Mn][O])[Mn][O]2[Mn][O])[Mn][O]&&ERROR.cat0;WITJUG,0.6983
[O-]C(=O)c1ccc(cc1)O[P]1(Oc2ccc(cc2)C(=O)[O-])[N][P](Oc2ccc(cc2)C(=O)[O-])(Oc2ccc(cc2)C(=O)[O-])[N][P]([N]1)(Oc1ccc(cc1)C(=O)[O-])Oc1ccc(cc1)C(=O)[O-].[O][Zn].[O][Zn]([O])[O].[Zn].[Zn]12[O]3456[Zn]7[O]89%101[Zn]3[O]27([Zn]48)([Zn]59)[Zn]6%10.[Zn]12[O]3[Zn]4[O]1[Zn]3[O]24.[Zn][O]([Zn])([Zn])[Zn]&&UNKNOWN.cat0;WITKIV,0.8888
O=C(c1ccncc1)Oc1cc(OC(=O)c2ccncc2)cc(c1)OC(=O)c1ccncc1.[Ag]&&ths.cat1;WITKOB,0.8806
COc1cc(c(cc1c1ccncc1)OC)c1ccncc1.[O-]C(=O)c1ccc(cc1)C(=O)[O-].[OH2][Co][OH2]&&sql.cat0;WITLUI,0.8337
COc1cc(c(cc1c1ccncc1)OC)c1ccncc1.[O-]C(=O)c1ccc(cc1)C(=O)[O-].[OH2][Cd][OH2]&&sql.cat0;WITMAP,0.8563
[O-]C(=O)c1ccc(cc1)c1cc(cc(c1)C(=O)O)C(=O)[O-].[Zn]&&ERROR.cat1;WITPOG,0.6666
C(Cc1ccncc1)Cc1ccncc1.OC(=O)c1ccc(cc1)c1cc(cc(c1)C(=O)[O-])C(=O)[O-].[OH2][Cd]&&ERROR.cat0;WITPUM,0.8521
CCN(S(=O)(=O)c1ccc(cc1)c1ccncc1)c1ccc(cc1)c1ccncc1.[Ag]&&ERROR.cat3;WITREY,0.7981
[Cd].[O-]C(=O)c1ccc(cc1)OCC(COc1ccc(cc1)C(=O)[O-])(COc1ccc(cc1)C(=O)[O-])COc1ccc(cc1)C(=O)[O-].[O][Cd][O]&&ERROR.cat0;WIVRIE,0.8691
[Cu].[O-]C(=O)CC(C(=O)[O-])N.n1ccc(cc1)C=Cc1ccncc1&&ERROR.cat0;WIWHUG,0.8072
[Ni].n1ccc(cc1)C=NN=Cc1ccncc1&&sql.cat1;WIWKET,0.8535
CC1=C(C)C=C([C]=C1C1=C(C)C(=CC(=[C]1)N=CC1=[C]C(=CC(=C1)c1ccncc1)C(C)(C)C)C)N=CC1=CC(=CC(=[C]1)C(C)(C)C)c1ccncc1.[Ag][Ag]&&ERROR.cat1;WIWKOE,0.7128
CC1=N[N]C(=C1C1=C(C)[N]N=C1C)C.C[C]1N=NC(=C1C1=C(C)N=N[C]1C)C.[O-]C(=O)c1ccc(cc1)C(=O)[O-].[Zn][O]([Zn])([Zn])[Zn]&&UNKNOWN.cat0;WIYFAM,0.8937
[O-]C(=O)C1CCCC(C1)C(=O)[O-].[Pb].[Pb][O]1([Pb])[Pb][O]([Pb]1)([Pb])[Pb]&&ERROR.cat1;WIYKEV,0.8073
[O-]C(=O)c1cc([O])c(cc1[O])C(=O)[O-].[O][Zn]&&UNKNOWN.cat0;WIZDEP,0.9024
Cl[Cd]Cl.Cl[Cd][Cd](Cl)Cl.NC1=C2N=CN=C2N=C[N]1.NC1=C2N=C[N]C2=[N]=C[N]1&&hcb.cat0;WIZFES,0.8867
[O-]C(=O)c1ccc(cc1)c1ccc(cc1)C(=O)[O-].[O]12[Zr]34[O]5[Zr]62[O]2[Zr]71[O]4[Zr]14[O]3[Zr]35[O]6[Zr]2([O]71)[O]43&&fcu.cat0;WIZMAV,0.8989
C1CCC(CC1)(c1ccc(cc1)OCc1ccccn1)c1ccc(cc1)OCc1ccccn1.I[Cu][Cu]I&&UNKNOWN.cat0;WIZPAY,0.7722
[O-]C(=O)c1ccc(cc1)c1cc(nc(c1)c1ccncc1)c1ccncc1.[OH2][Mn][OH2]&&UNKNOWN.cat0;WOBCUN,0.877
[O-]C(=O)C([O])C.[O-]C(=O)c1ccc(c(c1)[NH3])C(=O)[O-].[Zn]&&UNKNOWN.cat0;WOBHOM,0.8859
[Mn].[O-]C(=O)c1ccc(cc1)c1cc(c2ccc(cc2)C(=O)[O-])c2c3c1ccc1c3c(cc2)c(cc1c1ccc(cc1)C(=O)[O-])c1ccc(cc1)C(=O)[O-].[OH2][Mn][OH2]&&ERROR.cat0;WOBQEL,0.851
[Cu][Cu].[O-]C(=O)CCCC(=O)[O-].n1ccc(cc1)C=Cc1ccncc1&&rob.cat0;WOCWAN,0.8785
[O-]C(=O)CNCC(=O)O.[Sm]&&hcb.cat1;WOFSIU,0.901
[Eu].[O-]C(=O)CNCC(=O)O&&hcb.cat1;WOFSOA,0.9004
[Gd].[O-]C(=O)CNCC(=O)O&&hcb.cat1;WOFSUG,0.897
[O-]C(=O)C=CC.[Pd]1[Pd]2[Pd]1[Pd]2&&ERROR.cat0;WOFSUH,0.8688
[O-]C(=O)CNCC(=O)O.[Tb]&&hcb.cat1;WOFTAN,0.8973
[Er].[O-]C(=O)CNCC(=O)O&&hcb.cat1;WOFTER,0.8964
[O-]C(=O)CNCC(=O)O.[Yb]&&hcb.cat1;WOFTIV,0.889
[Cu][Cu].[O-]C(=O)CCCC(=O)[O-].n1ccc(cc1)C=Cc1ccncc1&&rob.cat0;WOHBOL,0.883
O=C(c1ccc(cc1)C(=O)Nc1ccncc1)Nc1ccncc1.[Cd].[O-]C(=O)c1ccc(cc1)C(=O)[O-]&&pcu.cat1;WOHPAM,0.7397
[Ag]1[Ag]2[Ag]1[Ag]1[Ag]2[Ag]1.[O-]C(=O)[C]1C=CC=NC1=S.[O][Mn](O[Mn]([O])[O])[O]&&sql.cat1;WOHQER,0.8877
O=C(c1cccc(n1)C(=O)[N]c1ccccc1)[N]c1ccccc1.[Cu][OH][Cu].[Na]&&UNKNOWN.cat0;WOHSIV,0.8434
CCC1=C(C(=N[N]1)CC)C1=C(CC)N=N[C]1CC.CC[C]1N=NC(=C1C1=C(CC)N=N[C]1CC)CC.[Cu].[Cu]1[Cu][Cu][Cu]1&&UNKNOWN.cat0;WOHTUK,0.6468
[Al].[O-]C(=O)c1ccc(c2c1cccc2)C(=O)[O-].[O]&&UNKNOWN.cat0;WOJJOV,0.7232
[Cu].n1ccc(cn1)c1ccc(cc1)c1ccnnc1&&ERROR.cat0;WOLMAM,0.7249
[Ag].n1ccc(cn1)c1ccc(cc1)c1ccnnc1&&sql.cat0;WOLMEQ,0.785
Cl[Cu].N1=NN=C([N]1)c1ccc(cc1)C(c1ccc(cc1)C1=NN=N[N]1)(c1ccc(cc1)C1=NN=N[N]1)c1ccc(cc1)C1=NN=N[N]1.[Cu].[N]1N=NC(=N1)c1ccc(cc1)C(c1ccc(cc1)C1=NN=N[N]1)(c1ccc(cc1)C1=N[N]N=N1)c1ccc(cc1)C1=N[N]N=N1.[N]1N=NC(=N1)c1ccc(cc1)C(c1ccc(cc1)C1=N[N]N=N1)(c1ccc(cc1)C1=N[N]N=N1)c1ccc(cc1)C1=N[N]N=N1&&flu.cat0;WOLROF,0.8892
COc1cc2Cc3cc(OCc4ccc(cc4)C45[N][CH]C6C7C5C4[CH]C67)c(cc3Cc3c(Cc2cc1OCc1ccc(cc1)c1ccccn1)cc(OC)c(c3)OCc1ccc(cc1)c1ccccn1)OC.[Ag]&&ERROR.cat0;WOLSUM,0.7813
[Mn].[O-]C(=O)C1=NN=N[C]1C(=O)[O-]&&UNKNOWN.cat0;WOMFIO,0.8982
"N#Cc1cc(cc(c1)C#N)c1c2ccccc2c(c2c1cccc2)c1cc(C#N)cc(c1)C#N.[Ag]&&sql,hcb.cat1;WONKEQ",0.7784
F[Zn]F.n1ccc(cc1)c1ccncc1&&sql.cat1;WONZIJ,0.8747
[Zn].n1ccc(cc1)c1ccc(cc1)c1ccncc1&&sql.cat1;WONZUV,0.8777
O.[Ba].[O-]C(=O)c1ccc(cc1)c1cc(cc(c1)c1ccc(cc1)C(=O)[O-])c1cc(cc(c1)c1ccc(cc1)C(=O)[O-])c1ccc(cc1)C(=O)[O-]&&UNKNOWN.cat0;WOQRUR,0.8975
[Fe].[O-]C(=O)c1cc([O])c(cc1[O])C(=O)[O-]&&UNKNOWN.cat0;WOQTUT,0.9064
[Fe].[O-]C(=O)C1=[C]C(=C([C]=C1[O])C(=O)[O-])[O]&&UNKNOWN.cat0;WOQVAB,0.8959
[O-]C(=O)c1ccc2c(c1)ccc(c2)C(=O)[O-].[O][Zn][O]([Zn][O])([Zn])[Zn].[Zn][O]([Zn])([Zn])[Zn]&&ERROR.cat1;WORKOF,0.8789
[O-]C(=O)c1ccc2c(c1)ccc(c2)C(=O)[O-].[O][Zn]([O]([Zn])([Zn])[Zn])[O].[Zn][O]([Zn])([Zn])[Zn]&&pcu.cat1;WORKUL,0.8741
[O-]C(=O)c1ccc2c(c1)ccc(c2)C(=O)[O-].[O][Zn][O]([Zn])([Zn])[Zn].[Zn][O]([Zn])([Zn])[Zn]&&pcu.cat1;WORLAS,0.8819
[O-]C(=O)C=Cc1cc(C=CC(=O)[O-])c(cc1C=CC(=O)[O-])C=CC(=O)[O-].[OH2][Cu][Cu][OH2]&&lvt.cat0;WORREC,0.8985
[Cd][Cd].[O-]C(=O)c1c(C)c2n(c1C)[B](F)(F)n1c([C]2c2ccccc2)c(C)c(c1C)C(=O)[O-].n1ccc(cc1)CCc1ccncc1&&pcu.cat1;WORTAA,0.8383
[O-]C(=O)c1ccc(cc1)c1cc(cc(c1)c1ccc(cc1)C(=O)[O-])c1ccc(cc1)C(=O)[O-].[Zn]&&ths.cat1;WOSZEL,0.8727
C1=N[CH]N([N]1)Cc1ccc(cc1)Cn1cncn1.[Ni][OH4][Ni].[O-]C(=O)c1cccc(c1)OCc1ccc(cc1)c1ccccc1C(=O)[O-].n1cnn(c1)Cc1ccc(cc1)Cn1ncnc1&&ERROR.cat0;WOVDES,0.8146
[Ni].[O-]C(=O)c1cnccc1C(=O)[O-].c1ncn(c1)c1ccc(s1)n1cncc1&&ERROR.cat0;WOWNED,0.8825
"[O-]C(=O)c1cc(cc(c1)C(=O)[O-])N1C=CN([CH]1)c1cc(cc(c1)C(=O)[O-])C(=O)[O-].[O][Zn][Zn][O]&&hyw,hyx.cat0;WOYHUP",0.8761
CC1=NN(C(=[C]1)C)Cn1[n-]c(c(c1C)c1ccc(cc1)C(=O)[O-])C.[Mn].[O-][C]=O&&UNKNOWN.cat1;WOYWOY,0.8252
N1=C[N]N([CH]1)Cc1ccc(cc1)c1ccc(cc1)CN1[N]C=N[CH]1.[Co]&&ERROR.cat0;WOZGUP,0.8695
[In].[O-]C(=O)c1cc(cc(c1)c1ccc(cc1)P(=O)([O])[O])C(=O)[O-]&&UNKNOWN.cat0;WOZWEP,0.9013
CC(N1C(=O)c2cccc3c2c(C1=O)ccc3)C(=O)[O-].O.[C]=O.[C]=O.[Ca]&&UNKNOWN.cat1;WUCBIH,0.8817
[O-]C(=O)c1ccc(cc1)Cc1c(C)c(Cc2ccc(cc2)C(=O)[O-])c(c(c1C)Cc1ccc(cc1)C(=O)[O-])C.[O][Yb].[O][Yb][O]&&ERROR.cat0;WUDVEY,0.8358
O=C1[N]NC(=O)c2c1nccc2.[Pb]&&ERROR.cat0;WUFFOT,0.8788
[Fe].[O-]C(=O)c1cc([S])c(cc1[S])C(=O)[O-]&&UNKNOWN.cat0;WUFXAY,0.8982
[O-]C(=O)c1ccc2c(c1)ccc(c2)C(=O)[O-].[OH2][Co][OH2].n1ccc(cc1)SSc1ccncc1&&hcb.cat0;WUHBAE,0.7114
[Mg].[O-]C(=O)c1ccc(cc1)c1cc(cc(c1)C(=O)[O-])C(=O)[O-].[OH2][Mg][OH2]&&UNKNOWN.cat0;WUHJIT,0.8973
[O]P(=O)([C]N1[C][C]N([C][C]1)[C]P(=O)([O])[O])[O].[O][Cd]&&UNKNOWN.cat0;WUHMAP,0.9015
Cc1c(c2ccc3c(n2)c2nc(ccc2cc3)c2c(C)c(C)c(c(c2C)C)c2ccncc2)c(C)c(c(c1C)c1ccncc1)C.[Cu]&&ERROR.cat2;WUHWOM,0.8845
Brc1cscc1P(=O)([O])[O].[Cu][Cu][Cu][Cu].n1ccc(cc1)c1ccncc1&&sql.cat0;WUJFIR,0.8886
[Cd].[O-]C(=O)c1ccc(cc1)c1ccc(cc1)C(=O)[O-]&&UNKNOWN.cat0;WUJFOX,0.867
"O[Cu][Cu]O.[O-]C(=O)c1cc(cc(c1)C(=O)[O-])N1[N][N]C(=C1)c1cc(cc(c1)c1nnn(c1)c1cc(cc(c1)C(=O)[O-])C(=O)[O-])c1nnn(c1)c1cc(cc(c1)C(=O)[O-])C(=O)[O-].[OH2][Cu][Cu][OH2]&&ERROR,ntt.cat0;WUKXEH",0.888
Nn1c(nnc1c1cccc(c1)c1ccncc1)c1cccc(c1)c1ccncc1.[Cd]&&UNKNOWN.cat0;WUNSII,0.7787
Nn1c(nnc1c1cccc(c1)c1ccncc1)c1cccc(c1)c1ccncc1.[Cd]&&UNKNOWN.cat0;WUNSII02,0.8218
Nn1c(nnc1c1cccc(c1)c1ccncc1)c1cccc(c1)c1ccncc1.[Cd]&&UNKNOWN.cat0;WUNTIJ,0.7577
Nn1c(nnc1c1cccc(c1)c1ccncc1)c1cccc(c1)c1ccncc1.[Cd]&&UNKNOWN.cat0;WUNVOR,0.7732
O=C1C(=O)C(=O)C1=O.[OH2][Mn][OH2].n1ccc(cc1)c1ccncc1&&sql.cat1;WUPZEM,0.8877
NC(C([S])(C)C)C(=O)[O-].[Ag].[O][Re]&&sql.cat1;WURCAN,0.8888
[Cu].n1ccc(cc1)c1ccncc1&&ERROR.cat1;WUSXIR,0.7138
[O-]C(=O)c1ccc(cn1)C(=O)[O-].[O-][C]=O.[OH2][Ce]&&UNKNOWN.cat1;WUYLOS,0.8919
Br[Zn]Br.CC(=Nc1c(cc(cc1C(C)C)c1cccnc1)C(C)C)c1cccc(n1)C(=Nc1c(cc(cc1C(C)C)c1cccnc1)C(C)C)C&&ERROR.cat1;WUZFUT,0.6302
CC(=Nc1c(cc(cc1C(C)C)c1cccnc1)C(C)C)c1cccc(n1)C(=Nc1c(cc(cc1C(C)C)c1cccnc1)C(C)C)C.I[Zn]I&&ERROR.cat1;WUZGAA,0.7987
[O-]C(=O)c1ccc(cc1)[C]1Nc2c(N1)c1cc(cc3c1c1c2cc(cc1c1c3N[C](N1)c1ccc(cc1)C(=O)[O-])C(C)(C)C)C(C)(C)C.[OH2][Cu][Cu][OH2]&&sql.cat0;XACGAL,0.589
Nc1ncnc2c1N=C[N]2.[OH2][Cu].[OH2][Cu][Cu][OH2]&&UNKNOWN.cat0;XACZEH,0.8912
[Fe].[O-]C(=O)c1ccc(cc1)C(=O)[O-].[O]&&UNKNOWN.cat0;XADCOW,0.8463
[Ni].[O-]C(=O)c1ccc(cc1)OCC(COc1ccc(cc1)C(=O)[O-])(COc1ccc(cc1)C(=O)[O-])COc1ccc(cc1)C(=O)[O-]&&sql.cat1;XADCUC,0.8691
[O-]C(=O)c1ccc(c2c1cccc2)C(=O)[O-].[Zn].n1ccc(cc1)[C]=[C]c1ccncc1&&dia.cat1;XADGAM,0.652
[Bi].[O-]C(=O)c1ccc(cc1)C(=O)[O-]&&sql.cat0;XAFBAJ,0.8445
[Bi].[O-]C(=O)c1ccc(cc1)C(=O)[O-]&&UNKNOWN.cat0;XAFBIR,0.8946
"[O-]C(=O)c1ccc(cc1)N(c1ccc(cc1)C(=O)[O-])c1ccc(cc1)c1ccc(cc1)N(c1ccc(cc1)C(=O)[O-])c1ccc(cc1)C(=O)[O-].[O][Zn][Zn][O]&&lvt,lil.cat0;XAFFAN",0.9017
"[O-]C(=O)c1ccc(cc1)N(c1ccc(cc1)C(=O)[O-])c1ccc(cc1)c1ccc(cc1)N(c1ccc(cc1)C(=O)[O-])c1ccc(cc1)C(=O)[O-].[O][Zn][Zn][O]&&pts,sur.cat0;XAFFER",0.9015
"[O-]C(=O)c1ccc(cc1)N(c1ccc(cc1)C(=O)[O-])c1ccc(cc1)c1ccc(cc1)N(c1ccc(cc1)C(=O)[O-])c1ccc(cc1)C(=O)[O-].[O][Co][Co][O]&&lvt,lil.cat0;XAFFIV",0.8978
O=C(c1ccccn1)[N]C(=O)c1ccccn1.[Fe].[Ni]&&ERROR.cat1;XAFKAQ,0.8488
O=C(c1ccccn1)[N]C(=O)c1ccccn1.[Fe].[Ni]&&ERROR.cat1;XAFKAQ01,0.8483
I[Hg]I.O=C(Cc1ccccc1CC(=O)NCc1ccncc1)NCc1ccncc1&&ERROR.cat3;XAHSUV,0.8919
Cc1[nH][n-]c(c1Cc1c(C)[n-][nH]c1C)C.[Cu][Cu].[O-]C(=O)c1ccc(cc1)Oc1ccc(cc1)C(=O)[O-]&&pcu.cat0;XAKQOR,0.8758
Cc1[nH][n-]c(c1Cc1c(C)[n-][nH]c1C)C.[O-]C(=O)c1ccc(cc1)Oc1ccc(cc1)C(=O)[O-].[OH2][Ni]&&UNKNOWN.cat1;XAKQUX,0.8092
CCC(=O)[N][N]C(=O)c1ccccc1[O].[Mn].n1ccc(cc1)CCc1ccncc1&&lvt.cat0;XAKYUE,0.806
Cl[Zn]Cl.O=C(C(=O)Nc1cccnc1)Nc1cccnc1&&ERROR.cat1;XAKZAM,0.8958
Br[Zn]Br.O=C(C(=O)Nc1cccnc1)Nc1cccnc1&&ERROR.cat0;XAKZEQ,0.8947
I[Zn]I.O=C(C(=O)Nc1cccnc1)Nc1cccnc1&&ERROR.cat1;XAKZIU,0.886
CC(=O)[N][N]C(=O)c1ccccc1[O].[Mn].n1ccc(cc1)CCc1ccncc1&&lvt.cat0;XAKZOZ,0.7965
CCC(=O)[N][N]C(=O)c1ccccc1[O].[Mn].n1ccc(cc1)CCc1ccncc1&&lvt.cat0;XALBES,0.8646
CCC(=O)[N][N]C(=O)c1ccccc1[O].[Mn].n1ccc(cc1)CCc1ccncc1&&lvt.cat0;XALBIW,0.6953
CCCCCC(=O)[N][N]C(=O)c1ccccc1[O].[Mn].n1ccc(cc1)CCc1ccncc1&&lvt.cat0;XALCIX,0.7187
CCCCCC(=O)[N][N]C(=O)c1ccccc1[O].[Mn].n1ccc(cc1)CCc1ccncc1&&lvt.cat0;XALCUJ,0.8636
CCCCCC(=O)[N][N]C(=O)c1ccccc1[O].[Mn].n1ccc(cc1)CCc1ccncc1&&lvt.cat0;XALDOE,0.878
[O-]C(=O)C.[O-]C(=O)c1ccc(cc1)c1cc(cc(n1)c1ccc(cc1)C(=O)[O-])c1ccncc1.[OH2][Co][OH]([Co])[Co]&&UNKNOWN.cat0;XALMII,0.8847
[Co][OH2][Co].[O-]C(=O)c1ccc(cc1)c1cc(cc(n1)c1ccc(cc1)C(=O)[O-])c1ccncc1&&UNKNOWN.cat0;XALMOO,0.8929
[In].[O-]C(=O)c1ccc(c(c1)N)C(=O)[O-]&&dia.cat1;XALROT,0.1834
Cl[Co].Cl[Co]N1[N]N(c2c1cc1OC3=C(Oc1c2)[CH]C1=NN=NC1=C3)[Co]Cl.Cl[Co]N1[N]N(c2c1cc1OC3=CC4=NN=N[C]4C=C3Oc1c2)[Co]Cl.Cl[Co]N1[N]N(c2c1cc1Oc3cc4=N[N]N=c4cc3Oc1c2)[Co]Cl.Cl[Co]N1[N]N(c2c1cc1Oc3cc4nnn(c4cc3Oc1c2)[Co])[Co].[Co]N1[N]N(c2c1cc1Oc3cc4N([Co])[N]N(c4cc3Oc1c2)[Co])[Co].[Zn]&&ERROR.cat0;XALTIP,0.8957
"[O-]C(=O)[C][C]C1=[C]C(=C2C(=[C]1)[C]N1[C]3[C][C][C][C][C]3N3[Mn]1(O2)(Cl)OC1=C([C]3)[C]=C([C]=C1C([C])([C])[C])[C]=[C]C(=O)[O-])C([C])([C])[C].[O-]C(=O)[C][C]C1=[C]C(=C2C(=[C]1)[C]N1[C]3[C][C][C][C][C]3N3[Mn]1(O2)(Cl)OC1=C([C]=C([C]=C1[C]3)[C][C]C(=O)[O-])C([C])([C])[C])C([C])([C])[C].[O-]C(=O)[C][C]C1=[C]C2=C(C(=[C]1)C([C])([C])[C])O[Mn]13(N([C]2)[C]2[C][C][C][C][C]2N3[C]C2=C(O1)C(=[C]C(=[C]2)[C]=[C]C(=O)[O-])C([C])([C])[C])Cl.[O-]C(=O)[C][C]C1=[C]C2=C(C(=[C]1)C([C])([C])[C])O[Mn]13(N([C]2)[C]2[C][C][C][C][C]2N3[C]C2=C(O1)C(=[C]C(=[C]2)[C][C]C(=O)[O-])C([C])([C])[C])Cl.[O-]C(=O)[C][C]C1=[C]C2=C(C(=[C]1)C([C])([C])[C])O[Mn]13(N([C]2)[C]2[C][C][C][C][C]2N3[C]C2=[C]C(=[C]C(=C2O1)C([C])([C])[C])[C]=[C]C(=O)[O-])Cl.[Zn]12[O]3456[Zn]7[O]89%101[Zn]3[O]27([Zn]48)([Zn]59)[Zn]6%10.[Zn][O]([Zn])([Zn])[Zn]&&pcu,UNKNOWN.cat1;XANKUU",0.8995
[O-]C(=O)[C]=[C]C1=[C]C(=C2C(=[C]1)[C]N1[C]3[C][C][C][C][C]3N3[Mn]1(O2)OC1=C([C]=C([C]=C1[C]3)[C]=[C]C(=O)[O-])C([C])([C])[C])C([C])([C])[C].[O-]C(=O)[C]=[C]C1=[C]C2=C(C(=[C]1)C([C])([C])[C])O[Mn]13N([C]2)[C]2[C][C][C][C][C]2N3[C]C2=[C]C(=[C]C(=C2O1)C([C])([C])[C])[C]=[C]C(=O)[O-].[Zn]12[O]3456[Zn]7[O]89%101[Zn]3[O]27([Zn]48)([Zn]59)[Zn]6%10.[Zn][O]([Zn])([Zn])[Zn]&&pcu.cat0;XANLIJ,0.9006
[O-]C(=O)c1ccc(cc1)C(=O)[O-].[O-]C(=O)c1ccc(cc1)N(c1ccc(cc1)C(=O)[O-])c1ccc(cc1)C(=O)[O-].[Zn][O]([Zn])([Zn])[Zn]&&kkm.cat0;XANLUV,0.8995
[Ag].n1ccc(cc1)C#CC#Cc1ccncc1&&ERROR.cat1;XANXIT,0.8302
I[Zn]I.n1ccc(cc1)C1=NC(=[N]=C([N]1)c1ccncc1)c1ccncc1&&srs.cat1;XAPCOH,0.9036
I[Zn]I.n1ccc(cc1)C1=NC(=[N]=C([N]1)c1ccncc1)c1ccncc1&&srs.cat1;XAPDEY,0.8776
"[O-]C(=O)c1ccc(cc1)N(c1ccc(cc1)C(=O)[O-])c1ccc(cc1)N(c1ccc(cc1)C(=O)[O-])c1ccc(cc1)C(=O)[O-].[O][Cu][Cu][O]&&pts,sur.cat0;XAWVUN",0.8971
O=C1[N]NC(=O)c2c1cc(cc2)c1ccc2c(c1)C(=O)[N]NC2=O.[Cd]&&ERROR.cat0;XAXHUB,0.8171
[O-]C(=O)CC1=NN=N[N]1.[OH2][Dy]([OH2])([OH2])[OH2].[OH2][Dy][OH2]&&ERROR.cat1;XAXSOG,0.4623
"[O-]C(=O)c1ccc(cc1)N(c1ccc(cc1)C(=O)[O-])c1ccc(cc1)N(c1ccc(cc1)C(=O)[O-])c1ccc(cc1)C(=O)[O-].[O][Cu][Cu][O]&&lvt,lil.cat0;XEBHOC",0.8973
[Ag].n1ccc(cc1)c1ccncc1&&ERROR.cat3;XEDCIT,0.833
"[Cd].[O-]C(=O)c1ccc2c(c1)ccc(c2)c1cc(cc(c1)c1ccc2c(c1)ccc(c2)C(=O)[O-])c1ccc2c(c1)ccc(c2)C(=O)[O-].[O][Cd]([O])[O]&&ERROR,sit.cat1;XEDGIY",0.8937
O=N(=O)C1=NC=C[N]1.O=N(=O)C1=N[CH]C=N1.[Zn].c1ccc2c(c1)N=C[N]2&&ERROR.cat2;XEDPED,0.8791
C1=Nc2c([N]1)cncn2.[Zn]Br&&nod.cat0;XEDPIH,0.8411
[Ag][Ag].n1ccc(cc1)[N][N]c1ccncc1&&UNKNOWN.cat0;XEFKIC,0.8737
[Cd].[O-]C(=O)C1Cc2nc[nH]c2CN1&&sql.cat1;XEFPUV,0.7284
[Gd].[O-]C(=O)c1cc(N(=O)=O)c(c(c1)N(=O)=O)c1c(cc(cc1N(=O)=O)C(=O)[O-])N(=O)=O&&pcu.cat0;XEGJIE,0.8229
[Gd].[O-]C(=O)c1cc(N(=O)=O)c(c(c1)N(=O)=O)c1c(cc(cc1N(=O)=O)C(=O)[O-])N(=O)=O&&pcu.cat0;XEGJOK,0.5034
[Gd].[O-]C(=O)c1cc(N(=O)=O)c(c(c1)N(=O)=O)c1c(cc(cc1N(=O)=O)C(=O)[O-])N(=O)=O&&pcu.cat0;XEGJUQ,0.7136
[Gd].[O-]C(=O)c1cc(N(=O)=O)c(c(c1)N(=O)=O)c1c(cc(cc1N(=O)=O)C(=O)[O-])N(=O)=O&&pcu.cat0;XEGKEB,0.5444
O[Mn].[O]C(C(=O)[O-])CCN1C(=O)c2c(C1=O)cccc2&&ERROR.cat0;XEKMOR,0.8866
[O-]C(=O)C.[Zn]&&ERROR.cat1;XEMDAW,0.8521
Cl[Cu].NCCN(CCn1cncc1)CCN&&ERROR.cat1;XEQDUT,0.6857
[Al].[O-]C(=O)C1=[C][C]=C([C]=[C]1)[C]1[C][C][C]1.[O-]C(=O)C1=[C][C]=[C][C]=[C]1.[O]&&UNKNOWN.cat5;XERJOV,0.7472
[O-]C(=O)[C].[Rh]1[Rh][Rh][Rh]1&&ERROR.cat0;XESDAA,0.8831
[OH2][Mg].[O]P(=O)(CN1CCN(CC1)CP(=O)([O])[O])[O]&&UNKNOWN.cat0;XESKAJ,0.9015
[O]P(=O)([C]N1[C][C]N([C][C]1)[C]P(=O)([O])[O])[O].[O][Mg]&&UNKNOWN.cat0;XESKEN,0.8951
[O]P(=O)([C]N1[C][C]N([C][C]1)[C]P(=O)([O])[O])[O].[O][Mn]&&UNKNOWN.cat0;XESKIR,0.8926
[Mn].[O]P(=O)([C]N1[C][C]N([C][C]1)[C]P(=O)([O])[O])[O]&&UNKNOWN.cat0;XESKOX,0.9077
[O]P(=O)([C]N1[C][C]N([C][C]1)[C]P(=O)([O])[O])[O].[O][Fe]&&UNKNOWN.cat0;XESKUD,0.8972
[O]P(=O)([C]N1[C][C]N([C][C]1)[C]P(=O)([O])[O])[O].[O][Co]&&UNKNOWN.cat0;XESLAK,0.9009
[Co][Co].[O-]C(=O)c1ccc(cc1)S(=O)(=O)c1ccc(cc1)C(=O)[O-].n1ccc(cc1)CN1CCN(CC1)Cc1ccncc1&&sql.cat0;XETGAG,0.8541
[Cd].c1ccc(c(c1)CSc1ccncc1)CSc1ccncc1&&UNKNOWN.cat0;XEVNER,0.8567
[O-]C(=O)C[N]12CCC[N]34[Cu]562(OC(=O)C[N]6(CC1)CCC[N]5(CC3)CC(=O)[O-])OC(=O)C4.[O][Gd]&&ERROR.cat0;XEWDUA,0.8911
[Cd].[O-]C(=O)c1ccc2c3c1c(ccc3C(=O)N(C2=O)c1ccncc1)C(=O)[O-]&&UNKNOWN.cat0;XEXLET,0.8942
[O-]C(=O)c1ccc2c3c1c(ccc3C(=O)N(C2=O)c1ccncc1)C(=O)[O-].[Zn][Zn]&&rtl.cat0;XEXLIX,0.8879
[O-]C(=O)c1ccc2c3c1c(ccc3C(=O)N(C2=O)c1ccncc1)C(=O)[O-].[Zn][Zn]&&rtl.cat0;XEXLUJ,0.8986
[O-]C(=O)c1ccc2c3c1c(ccc3C(=O)N(C2=O)c1ccncc1)C(=O)[O-].[Zn][Zn]&&rtl.cat0;XEXMAQ,0.8899
[O-]C(=O)c1ccc2c3c1c(ccc3C(=O)N(C2=O)c1ccncc1)C(=O)[O-].[Zn][Zn]&&rtl.cat0;XEXMEU,0.8956
I[Cu]12(I)[Cu]3[Cu]1([Cu]23I)I.O[Mn]O.[Mn].[O-]C(=O)c1ccncc1&&dia.cat1;XEYMAR,0.8918
O=C(c1ccc(cc1)C(=O)[O-])Nc1ccc(cc1)C(=O)[O-].[OH2][Cd]&&ERROR.cat3;XEZLUL,0.8963
CC(=NN=C(c1ccncc1)C)c1ccncc1.[Co]&&sql.cat5;XIBCEQ,0.8755
O=C(c1cc(cc(c1)C(=O)Nc1cc(cc(c1)C(=O)[O-])C(=O)[O-])C(=O)Nc1cc(cc(c1)C(=O)[O-])C(=O)[O-])Nc1cc(cc(c1)C(=O)[O-])C(=O)[O-].[O][Y]&&UNKNOWN.cat0;XIBZUF,0.807
"N#Cc1ccc(cc1)C(n1cncn1)c1ccc(cc1)C#N.[Cu]&&cag,UNKNOWN.cat0;XICDUI",0.8625
[Cu].[O-]C(=O)c1cc(cc(c1)c1ccncc1)C(=O)[O-]&&tbo.cat0;XICKOL,0.6961
[O-]C(=O)c1ccc(s1)C(=O)[O-].[O][Zr]123([O])[O]4[Zr]56[O]3[Zr]37([O]2[Zr]28[O]1[Zr]14([O]6[Zr]([O]53)([O]21)([O]78)([O])[O])([O])[O])([O])[O]&&reo.cat0;XICNOO,0.8933
[O-]C(=O)c1ccc(s1)C(=O)[O-].[O][Zr]123([O])[O]4[Zr]56[O]3[Zr]37([O]2[Zr]28[O]1[Zr]14([O]6[Zr]([O]53)([O]21)([O]78)([O])[O])([O])[O])([O])[O]&&reo.cat0;XICNOO01,0.8956
[O-]C(=O)C(=O)[O-].[O-]C(=O)c1cc(nc(c1)c1ccncc1)c1ccncc1.[Zn]&&UNKNOWN.cat1;XIDBUJ,0.892
O=C1N(c2cc(cc(c2)C(=O)[O-])C(=O)[O-])C(=O)c2c3c1cccc3ccc2.O[Cu].[Cu].[O-]C(=O)c1cc(cc(c1)C(=O)[O-])N1C(=O)C2=C3C(=[C]C=CC3=[C]C=C2)C1=O.[O-]C(=O)c1cc(cc(c1)C(=O)[O-])N1C(=O)C2=CC=[C]C3=C2C(=[C]C=C3)C1=O&&ERROR.cat5;XIDCOE,0.8871
O=C(c1cc(cc(c1)C(=O)Nc1ccncc1)C(=O)Nc1ccncc1)Nc1ccncc1.[Cu]&&ffc.cat1;XIDSUZ,0.8953
[Cd].[O-]C(=O)c1ccc(cc1)c1ccc(cc1)C(=O)[O-]&&UNKNOWN.cat0;XIGFOJ,0.8976
N#CCc1c(C)c(CC#N)c(c(c1C)CC#N)C.[Ag]&&fes.cat0;XIHCEX,0.7721
[C][C]=C([S])[C].[C][C]=[C][S].[Cd].[S]&&UNKNOWN.cat0;XIJNUA,0.9074
Cc1cc(C)c(c(c1)C)N1C=CN([C]1)Cc1ccccn1.[Cu]Br&&ERROR.cat1;XIKHOO,0.5729
[Zn].c1ncn(c1)c1cc(cc(c1)n1cncc1)n1cncc1&&UNKNOWN.cat0;XILLIP,0.8733
O=C(c1cccc(c1)C(=O)Nc1ccncc1)Nc1ccncc1.[O-]C(=O)c1ccc(cc1)c1ccc(cc1)C(=O)[O-].[Zn]&&sql.cat0;XILSAO,0.8928
O=C(c1cccc(c1)C(=O)Nc1ccncc1)Nc1ccncc1.[O-]C(=O)c1ccc(cc1)c1ccc(cc1)C(=O)[O-].[Zn]&&sql.cat1;XILSAO01,0.8784
O=C1N(c2ccncc2)C(=O)c2c3c1ccc1c3c(cc2)C(=O)N(C1=O)c1ccncc1.[O-]C(=O)c1ccc(cc1)C1=C2C=CC3=[N]2[Mn]24(n5c1ccc5C(=C1[N]2=C(C=C1)C(=c1n4c(=C3c2ccc(cc2)C(=O)[O-])cc1)c1ccc(cc1)C(=O)[O-])c1ccc(cc1)C(=O)[O-])(O[Ti]([O])([O])([O])([O])([O])([O])[O])O[Ti]([O])([O])([O])([O])([O])([O])[O].[Zn][Zn]&&fsc.cat1;XILSUI,0.875
O=C1N(c2ccncc2)C(=O)c2c3c1ccc1c3c(cc2)C(=O)N(C1=O)c1ccncc1.[O-]C(=O)c1ccc(cc1)C1=C2C=CC3=[N]2[Mn]24(n5c1ccc5C(=C1[N]2=C(C=C1)C(=c1n4c(=C3c2ccc(cc2)C(=O)[O-])cc1)c1ccc(cc1)C(=O)[O-])c1ccc(cc1)C(=O)[O-])([O])[O].[Zn][Zn]&&fsc.cat1;XILTAP,0.8929
O=C1N(c2ccncc2)C(=O)c2c3c1ccc1c3c(cc2)C(=O)N(C1=O)c1ccncc1.[O-]C(=O)c1ccc(cc1)C1=C2C=CC3=[N]2[Mn]24n5c1ccc5C(=C1[N]2=C(C=C1)C(=c1n4c(=C3c2ccc(cc2)C(=O)[O-])cc1)c1ccc(cc1)C(=O)[O-])c1ccc(cc1)C(=O)[O-].[Zn][Zn]&&fsc.cat0;XILVIZ,0.8469
OC(=O)c1n(cnc1C(=O)[O-])Cc1ccc(cc1)C(=O)[O-].[OH2][Cd]([OH2])[OH2]&&ERROR.cat3;XIMSET,0.9008
[Ce].[Mg].[N]c1ccccc1&&ERROR.cat3;XINFIL,0.3955
[O-]C(=O)c1cccc(c1)C(=O)[O-].[OH2][Zn].[Zn]&&dia.cat0;XINFUW,0.8999
OCC1=N[N]C(=N1)C[O].[O]CC1=[N]=C(N=N1)CO.[O][Co]&&ERROR.cat0;XINRAP,0.8881
[Cd].[O-]C(=O)c1ccc2c(c1)[nH]c1c2ccc(c1)C(=O)[O-]&&sql.cat0;XIRJUF,0.8919
[O-]C(=O)c1ccc(cc1)C(c1ccc(cc1)C(=O)[O-])(c1ccc(cc1)C(=O)[O-])c1ccc(cc1)C(=O)[O-].[O][Ni]O[Ni]1([O])O[Ni](O1)([O])O[Ni][O]&&flu.cat0;XISXEE,0.899
Brc1cc(cc(c1)C(=O)[O-])C(=O)[O-].Cc1cc(C)c(c(c1Cn1cncc1)C)Cn1cncc1.[OH2][Cd]&&UNKNOWN.cat1;XITBEJ,0.894
C1=C[C](C=C[N]1)CC[C]1C=C[N]C=C1.[Co][O]([Co][O]([Co])[Co])[Co].[O-]C(=O)c1ccc(cc1)C(C(F)(F)F)(C(F)(F)F)c1ccc(cc1)C(=O)[O-].n1ccc(cc1)CCc1ccncc1&&ERROR.cat0;XITMUK,0.8648
"[O-]C(=O)c1cc(cc(c1)C(=O)[O-])c1c2ccccc2c(c2c1cccc2)c1cc(cc(c1)C(=O)[O-])C(=O)[O-].[O][Cu][Cu][O]&&nbo,fof.cat0;XITYOP",0.8652
[O-]C(=O)c1ccc(nc1)c1ccc(cn1)C(=O)[O-].[O]12[Zr]34[O]5[Zr]62[O]2[Zr]71[O]4[Zr]14[O]3[Zr]35[O]6[Zr]2([O]71)[O]43&&fcu.cat0;XIVTED,0.902
Cl[Cd]Cl.[Cu].n1ccc(cc1)[C](C1=C[CH]C=N1)C1=CC=C[N]1.n1ccc(cc1)[C](C1=NC=C[CH]1)C1=CC=C[N]1&&ERROR.cat3;XIWWIL,0.877
Cl[Cd]Cl.[Cu].n1ccc(cc1)[C](C1=C[CH]C=N1)C1=CC=C[N]1.n1ccc(cc1)[C](C1=N[CH]C=C1)C1=C[CH]C=N1&&ERROR.cat1;XIWWOR,0.8899
C1=CC=C([N]1)[C](c1ccc(cc1)n1cncc1)C1=CC=C[N]1.C1=CN=C([CH]1)[C](C1=C[CH]C=N1)c1ccc(cc1)n1ccnc1.C1=CN=C([CH]1)[C](c1ccc(cc1)n1cncc1)C1=NC=C[CH]1.Cl[Cd]Cl.[CH]1C=NC(=C1)[C](c1ccc(cc1)n1cncc1)C1=C[CH]C=N1.[Zn]&&ERROR.cat1;XIWXAE,0.8983
C1=CN=C([CH]1)[C](c1ccc(cc1)n1cncc1)C1=CC=C[N]1.C1=CN=C([CH]1)[C](c1ccc(cc1)n1cncc1)C1=NC=C[CH]1.Cl[Cd]Cl.[CH]1C=NC(=C1)C(=C1C=CC=N1)c1ccc(cc1)n1ccnc1.[CH]1C=NC(=C1)[C](c1ccc(cc1)n1cncc1)C1=CC=C[N]1.[Pd]&&ERROR.cat0;XIWXEI,0.8106
[O-]C(=O)c1ccc2c(c1)[nH]c(n2)c1cccnc1.[Zn]&&sql.cat1;XODGII,0.8766
[O-]C(=O)c1ccc2c(c1)[nH]c(n2)c1cccnc1.[Zn]&&sql.cat1;XODGOO,0.8703
[O-]C(=O)c1ccc2c(c1)[nH]c(n2)c1cccnc1.[Zn]&&sql.cat1;XODGUU,0.8792
[Rh][Rh].[Rh][Rh]N1[CH]C=C(C=C1)C(c1ccncc1)(C1=C[CH]N(C=C1)[Rh][Rh])O&&ERROR.cat1;XODQOW,0.8465
[N]([CH]c1ccncc1)[N][CH]c1ccncc1.[O-]C(=O)c1ccc(cc1)Oc1ccc(cc1)C(=O)[O-].[Zn]&&pcu.cat1;XOFYOI,0.8829
[O-]C(=O)c1cc(cc(c1)C(=O)[O-])C(=O)[O-].[Zn][O]([Zn])([Zn])[Zn]&&UNKNOWN.cat0;XOHLEM,0.8878
[O-]C(=O)c1cc(cc(c1)C(=O)[O-])C(=O)[O-].[Zn][O]([Zn])([Zn])[Zn]&&UNKNOWN.cat0;XOHLEM01,0.8892
[O-]C(=O)c1cc(C(=O)[O-])c(cc1C(=O)[O-])C(=O)[O-].[OH2][Co]([OH2])([OH2])[OH2]&&sql.cat1;XOJMAL01,0.8929
[O-]C(=O)c1cc(C(=O)[O-])c(cc1C(=O)[O-])C(=O)[O-].[OH2][Co]([OH2])([OH2])[OH2]&&sql.cat1;XOJMAL02,0.8941
COC(=O)CC[CH]1=C2[N]C(=[CH]1C)C=C1N=C(C(=C1C)C#Cc1ccc(cc1)c1cccnc1)C=C1[N]C(=CC3=NC4=C2CC(=O)C4=C3C)C(=C1C)CC.COC(=O)CC[CH]1=[CH](C)C2=CC3=NC(=CC4=C(C(=C(C=C5N=C6C(=C1[N]2)CC(=O)C6=C5C)[N]4)CC)C)C(=C3C)C#Cc1ccc(cc1)c1cccnc1.[Zn]&&ERROR.cat0;XOKGOV,0.7532
O=C1C(=CC(=C[C]1C(C)(C)C)c1cccnc1)C=NC1CCCCC1N=Cc1cc(cc(c1[O])C(C)(C)C)c1cccnc1.O=C1[C](C=NC2CCCCC2N=Cc2cc(cc(c2[O])C(C)(C)C)c2cccnc2)C=C(C=C1C(C)(C)C)c1cccnc1.[Cd].[Fe]O[Fe].[O-]C(=O)c1ccc(cc1)c1ccc(cc1)C(=O)[O-].[O]c1c(C=NC2CCCCC2N=Cc2cc(cc(c2[O])C(C)(C)C)c2cccnc2)cc(cc1C(C)(C)C)c1cccnc1&&UNKNOWN.cat0;XOKHIQ,0.7775
[O]P1(=O)OP(=O)([O])C2([NH2]C1(c1ccccc1)P(=O)([O])OP2(=O)[O])c1ccccc1.[Zn]&&UNKNOWN.cat1;XOKHOV,0.8811
[O-]C(=O)c1cccc(c1)c1cc(c2cccc(c2)C(=O)[O-])c2c3c1ccc1c3c(cc2)c(cc1c1cccc(c1)C(=O)[O-])c1cccc(c1)C(=O)[O-].[Zn][Zn]&&sql.cat1;XOKQUL,0.9
"[Co].[O-]C(=O)c1ccc(nc1)c1ccc(cn1)C(=O)[O-].[O-]C=O.[OH2][Co]&&ant,UNKNOWN.cat0;XOLSUO",0.8963
[O-]C(=O)C1=C[C]=CC(=C1)C(=O)[O-].[Zn].c1ncn(c1)c1ccc(cc1)c1ccc(cc1)n1cncc1&&ERROR.cat1;XOMCUZ,0.8974
CCC(=NN=C(c1c[n+]([O-])c2c(n1)cccc2)CC)c1c[n+]([O-])c2c(n1)cccc2.[Ag]&&uog.cat0;XOMDOU,0.8391
[In].[O-]C(=O)c1cccc(c1)c1cccc(c1)C(=O)[O-]&&dia.cat0;XOMSUP,0.8311
[Cd].[N]([CH]c1ccncc1)[N][CH]c1ccncc1.[O-]C(=O)c1ccc(cc1)Oc1ccc(cc1)C(=O)[O-]&&ERROR.cat0;XOPMIA,0.8723
[Ni].[O-]C(=O)c1cc(C(=O)[O-])c(cc1C(=O)[O-])C(=O)[O-].n1ccc(cc1)c1ccncc1&&ERROR.cat0;XOPVII,0.9021
[O-]C(=O)c1ccc(cc1)[Si](c1ccc(cc1)C(=O)[O-])(c1ccc(cc1)C(=O)[O-])c1ccccc1.[O][Zn]1[O]([Zn])[Zn]([O]1[Zn])([O])[O]&&kgd.cat0;XOQXUX,0.888
[O-]C(=O)c1ccc(cc1)C#Cc1c(C)c(C#Cc2ccc(cc2)C(=O)[O-])c(c(c1C)C#CC1=CC=[C]C=C1)C.[O][Mn](O[Mn]O[Mn]([O])([O])[O])([O])[OH2]&&ERROR.cat1;XOTSEG,0.8556
[CH]=[C]C(=O)O[Cd]([O])([O])[O].[Cd].[O-][C]=O.[O][Cd]&&ERROR.cat3;XOTSIK,0.8874
[Zn].c1ncn(c1)c1ccc(cc1)c1ccc(cc1)n1cncc1&&sql.cat1;XOVZEO,0.8921
[O-]C(=O)c1ccc(cc1)C=Cc1ccc(cc1)C(=O)[O-].[OH2][Cu]&&ERROR.cat0;XOXGEX,0.8992
O=C1N(c2ccncc2)C(=O)c2c3c1ccc1c3c(cc2)C(=O)N(C1=O)c1ccncc1.[CH]OC=CC(=[CH])N1C(=O)c2ccc3c4c2c(C1=O)ccc4C(=O)N(C3=O)C(=[CH])C=CO[CH].[N].[N].[CH]OC=CC(=[CH])N1C(=O)c2ccc3c4c2c(C1=O)ccc4C(=O)N(C3=O)C1=C[CH]OC=C1.[N].[CH][N]C=CC(=[CH])N1C(=O)c2ccc3c4c2c(C1=O)ccc4C(=O)N(C3=O)C1=C[CH]OC=C1.[O].[Zn]&&ERROR.cat3;XOYQUZ,0.8738
Br[Cu]1234[S]5[Cu]672[Cu]283([S]1[W]4562[S]78)Br.C(Cc1ccncc1)Cc1ccncc1&&ERROR.cat1;XOYSIO,0.8031
[CH]C(C(=O)[O-])C(=O)[O-].[O-]C(=O)[CH][CH]C(=O)[O-].[Zn][O]([Zn])([Zn])[Zn]&&pcu.cat0;XOZXOA,0.9041
[O-]C(=O)c1ccc(cn1)C(=O)[O-].[O-]C(=O)c1ccccc1C(=O)[O-].[OH2][Gd].[OH2][Ni][OH2]&&ERROR.cat0;XOZYER,0.8272
[O-]C(=O)c1ccc(cc1)[Si](c1ccc(cc1)C(=O)[O-])(c1ccc(cc1)C(=O)[O-])c1ccc(cc1)C(=O)[O-].[O][Zr]123([O])[O]4[Zr]56[O]3[Zr]37([O]2[Zr]28[O]1[Zr]14([O]6[Zr]([O]53)([O]21)([O]78)([O])[O])([O])[O])([O])[O]&&flu.cat0;XUBGUY,0.8903
[N]([CH]c1ccncc1)[N][CH]c1ccncc1.[Zn]&&sql.cat1;XUDNER,0.7882
"[Cu][Cu].[O-]C(=O)c1ccc(cc1)N(c1ccc(cc1)C(=O)[O-])c1cccc(c1)N(c1ccc(cc1)C(=O)[O-])c1ccc(cc1)C(=O)[O-].[O][Cu][Cu].[O][Cu][Cu][O]&&nou,UNKNOWN.cat0;XUDPIX",0.9024
[Cd].[O-]C(=O)c1ccc(cc1)C(=O)[O-].c1cc(nc(c1)n1cncc1)n1cncc1&&sql.cat1;XUDVOJ,0.8302
NC1=N[N]C=N1.[Cd].[O-]C(=O)c1ccc(cc1)c1ccc(cc1)C(=O)[O-]&&ERROR.cat0;XUDYEC,0.8944
[In].[O-]C(=O)C(=O)[O-]&&ERROR.cat0;XUDYOM,0.771
N#CCN1CCN(CC#N)Cc2cccc(n2)CN(CCN(Cc2nc(C1)ccc2)CC#N)CC#N.[Ag]&&sql.cat0;XUFTIB,0.7817
[O-]C(=O)c1cc(cc(c1)C(=O)[O-])c1cc(ccc1C(=O)[O-])C(=O)[O-].[O][Zn].[Zn]&&UNKNOWN.cat0;XUFWOM,0.8971
O=C1c2cc(ccc2-c2c1cc(cc2)C(=O)[O-])C(=O)[O-].[OH2][Zn]&&ERROR.cat3;XUFZIJ,0.8832
[O-]C(=O)c1cccc(c1)c1cc(c2cccc(c2)C(=O)[O-])c(cc1c1cccc(c1)C(=O)[O-])c1cccc(c1)C(=O)[O-].[O][Cu][Cu][O]&&pts.cat0;XUGROI,0.8965
Fc1c(F)c(F)c(c(c1F)F)[C]12=[C]34[C]56=C2[C]21=CC=C1N2[Zn]27(N46=C(C=[CH]35)C(=C3N2[C]2(=C4[C]56=[N]87=[C]5([C]=24c2c(F)c(F)c(c(c2F)F)F)[CH]6=CC8=C1c1ccncc1)C=C3)c1ccncc1)([O])[O].[O-]C(=O)c1ccc(cc1)c1cc(c2ccc(cc2)C(=O)[O-])c(cc1c1ccc(cc1)C(=O)[O-])c1ccc(cc1)C(=O)[O-].[Zn][Zn]&&fsc.cat0;XUGSEY,0.8936
N1CCNCCCNCCNCN(C1)Cc1ccc(cc1)CN1CNCCNCCCNCCNC1.[Ni].[O-]C(=O)c1cc(cc(c1)C(=O)[O-])C(=O)[O-]&&UNKNOWN.cat0;XUGSOH,0.8937
N1CCNCCCNCCNCN(C1)Cc1ccc(cc1)CN1CNCCNCCCNCCNC1.[Ni].[O-]C(=O)c1cc(cc(c1)C(=O)[O-])C(=O)[O-]&&UNKNOWN.cat0;XUGSUN,0.8904
N1CCNCCCNCCNCN(C1)Cc1ccc(cc1)CN1CNCCNCCCNCCNC1.[Ni].[O-]C(=O)c1cc(cc(c1)C(=O)[O-])C(=O)[O-]&&UNKNOWN.cat0;XUGTEY,0.8942
N1CCNCCCNCCNCN(C1)Cc1ccc(cc1)CN1CNCCNCCCNCCNC1.[Ni].[O-]C(=O)c1cc(cc(c1)C(=O)[O-])C(=O)[O-]&&UNKNOWN.cat0;XUGTIC,0.8928
Br[Cu][Cu]Br.O=C(c1ccncc1)OCCOC(=O)c1ccncc1&&UNKNOWN.cat0;XUJCUA,0.7948
Br[Cu][Cu]Br.O=C(c1ccncc1)OCCOC(=O)c1ccncc1&&UNKNOWN.cat0;XUJDAH,0.7974
OC(=O)c1ccc(cc1)C1=C2C=CC(=C(c3ccncc3)C3=NC(=C(C4=CC=C(C(=C5N=C1C=C5)c1ccncc1)[N]4)c1ccc(cc1)C(=O)O)C=C3)[N]2.[Zn]&&ERROR.cat3;XUKLIA,0.8596
[O-]C(=O)c1ccc(cc1)c1cc(cc(c1)C(=O)[O-])C(=O)[O-].[OH2][Zn][O]([Zn][OH2])([Zn])[Zn]&&UNKNOWN.cat0;XUKNIC,0.8974
[O-]C(=O)c1ccc(cc1)C#Cc1ccc(cc1)C(=O)[O-].[O]12[Zr]34[O]5[Zr]62[O]2[Zr]71[O]4[Zr]14[O]3[Zr]35[O]6[Zr]2([O]71)[O]43&&fcu.cat0;XULGIW,0.8988
"[O-]C(=O)c1cccc(c1)c1cc(cc(c1)c1cccc(c1)C(=O)[O-])c1cc(cc(c1)c1cccc(c1)C(=O)[O-])c1cccc(c1)C(=O)[O-].[OH2][Zn][Zn][OH2]&&sql,bex.cat0;XUMDEQ",0.8434
Cl[Cu].O=C(c1cccc(c1)C(=O)Nc1cccnc1)Nc1cccnc1&&sql.cat0;XUMMUP,0.8988
C1N2CN3CN1CN(C2)C3.O=C(c1ccc(cc1)c1ccc(cc1)C(=O)[CH]C(=O)C(C)(C)C)[CH]C(=O)C(C)(C)C.[Cu]&&UNKNOWN.cat0;XUNGIX,0.9021
Cc1cc(C)c(c(c1C)B(c1c(C)c(C)c(c(c1C)C)C(=O)[O-])c1c(C)c(C)c(c(c1C)C)C(=O)[O-])C.[O][Zn].[Zn]&&bcs.cat0;XUNVAF,0.8912
[O-]C(=O)c1ccc(cc1)c1ccc(cc1)C(=O)[O-].[Zn][Zn]&&sql.cat1;XUPCIU,0.8982
[C]C1=C([C])[N]C2=[C]C(=C([C]=C2C(=O)[O-])[N]C(=C([N]C2=C([C]=C([N]1)C(=[C]2)C(=O)[O-])C(=O)[O-])[C])[C])C(=O)[O-].[O-]C(=O)C1=[C][C]=C([C]=[C]1)C1=[C]C(=[C]C(=[C]1)C1=[C][C]=C([C]=[C]1)C(=O)[O-])C1=[C][C]=C([C]=[C]1)C(=O)[O-].[Zn][O]([Zn])([Zn])[Zn]&&UNKNOWN.cat0;XUPGIA,0.8989
O=C(c1ccccc1O)NC1=NN=N[N]1.[Cd]&&ERROR.cat1;XUTGAW,0.8196
O=C(c1ccccc1O)NC1=NN=N[N]1.[Mn]&&ERROR.cat1;XUTGEA,0.8194
O=C(c1ccccc1O)NC1=NN=N[N]1.[Zn]&&ERROR.cat1;XUTGOK,0.8029
[O-]C(=O)c1cc(cc(c1)C(=O)[O-])C(=O)[O-].[O][Ni].[O][Ni][O].n1ccc(cc1)c1ccncc1&&tfz.cat0;XUTQEI,0.8961
[Co].n1ccc(cc1)c1nc(cc(c1)c1ccccn1)c1ccncc1&&nbo.cat0;XUVPAH,0.8602
Cl[Re]([Re](Cl)Cl)Cl.[N]=CC=[C]c1ccncc1.[O-]C(=O)C.[O-][C]=O.n1ccc(cc1)c1ccncc1&&ERROR.cat2;YADNEW,0.8655
[In].[S]&&ERROR.cat3;YAKHID,0.8564
[In].[S]&&ERROR.cat1;YAKHOJ,0.7726
COc1cccc(c1[O])C=NCCCCN=Cc1cccc(c1[O])OC.[Er].[O-]C(=O)C&&ERROR.cat0;YALBEU,0.8676
"OCC1OC2OC3C(CO)OC(C(C3O)O)OC3C(CO)OC(C(C3[O])[O])OC3C(CO)OC(C(C3O)O)OC3C(OC(OC4C(OC(OC5C(OC(OC6C(OC(OC1C([CH]2)O)C(O)C6O)C[O])C([O])C5O)C[O])C(O)C4O)C[O])C(C3O)O)CO.[O][Sr]([O])[O]&&ERROR,UNKNOWN.cat0;YAPSAL",0.8848
[O-]C(=O)c1ccc(cc1)c1ccc(cc1)C(=O)[O-].[Zn].c1ncn(c1)Cc1ccc(cc1)Cn1cncc1&&hcb.cat0;YARDUS,0.8842
[O-]C(=O)c1cccc(c1)C(=O)[O-].[Zn].c1ncn(c1)Cc1ccc(cc1)Cn1cncc1&&fes.cat1;YARFII01,0.8201
[O-]C(=O)c1cccc(c1)C(=O)[O-].[Zn].c1ncn(c1)Cc1ccc(cc1)Cn1cncc1&&sql.cat0;YARFII02,0.8583
[O-]C(=O)c1c2ccccc2c(c2c1cccc2)C(=O)[O-].[OH2][Zn][O]([Zn][OH2])[Zn][OH2]&&acs.cat0;YARGAB,0.8997
[O-]C(=O)c1cc(ccc1C(=O)[O-])Oc1ccc(c(c1)C(=O)[O-])C(=O)[O-].[Zn].n1ccc(cc1)CCc1ccncc1&&UNKNOWN.cat0;YARKEJ,0.8166
[O-]C(=O)c1ccc(c2c1cccc2)C(=O)[O-].[Zn].c1ncn(c1)c1ccc(cc1)n1cncc1&&pcu.cat1;YARSAN,0.7374
C1C2C3C2(C2(C1C2C3)c1ccncc1)c1ccncc1.[Ag]&&UNKNOWN.cat1;YAVGEI,0.8691
C(CSc1ccncc1)CSc1ccncc1.[O][Cd][O]&&UNKNOWN.cat0;YAVVOH,0.8128
C1C[NH]2C(c3ncc[nH]3)[C]3N([Cu]42[NH](C1)C(c1ncc[nH]1)[C]1N4C=CN1)C=CN3.Cl[Cu]123[NH](CCC[NH]1C(c1n2ccn1)c1ncc[nH]1)C(c1n3ccn1)c1ncc[nH]1.[O][Cu]Cl&&ERROR.cat3;YAWQET,0.8946
[In].[O-]C(=O)c1cc(cc(c1)C(=O)[O-])c1cc(cc(c1)C(=O)[O-])C(=O)[O-].[OH]&&UNKNOWN.cat0;YAZFOW,0.8741
CC(C(=O)[O-])NC(=O)C(N)(C)C.Cl[Cu]&&ERROR.cat2;YAZWOM,0.8675
[Au][Au].[C]#N.[Hg]&&ERROR.cat1;YEBHET,0.8651
O=C(c1ccncc1)Nc1ccc2c(c1c1c(ccc3c1cccc3)NC(=O)c1ccncc1)cccc2.[Ag]&&ERROR.cat3;YECTUW,0.7147
[O-]C(=O)c1ccc(cc1)OCCOc1ccc(cc1)C(=O)[O-].[OH2][Cd].n1ccc(cc1)c1ccncc1&&uoc.cat0;YEGFIB,0.8772
[O-]C(=O)c1ccc(o1)C(=O)[O-].[O][Zn][OH]([Zn][O])[Zn][O].[Zn].[Zn][OH]([Zn])[Zn].[Zn][O]([Zn])([Zn])[Zn]&&UNKNOWN.cat0;YEKQOW,0.8687
[O-]C(=O)c1ccc(cc1)C(=O)[O-].[O-]C(=O)c1ccc(cc1)c1cc(cc(c1)C(=O)[O-])C(=O)[O-].[Zn][O]([Zn])([Zn])[Zn]&&hww.cat0;YEKXIX,0.877
N#CC1=C2C(=C(SC2(C2(C(=C1C#N)C(=C(S2)C)C)C)C)C)C.[Rh][Rh]&&ERROR.cat3;YENVET,0.8616
S=[C]1=NN=C(O1)c1ccncc1.[OH2][Ni][OH2]&&sql.cat0;YEVPIZ,0.8422
CC1=C(C(=N[N]1)C)C1=C(C)N=N[C]1C.CC1=N[N]C(=C1C1=C(C)[N]N=C1C)C.C[C]1N=NC(=C1C1=C(C)N=N[C]1C)C.[Ag][Ag]&&UNKNOWN.cat0;YEVQOG,0.8809
[Cu].[O-]C(=O)c1cc(ccc1[O])S([O])([O])[O].[OH2][Cu](OC(=O)c1cc(ccc1[O])S([O])([O])[O])[OH2]&&ERROR.cat1;YEXKAO,0.7459
"CCOP(=O)(c1cc(c2c3c1ccc1c3c(cc2)c(cc1P(=O)(OCC)[O])P(=O)(OCC)[O])P(=O)(OCC)[O])[O].[Ba]&&pts,UNKNOWN.cat0;YEYBOV",0.8992
[O-]C(=O)c1ccc(cc1)c1c(C)c(C)c(c(c1C)C)c1ccc(cc1)C(=O)[O-].[O]12[Zr]34[O]5[Zr]62[O]2[Zr]71[O]4[Zr]14[O]3[Zr]35[O]6[Zr]2([O]71)[O]43&&fcu.cat0;YEYCUC,0.8866
"O(CCC1=NN=N[N]1)CCC1=NN=N[N]1.[Zn]&&nbo-a,UNKNOWN.cat0;YEZFIU",0.9
[C]OC1=C(C2=C([C]=[C]1)C(=[C][C]=[C]2)C(=O)[O-])C1=C(O[C])[C]=[C]C2=C1[C]=[C][C]=C2C(=O)[O-].[C]OC1=C(C2=C([C]=[C]1)C(=[C][C]=[C]2)C(=O)[O-])C1=C(O[C])[C]=[C]c2c1cccc2C(=O)[O-].[C]OC1=C(C2=[C][C]=[C]C(=C2[C]=[C]1)C(=O)[O-])C1=C(O[C])[C]=[C]C2=C1[C]=[C][C]=C2C(=O)[O-].[C]OC1=C(C2=[C][C]=[C]C(=C2[C]=[C]1)C(=O)[O-])C1=C(O[C])[C]=[C]c2c1cccc2C(=O)[O-].[C]OC1=[C][C]=C2C(=C1C1=C(O[C])[C]=[C]C3=C([C]=[C][C]=C13)C(=O)[O-])[C]=[C][C]=C2C(=O)[O-].[C]OC1=[C][C]=C2C(=C1C1=C(O[C])[C]=[C]C3=C1[C]=[C][C]=C3C(=O)[O-])[C]=[C][C]=C2C(=O)[O-].[O][Cu][Cu].[O][Cu][Cu][O]&&sql.cat3;YIKTET,0.8712
"[CH]=C[C]C=[C]OCC(=O)[N]N=CC1=CC([CH]C=C1[O])[C]C1[CH]C=C(C(=C1)C=N[N]C(=O)CO[C]=C[C]C=[CH])[O].[Cu]&&cpk,hca.cat0;YIKVIZ",0.8348
[O-]C(=O)c1cccc(c1)C(=O)[O-].[O-]C(=O)c1ccncc1.[O][Cr][O]([Cr][O])[Cr][O].[Zn][Zn]&&lon-e.cat0;YILBIG,0.8841
[Mn].[O-]C(=O)c1cc(cc(c1)Oc1ccc(cc1)C(=O)[O-])Oc1ccc(cc1)C(=O)[O-].[OH2][Mn]&&UNKNOWN.cat0;YINCEF,0.8048
[Mn].[O-]C(=O)c1cc(cc(c1)Oc1ccc(cc1)C(=O)[O-])Oc1ccc(cc1)C(=O)[O-].[OH2][Mn]&&UNKNOWN.cat0;YINCIJ,0.8059
[Mn].[O-]C(=O)c1cc(cc(c1)Oc1ccc(cc1)C(=O)[O-])Oc1ccc(cc1)C(=O)[O-].[OH2][Mn]&&UNKNOWN.cat0;YINCOP,0.799
O=C(c1ccncc1)NCCCCCNC(=O)c1ccncc1.[Cu]&&UNKNOWN.cat1;YINPUI,0.8681
[Ni].[O-]C(=O)C(=O)[O-].[O-]C(=O)c1cc(nc(c1)c1ccncc1)c1ccncc1&&UNKNOWN.cat1;YINSIZ,0.8848
[Ni].[O-]C(=O)C(=O)[O-].[O-]C(=O)c1cc(nc(c1)c1ccncc1)c1ccncc1&&UNKNOWN.cat1;YINSIZ01,0.8859
[Ni].[O-]C(=O)C(=O)[O-].[O-]C(=O)c1cc(nc(c1)c1ccncc1)c1ccncc1&&UNKNOWN.cat1;YINSUL,0.8883
[Ni].[O-]C(=O)C(=O)[O-].[O-]C(=O)c1cc(nc(c1)c1ccncc1)c1ccncc1&&UNKNOWN.cat1;YINSUL01,0.8886
O.[Cu].[O].[V].n1ccc(cc1)c1ccncc1&&ERROR.cat0;YIVNIC,0.7953
[Cd].[O-]C(=O)c1ccc(cc1)c1ccc(cc1)C(=O)[O-].n1ccc(cc1)C=Cc1ccncc1&&pcu.cat1;YIWBEN,0.8361
[Cu][Cu].c1ccc(cn1)C1=NC(=[N]=C([N]1)c1cccnc1)c1cccnc1&&srs.cat1;YIWSEE,0.887
[Cd].[O-]C(=O)c1ccc(cc1)N1[N]C=N[CH]1.[OH]&&ERROR.cat0;YIXYUB,0.8982
[Cd].[O-]C(=O)c1ccc(cc1)n1ncnc1.[OH]&&ERROR.cat0;YIXZAI,0.9006
Cc1cc2[CH]N3O[B]4(ON5[Zn]6783[O]3c2c(c1)[CH]N1[Zn]29%103[O]7c3c([CH]5)cc(cc3[CH]N%10O[B](O1)(ON9[CH]c1c([O]82)c([CH]N6O4)cc(c1)C)c1ccncc1)C)c1ccncc1.[Zn]&&sql.cat1;YIYQUU,0.8818
[C]=O.[O].[O].[Cr].[Na].[O-][C]=O&&hcb.cat1;YIZWUZ,0.8953
[Ni].[O-]C(=O)c1cc(c2ccc(cc2)C(=O)[O-])c(cc1C(=O)[O-])c1ccc(cc1)C(=O)[O-].[OH2][Ni][OH2].[Zn]&&rtl.cat0;YOBYAR,0.8895
OC(C(c1ccncc1)(O)O)(c1ccncc1)O.[Fe]&&sql.cat1;YOBZAR,0.8586
[O-]C(=O)c1cc(c2ccc(cc2)C(=O)[O-])c(cc1C(=O)[O-])c1ccc(cc1)C(=O)[O-].[OH2][Zn][OH2].[Zn]&&rtl.cat0;YOCDUR,0.8976
N1=NN=C([N]1)C1=C(N=N[N]1)C1=N[N]N=N1.N1=NN=C([N]1)C1=C([N]N=N1)C1=N[N]N=N1.N1=NN=C([N]1)C1=NN=N[C]1C1=NN=N[N]1.[N]1N=C(C(=N1)C1=NN=N[N]1)C1=NN=N[N]1.[Zn]&&ERROR.cat0;YODJEI,0.8952
[Co].[Co]O[Co].[O-]C(=O)c1ccncc1.[O][Co]O[Co]&&UNKNOWN.cat0;YODRAM,0.8674
"[O-]C(=O)c1cc(C#Cc2cccc(c2)C#Cc2cc(cc(c2)C(=O)[O-])C(=O)[O-])cc(c1)C(=O)[O-].[O][Zn].[O][Zn][Zn][O]&&ERROR,zjz.cat0;YODWOF",0.9007
"O=C(c1cccc(c1)C(=O)Nc1cc(cc(c1)C(=O)[O-])C(=O)[O-])Nc1cc(cc(c1)C(=O)[O-])C(=O)[O-].[O][Zn].[O][Zn][Zn][O]&&ERROR,zjz.cat0;YODWUL",0.9011
[O-]C(=O)CCCC(=O)[O-].[OH2][Cd].n1ccc(cc1)CN1CCN(CC1)Cc1ccncc1&&sql.cat1;YOFRIV,0.8193
[O-]C(=O)c1cc(cc(c1)C(=O)[O-])c1c2ccccc2c(c2c1cccc2)c1cc(cc(c1)C(=O)[O-])C(=O)[O-].[O][Zn][Zn][O]&&UNKNOWN.cat0;YOGKOW,0.8994
Cc1sc(cc1C1=C(c2cc(sc2C)c2ccncc2)C(C(C1(F)F)(F)F)(F)F)c1ccncc1.[O-]C(=O)c1ccc(cc1)c1ccc(cc1)C(=O)[O-].[Zn]&&dia.cat0;YOLKOB,0.8972
Cc1sc(cc1C1=C(c2cc(sc2C)c2ccncc2)C(C(C1(F)F)(F)F)(F)F)c1ccncc1.[O-]C(=O)c1ccc(cc1)c1ccc(cc1)C(=O)[O-].[Zn]&&dia.cat0;YOLKUH,0.8942
C(CP(c1ccccc1)c1ccccc1)CCP(c1ccccc1)c1ccccc1.[Ag]S[Ag]S[Ag]&&hcb.cat0;YOMZIL,0.8653
C(CCP(c1ccccc1)c1ccccc1)CCCP(c1ccccc1)c1ccccc1.[Ag]S[Ag]S[Ag]&&UNKNOWN.cat0;YOMZUX,0.8241
[O-]C(=O)c1ccc(cc1)OCC(COc1ccc(cc1)C(=O)[O-])(COc1ccc(cc1)C(=O)[O-])COc1ccc(cc1)C(=O)[O-].[Zn][Zn].n1ccc(cc1)c1ccncc1&&cdq.cat1;YONNUL,0.8411
C[S]=O.O=C1C(=O)C(=O)C1=O.O=S.[OH2][Zn][OH2]&&ERROR.cat3;YONXEE,0.9041
[O-]C(=O)c1cc(OCc2cccc3c2cccc3)cc(c1)C(=O)[O-].[O-]C(=O)c1cc(OCc2ccccc2)cc(c1)C(=O)[O-].[Zn].n1ccc(cc1)c1ccc(cc1)c1ccncc1&&ERROR.cat0;YORGIX,0.8487
[O-]C(=O)c1cc(OCc2ccc3c4c2ccc2c4[C]([CH][CH]3)[CH]C=C2)cc(c1)C(=O)[O-].[O-]C(=O)c1cc(OCc2ccccc2)cc(c1)C(=O)[O-].[Zn].n1ccc(cc1)C1=CC=C([C]=C1)c1ccncc1.n1ccc(cc1)C1=C[C]=C(C=C1)c1ccncc1.n1ccc(cc1)c1ccc(cc1)c1ccncc1&&ERROR.cat0;YORGOD,0.8667
C[C](C(=O)[O-])C.C[C]1C(=NC(N1[O])(C)C)[CH]C(=O)C(F)(F)F.C[C]1N=C([C]N1[O])C=C(C(F)(F)F)[O].[K].[Ni].[O-]C(=O)C(C)(C)C.[O-]C(=O)[C]C.[O]N1C(C)(C)N=C(C1(C)C)[CH]C(=O)C(F)(F)F.[O]N1C(C)(C)[N]C(=CC(=O)C(F)(F)F)C1(C)C&&sql.cat0;YORPOM,0.8092
O=S(=O)=O.[O-]C(=O)c1ccc(cc1)c1cc(cc(c1)c1ccc(cc1)C(=O)[O-])c1ccc(cc1)C(=O)[O-].[O-]C=O.[O].[O].[CH].[CH].[Zn]&&UNKNOWN.cat0;YOTHEW,0.8915
[Fe][O]([Fe])[Fe].n1ccc(cc1)c1ccncc1&&etc.cat1;YOTREG,0.9041
[Al].[O-]C(=O)C1=[C]C(=NC(=[C]1)C(=O)[O-])C(=O)[O-].[O].[O][Al]1O[Al](O1)[O]&&ERROR.cat0;YOTXOW,0.8734
[Ag][Ag].[C]#N.[Zn]&&ERROR.cat1;YOVBIW,0.8853
[O-]C(=O)c1cc(cc(c1)C(=O)[O-])c1cc(cc(c1)c1cc(cc(c1)C(=O)[O-])C(=O)[O-])c1cc(cc(c1)c1cc(cc(c1)c1cc(cc(c1)C(=O)[O-])C(=O)[O-])c1cc(cc(c1)C(=O)[O-])C(=O)[O-])c1cc(cc(c1)c1cc(cc(c1)C(=O)[O-])C(=O)[O-])c1cc(cc(c1)C(=O)[O-])C(=O)[O-].[Zn]&&UNKNOWN.cat0;YOVCAP,0.87
[Zn].n1ccc(cc1)c1ccncc1&&hms.cat1;YOYBUL,0.8649
[C]C=C(n1cnc2c1cccc2)C=C(n1cnc2c1cccc2)C=[C]C(=O)[O-].[C]C=C(n1cnc2c1cccc2)[CH]C(=C[C]C(=O)[O-])n1cnc2c1cccc2.[C][CH]C(=CC(=C[C]C(=O)[O-])n1cnc2c1cccc2)n1cnc2c1cccc2.[Ni]&&gfy.cat0;YOYNOR,0.1248
[Ni].[O-]C(=O)c1cc(cc(c1)n1cnc2c1cccc2)n1cnc2c1cccc2&&gfy.cat0;YOYNUX,0.8863
[Ni].[O-]C(=O)c1cc(cc(c1)n1cnc2c1cccc2)n1cnc2c1cccc2&&gfy.cat0;YOYPAF,0.7707
[Ni].[O-]C(=O)c1cc(cc(c1)n1cnc2c1cccc2)n1cnc2c1cccc2&&gfy.cat0;YOYPEJ,0.7483
[Co].[O-]C(=O)c1cc(cc(c1)n1cnc2c1cccc2)n1cnc2c1cccc2&&gfy.cat0;YOYPIN,0.8902
[Co].[O-]C(=O)c1cc(cc(c1)n1cnc2c1cccc2)n1cnc2c1cccc2&&gfy.cat0;YOYPOT,0.7916
[Co].[O-]C(=O)c1cc(cc(c1)n1cnc2c1cccc2)n1cnc2c1cccc2&&gfy.cat0;YOYPUZ,0.7415
[Co].[O-]C(=O)c1cc(cc(c1)n1cnc2c1cccc2)n1cnc2c1cccc2&&gfy.cat0;YOYQAG,0.7238
[Mn].[O-]C(=O)c1cc(cc(c1)n1cnc2c1cccc2)n1cnc2c1cccc2&&gfy.cat0;YOYQIO,0.7224
[Mn].[O-]C(=O)c1cc(cc(c1)n1cnc2c1cccc2)n1cnc2c1cccc2&&gfy.cat0;YOYQUA,0.8871
[Mn].[O-]C(=O)c1cc(cc(c1)n1cnc2c1cccc2)n1cnc2c1cccc2&&gfy.cat0;YOYRAH,0.7607
[Mn].[O-]C(=O)c1cc(cc(c1)n1cnc2c1cccc2)n1cnc2c1cccc2&&gfy.cat0;YOYREL,0.7877
[Au].[C]#N.[Fe].n1ccc(cc1)C1=NC(=[N]=C([N]1)c1ccncc1)c1ccncc1&&ERROR.cat0;YOYVOZ01,0.5179
N1=C[N]N([CH]1)[BH](n1ncnc1)n1ncnc1.[Co].[Cu][Cu].[O-]C(=O)C1CCC(C1(C)C)(C)C(=O)[O-].[O-]C(=O)C1C[C]C(C1([C])[C])([C])C(=O)[O-].[O-]C(=O)[C]1[C][C]C(C1([C])[C])([C])C(=O)[O-].n1cnn(c1)[BH](n1ncnc1)n1ncnc1&&UNKNOWN.cat0;YOYZAP,0.8895
[Co].[Cu][Cu].[O-]C(=O)C(C(C(C(=O)[O-])([C])[C])(C)[C])[C].[O-]C(=O)C(C(C(C(=O)[O-])([C])[C])([C])C)[C].[O-]C(=O)C1CCC(C1(C)C)(C)C(=O)[O-].[O-]C(=O)[C]1CCC(C1([C])[C])(C)C(=O)[O-].n1cnn(c1)[BH](n1ncnc1)n1ncnc1&&UNKNOWN.cat0;YOYZET,0.8816
ClC1=C(Cl)[N]C=N1.O=N(=O)C1=NC=C[N]1.[Zn]&&ERROR.cat0;YOZBUL,0.8902
ClC1=C(Cl)[N]C=N1.ClC1=NC=N[C]1Cl.O=N(=O)C1=NC=C[N]1.O=N(=O)C1=N[CH]C=N1.[Zn]&&gme.cat0;YOZBUL01,0.894
[O-]C(=O)c1cc(cc(c1)C(=O)[O-])C(=O)[O-].[OH2][Cu][Cu][OH2]&&tbo.cat0;YOZNAE,0.8242
[O-]C(=O)c1ccc2-c3c(S(=O)(=O)c2c1)cc(cc3)C(=O)[O-].[Zn][O]([Zn]([O]([Zn])[Zn])[O]([Zn])[Zn])[Zn].[Zn][O]12([Zn])[Zn]3[O]4([Zn]1[O]3([Zn]24)([Zn])[Zn])([Zn])[Zn]&&ERROR.cat0;YOZQAG,0.8967
[O-]C(=O)c1ccc2-c3c(S(=O)(=O)c2c1)cc(cc3)C(=O)[O-].[O][Zn][O]([Zn][O]([Zn][O])([Zn])[Zn])[Zn]&&ERROR.cat0;YOZQEK,0.8996
O=C(c1ccccc1OCCOc1ccccc1c1ccccc1OCCOc1ccccc1C(=O)NCc1ccccc1)NCc1ccccc1.[Nd]&&hcb.cat1;YUBBUT,0.3566
[Co].[O-]C(=O)c1ccc(cc1)c1ccc(cc1)C(=O)[O-].n1cc(cc(c1)c1nnc([nH]1)c1ccncc1)c1nnc([nH]1)c1ccncc1&&pcu.cat0;YUBQET,0.8467
[Co].[O-]C(=O)c1ccc(cc1)C(=O)[O-].n1ccc(cc1)[C]1[N][N][C](N1)c1cncc(c1)[C]1[N][N][C](N1)c1ccncc1&&ERROR.cat0;YUBTIA,0.9012
[O-]C=O.[OH2][Fe].n1ccc(cc1)c1ccncc1&&cds.cat0;YUCZOM,0.8802
[Gd].[O-]C(=O)c1cc(N(=O)=O)c(c(c1)N(=O)=O)c1c(cc(cc1N(=O)=O)C(=O)[O-])N(=O)=O&&pcu.cat0;YUDFEK,0.6919
[O-]C(=O)c1cc(N(=O)=O)c(c(c1)N(=O)=O)c1c(cc(cc1N(=O)=O)C(=O)[O-])N(=O)=O.[O][Gd]([O])[O]&&pcu.cat0;YUDFIO,0.6612
[O-]C(=O)c1cc(N(=O)=O)c(c(c1)N(=O)=O)c1c(cc(cc1N(=O)=O)C(=O)[O-])N(=O)=O.[O][Gd]([O])[O]&&pcu.cat0;YUDFOU,0.755
[Mn].[O-]C(=O)C(=O)[O-].[O-]C(=O)c1ccc(cc1)CN1[CH]C=C(C=C1)C1=C[CH]N(C=C1)Cc1ccc(cc1)C(=O)[O-]&&ERROR.cat0;YUKKAR,0.8823
C[C](c1nc2c(n1Cc1cccnc1)cccc2)[N][N][C](c1nc2c(n1Cc1cccnc1)cccc2)C.[O][Cd]&&ERROR.cat1;YUNLID,0.7536
[O-][n+]1cccc(c1)c1ccc[n+](c1)[O-].[O]N1C=CC=C([CH]1)c1ccc[n+](c1)[O-].[Yb]&&sql.cat0;YUNXIQ,0.8401
[O-]C(=O)c1cccc(c1)C(=O)[O-].[Zn].n1ccc(cc1)C1=CNc2ccccc2N=CC(=CNc2c(N=C1)cccc2)c1ccncc1&&UNKNOWN.cat1;YUPFEW,0.8849
[NH3]c1cc(cc(c1)C(=O)[O-])C(=O)[O-].[O-]C(=O)C1=C[C]=CC(=C1)C(=O)[O-].[Pr]&&ttp.cat0;YUPSIM,0.8961
[Ce].[O-]C(=O)c1ccc2-c3c(S(=O)(=O)c2c1)cc(cc3)C(=O)[O-]&&ERROR.cat0;YURJUR,0.8972
[Dy].[O-]C(=O)c1ccc2-c3c(S(=O)(=O)c2c1)cc(cc3)C(=O)[O-].[O][Dy]&&pcu.cat0;YURKAY,0.6632
[La].[O-]C(=O)c1ccc2-c3c(S(=O)(=O)c2c1)cc(cc3)C(=O)[O-]&&UNKNOWN.cat0;YURKEC,0.7489
Nc1ncnc2=[N]=CN=c12.[Co][Co]&&lvt.cat0;YUVSUE,0.6262
[Co].[O-]C(=O)C&&UNKNOWN.cat1;YUWKUX,0.8159
Cc1onc(c1Cc1ccc(cc1)Cc1c(C)noc1C)C.[Ag][Ag][Ag][Ag]&&ERROR.cat0;YUXGUU,0.761
O=C(c1ccncc1)[CH]C(=O)c1ccncc1.[Ag].[Al].[O][C](c1ccncc1)C=C(c1ccncc1)[O]&&ERROR.cat2;YUXLEJ,0.8875
[Ag].[Ga].[O]C(=CC(=O)c1ccncc1)c1ccncc1.[O][C](c1ccncc1)C=C(c1ccncc1)[O]&&UNKNOWN.cat2;YUXLIN,0.8868
[O-]C(=O)c1ccc(cc1)C#Cc1cc(C#Cc2ccc(cc2)C(=O)[O-])cc(c1)C#Cc1ccc(cc1)C(=O)[O-].[Zn]&&ERROR.cat0;ZARLEL,0.8999
[O-]C(=O)c1ccc(cc1)C#Cc1cc(C#Cc2ccc(cc2)C(=O)[O-])cc(c1)C#Cc1ccc(cc1)C(=O)[O-].[Zn][O]([Zn][O]([Zn])[Zn])[Zn]&&wys.cat1;ZARLIP,0.8905
[N]1C=CN=N1.[O-]C(=O)c1cc(cc(c1)C(=O)[O-])C(=O)[O-].[Zn]&&UNKNOWN.cat0;ZARMAI,0.891
[Cd].[O-]C(=O)c1ccc(cc1)c1cc(cc(n1)c1ccc(cc1)C(=O)[O-])c1ccncc1&&UNKNOWN.cat0;ZASJAG,0.8989
[Ag].[O-]C(=O)c1cnccc1C(=O)[O-].[Tb]&&UNKNOWN.cat0;ZAWVAW,0.5375
[Ag].[O-]C(=O)c1cnccc1C(=O)[O-].[Sm]&&UNKNOWN.cat0;ZAWVEA,0.5748
[Cu].[O-]C(=O)c1ccc(cc1)C(=O)[O-].[OH2][Cu][OH2]&&ERROR.cat0;ZAZBUZ,0.8826
[C]P(=O)([O])[C].[Zn]&&UNKNOWN.cat3;ZBPPHN01,0.9006
[Cu]O[Cu].[O-]C(=O)C1=C(C)[N]N=C1C&&UNKNOWN.cat0;ZECKID,0.8981
[Cu].[O-]C(=O)C1=C(C)N=N[C]1C&&dia-f.cat0;ZECKOJ,0.9064
[O-]C(=O)[C]1C2C3C42C1C4[C]3C(=O)[O-].[O-]C(=O)c1ccc(cc1)C(=O)[O-].[O][Sm]&&ERROR.cat1;ZEDVUB,0.7769
[Cu].[N]1N=NC(=N1)c1ccc(cc1)N(c1ccc(cc1)C1=NN=N[N]1)c1ccc(cc1)C1=NN=N[N]1&&bex.cat0;ZEDYAK,0.8476
N1=NN=C([N]1)c1ccc(cc1)N(c1ccc(cc1)C1=NN=N[N]1)c1ccc(cc1)C1=NN=N[N]1.[C]S(=O)[C].[Cu].[N]1N=NC(=N1)c1ccc(cc1)N(c1ccc(cc1)C1=NN=N[N]1)c1ccc(cc1)C1=NN=N[N]1.[N]1N=NC(=N1)c1ccc(cc1)N(c1ccc(cc1)C1=NN=N[N]1)c1ccc(cc1)C1=N[N]N=N1&&UNKNOWN.cat1;ZEDYEO,0.8721
N1=NN=C([N]1)c1ccc(cc1)N(c1ccc(cc1)C1=NN=N[N]1)c1ccc(cc1)C1=NN=N[N]1.[C][O].[Cu]&&sdb.cat1;ZEDYIS,0.852
N1=NN=C([N]1)c1ccc(cc1)N(c1ccc(cc1)C1=NN=N[N]1)c1ccc(cc1)C1=NN=N[N]1.[Cu].[N]1N=NC(=N1)c1ccc(cc1)N(c1ccc(cc1)C1=NN=N[N]1)c1ccc(cc1)C1=N[N]N=N1&&bex.cat0;ZEDYOY,0.8536
[O-]C(=O)C1=[C]C(=C([C]=[C]1)C(=O)[O-])[N].[O][C](C1=[C][C]=C([C]=[C]1)C1=[C][C]=C([C]=[C]1)C1=[C]C(=[C]C(=[C]1)C1=[C][C]=C([C]=[C]1)C1=[C][C]=C([C]=[C]1)C(=O)[O-])C1=[C][C]=C([C]=[C]1)C1=[C][C]=C([C]=[C]1)C(=O)[O-])[O].[Zn]&&ERROR.cat2;ZEFYIU,0.8915
CC(c1ccc(cc1)N)(c1ccc(cc1)C(c1ccc(cc1)N)(C)C)C.[Ag]&&ERROR.cat0;ZEPWUO,0.8867
NCc1cccc(c1)CN.[Ni]&&sql.cat3;ZEQDUW,0.8622
C1=CC(=N[CH]1)[C](C1=C[CH]C=N1)c1ccc(cc1)n1ccnc1.C1=CN=C([CH]1)[C](C1=C[CH]C=N1)c1ccc(cc1)n1ccnc1.C1=CN=C([CH]1)[C](c1ccc(cc1)n1cncc1)C1=NC=C[CH]1.[CH]1C=NC(=C1)[C](c1ccc(cc1)n1cncc1)C1=CC=C[N]1.[Cd]&&cds.cat0;ZESTIC,0.8169
C1=CN=C([CH]1)[C](c1ccc(cc1)n1cncc1)C1=CC=C[N]1.[CH]1C=CC(=N1)[C](c1ccc(cc1)n1cncc1)C1=NC=C[CH]1.[Cd]&&cds.cat0;ZESTIC01,0.8248
[O-]C(=O)c1ccc(cc1)Oc1ccc(cc1)C(=O)[O-].[Zn].n1ccc(cc1)C=Cc1ccc(cc1)C=Cc1ccncc1&&pcu.cat0;ZETLER,0.8939
[C][C]=CC=[C][C]([C]1C(=[C])[C]1[C](c1ccc(cc1)C#N)c1ccc(cc1)C#N)c1ccc(cc1)[C][N].[Cu].[N][C]c1ccc(cc1)[C](C1=C([C]1[C](c1ccc(cc1)C#N)c1ccc(cc1)C#N)[C](c1ccc(cc1)C#N)c1ccc(cc1)C#N)c1ccc(cc1)C#N&&ERROR.cat0;ZEVWUU,0.8946
N#CC(=CC=[C][C]=C1C(=C(c2ccc(cc2)C#N)c2ccc(cc2)C#N)[C]1[C](c1ccc(cc1)C#N)c1ccc(cc1)C#N)[C].N#Cc1ccc(cc1)C(=C1C(=C(c2ccc(cc2)C#N)c2ccc(cc2)C#N)C1=C(c1ccc(cc1)C#N)c1ccc(cc1)C#N)c1ccc(cc1)C#N.N#Cc1ccc(cc1)[C](C1=C(C1=C(c1ccc(cc1)C#N)c1ccc(cc1)C#N)[C](c1ccc(cc1)C#N)c1ccc(cc1)C#N)c1ccc(cc1)C#N.[Cu]&&UNKNOWN.cat0;ZEVXAB,0.8065
N#Cc1ccc(cc1)[C](C1=C(C1=C(c1ccc(cc1)C#N)c1ccc(cc1)C#N)[C](c1ccc(cc1)C#N)c1ccc(cc1)C#N)c1ccc(cc1)C#N.[Ag].[Ag][Ag][Ag]&&UNKNOWN.cat0;ZEVXEF,0.8864
[O-]C(=O)c1ccc(cc1)C(=O)[O-].[Zn]&&hcb.cat1;ZEYCOX,0.8944
Cn1ccnc1c1cccc(c1)C(c1nccn1C)(c1nccn1C)[O].[Zn]1O[Zn]O1&&UNKNOWN.cat1;ZIFBAR,0.7792
[Cr][Cr].[O-]C(=O)c1cc(cc(c1)C(=O)[O-])C(=O)[O-]&&tbo.cat0;ZIGFEC,0.8535
[O-]C(=O)c1cc(cc(c1)C(=O)[O-])C(=O)[O-].[O][Cr][Cr][O]&&tbo.cat0;ZIGFIG,0.8808
"[O-]C(=O)c1ccc(cc1)c1cc(cc(c1)c1ccc(cc1)C(=O)[O-])c1cc(cc(c1)c1cc(cc(c1)c1ccc(cc1)C(=O)[O-])c1ccc(cc1)C(=O)[O-])c1cc(cc(c1)c1ccc(cc1)C(=O)[O-])c1ccc(cc1)C(=O)[O-].[O][Tb]&&soc,hey.cat0;ZIJSAO",0.9009
[Co].[O-]C(=O)c1ccc(cc1)c1ccncc1&&dia.cat1;ZILBIH,0.8995
[Cu][Cu].[O-]C(=O)c1ccc(cc1)c1cc(cc(c1)C(=O)[O-])C(=O)[O-].[O-]C(=O)c1ccc(cc1)c1ccncc1.[O][Cu][Cu][O]&&UNKNOWN.cat0;ZILFOR,0.8956
S=c1oc(nn1CCc1ccncc1)c1ccncc1.[Cu]&&UNKNOWN.cat1;ZINVOJ,0.8886
[Rh][Rh].n1ccc(cc1)CCc1ccncc1&&ERROR.cat1;ZIPMUI,0.887
[Ag].[Nd].[O-]C(=O)c1cnccc1C(=O)[O-]&&UNKNOWN.cat0;ZIQCOT,0.5091
COc1c(cc2c(c1c1c(OC)c(cc3c1cccc3)C(=O)[O-])cccc2)C(=O)[O-].[Cu]&&ERROR.cat3;ZIRKAO,0.8831
[Mn][OH2][Mn].[O-]C(=O)c1ccc(cc1)Oc1ccc(cc1)C(=O)[O-].c1ccc(cn1)COc1ccc(cc1)OCc1cccnc1&&UNKNOWN.cat1;ZIRLET,0.736
[Cu].n1ccc(cc1)C1=N[N]N=N1&&sql.cat0;ZIVDIT,0.8643
[Cu].n1ccc(cc1)C1=NN=N[N]1.n1ccc(cc1)C1=N[N]N=N1&&sql.cat0;ZIVDIT01,0.8701
[Cu].n1ccc(cc1)C1=NN=N[N]1.n1ccc(cc1)C1=N[N]N=N1&&sql.cat1;ZIVFIV,0.8708
[Ag]1[Ag]2[Ag]1[Ag]2.n1ccc(cc1)C1=CN=N[CH]1.n1ccc(cc1)C1=C[N]N=C1&&ERROR.cat0;ZIWMEZ,0.7716
"CCc1c(c2cc(cc(c2)c2ccc(cc2)C(=O)[O-])c2ccc(cc2)C(=O)[O-])c(CC)c(c(c1c1cc(cc(c1)c1ccc(cc1)C(=O)[O-])c1ccc(cc1)C(=O)[O-])CC)c1cc(cc(c1)c1ccc(cc1)C(=O)[O-])c1ccc(cc1)C(=O)[O-].[Zn]12[O]3456[Zn]7[O]89%101[Zn]3[O]27([Zn]48)([Zn]59)[Zn]6%10.[Zn][O]([Zn])([Zn])[Zn]&&pcu,zxc.cat1;ZODPUF",0.8958
"[Mn].[O-]C(=O)c1cc(cc(c1)c1nnn(c1)c1cc(cc(c1)C(=O)[O-])C(=O)[O-])C(=O)[O-]&&pts,tfi.cat0;ZOFZIF",0.896
[In].[O-]C(=O)c1ccc(cn1)C(=O)[O-]&&kgm.cat2;ZOGBEE,0.6357
[O-]C(=O)CCC(=O)[O-].[O-]C(=O)c1cncc(c1)C(=O)[O-].[OH2][Yb][OH2]&&ERROR.cat0;ZOHCAC,0.8412
[O-]C(=O)c1cc(cc(c1)C(=O)[O-])C(=O)[O-].[O][Fe][Fe][O]&&tbo.cat0;ZOHFUZ,0.8647
N(Cc1ccncc1)CCNCc1ccncc1.[Mo].[O].[Zn]&&ERROR.cat1;ZOMNIA,0.8757
N(Cc1ccncc1)CCNCc1ccncc1.[O]S(=O)(=O)[O].[Zn]&&sql.cat1;ZOMNOG,0.8446
[O]P(=O)([O])[O].[O][Cd][O].[O][Mo]123O[Mo]43([O]2[Cd]235([O]6[Mo]7(O1)([O])O[Mo]67([O])O[Mo]16([O]2[Mo]1(O4)([O])O6)[O])[O]1[Mo]24([Mo]1(O4)([O])O[Mo]14([O]3[Mo]1(O4)([O])O[Mo]13([O]5[Mo]1(O2)(O3)[O])[O])[O])[O])[O]&&ERROR.cat0;ZOMSUR,0.8914
[Cd].[O-]C(=O)c1ccc(cc1)n1cnnc1c1ccccn1&&dia.cat1;ZOTTIN,0.2966
[Co].[O-]C(=O)c1ccc(cc1)c1cc(nc(c1)c1ccncc1)c1ccncc1&&sql.cat1;ZOVQOS,0.8992
[Mn].[O-]C(=O)c1ccc(cc1)S(=O)(=O)c1ccc(cc1)C(=O)O.[O-]C(=O)c1ccc(cc1)S(=O)(=O)c1ccc(cc1)C(=O)[O-].[O][Mn]&&ERROR.cat0;ZOZKEG,0.5808
NC1=[N]=C(N=N1)N.[Cu].[O-]C(=O)C(=O)[O-].[O-]C(=O)C1=NN=C([N]1)N&&ERROR.cat0;ZOZZAR,0.841
[Cu][Cu].[O-]C(=O)c1ccc(cc1)C(=O)[O-]&&ERROR.cat0;ZUBKEO,0.8832
[O-]C(=O)c1ccc(cc1)N1C=CN([CH]1)CN1C=CN([CH]1)c1ccc(cc1)C(=O)[O-].[Zn]&&sql.cat1;ZUBQOE,0.8972
[O-]C(=O)c1ccc(cc1)N1C=CN([CH]1)CN1C=CN([CH]1)c1ccc(cc1)C(=O)[O-].[Zn]&&sql.cat1;ZUBRAR,0.895
[O-]C(=O)c1ccc(cc1)N1C=CN([CH]1)CN1C=CN([CH]1)c1ccc(cc1)C(=O)[O-].[Zn]&&sql.cat1;ZUBREV,0.8949
[O-]C(=O)c1ccc(cc1)c1cc(C)c(cc1C)c1ccc(cc1)C(=O)[O-].[Zn][Zn].n1ccc(cc1)c1ccc(cc1)c1ccncc1&&pcu.cat2;ZUJKAS,0.7652
[Cu].c1ccn([n-]1)c1nc2ccccc2nc1n1[n-]ccc1&&UNKNOWN.cat0;ZUKSUV,0.5095
"N#C[C](c1ccc(cc1)[C](C#N)C#N)C#N.[Fe]&&sql,bex.cat0;ZUQCEV",0.9019
NC1=[N]=C(N)N=C([N]1)c1ccc(cc1)C(=O)[O-].[Cu][Cu]&&sql.cat1;ZUVXOF,0.8932
